[{"model": "admin.logentry", "pk": 1, "fields": {"action_time": "2023-09-16T08:21:14.433Z", "user": 1, "content_type": 18, "object_id": "1", "object_repr": "A", "action_flag": 1, "change_message": "[{\"added\": {}}]"}}, {"model": "admin.logentry", "pk": 2, "fields": {"action_time": "2023-09-16T08:21:19.473Z", "user": 1, "content_type": 18, "object_id": "2", "object_repr": "B", "action_flag": 1, "change_message": "[{\"added\": {}}]"}}, {"model": "admin.logentry", "pk": 3, "fields": {"action_time": "2023-09-16T08:21:25.209Z", "user": 1, "content_type": 18, "object_id": "3", "object_repr": "C", "action_flag": 1, "change_message": "[{\"added\": {}}]"}}, {"model": "admin.logentry", "pk": 4, "fields": {"action_time": "2023-09-16T10:15:27.394Z", "user": 1, "content_type": 14, "object_id": "72", "object_repr": "product_qr object (72)", "action_flag": 3, "change_message": ""}}, {"model": "admin.logentry", "pk": 5, "fields": {"action_time": "2023-09-16T10:15:27.606Z", "user": 1, "content_type": 14, "object_id": "71", "object_repr": "product_qr object (71)", "action_flag": 3, "change_message": ""}}, {"model": "admin.logentry", "pk": 6, "fields": {"action_time": "2023-09-16T10:15:27.828Z", "user": 1, "content_type": 14, "object_id": "70", "object_repr": "product_qr object (70)", "action_flag": 3, "change_message": ""}}, {"model": "admin.logentry", "pk": 7, "fields": {"action_time": "2023-09-16T10:15:28.050Z", "user": 1, "content_type": 14, "object_id": "69", "object_repr": "product_qr object (69)", "action_flag": 3, "change_message": ""}}, {"model": "admin.logentry", "pk": 8, "fields": {"action_time": "2023-09-16T10:15:28.130Z", "user": 1, "content_type": 14, "object_id": "68", "object_repr": "product_qr object (68)", "action_flag": 3, "change_message": ""}}, {"model": "admin.logentry", "pk": 9, "fields": {"action_time": "2023-09-16T10:15:28.787Z", "user": 1, "content_type": 14, "object_id": "67", "object_repr": "product_qr object (67)", "action_flag": 3, "change_message": ""}}, {"model": "admin.logentry", "pk": 10, "fields": {"action_time": "2023-09-16T10:15:29.174Z", "user": 1, "content_type": 14, "object_id": "66", "object_repr": "product_qr object (66)", "action_flag": 3, "change_message": ""}}, {"model": "admin.logentry", "pk": 11, "fields": {"action_time": "2023-09-16T10:15:29.424Z", "user": 1, "content_type": 14, "object_id": "65", "object_repr": "product_qr object (65)", "action_flag": 3, "change_message": ""}}, {"model": "admin.logentry", "pk": 12, "fields": {"action_time": "2023-09-16T10:15:29.585Z", "user": 1, "content_type": 14, "object_id": "64", "object_repr": "product_qr object (64)", "action_flag": 3, "change_message": ""}}, {"model": "admin.logentry", "pk": 13, "fields": {"action_time": "2023-09-16T10:15:29.939Z", "user": 1, "content_type": 14, "object_id": "63", "object_repr": "product_qr object (63)", "action_flag": 3, "change_message": ""}}, {"model": "admin.logentry", "pk": 14, "fields": {"action_time": "2023-09-16T10:15:30.025Z", "user": 1, "content_type": 14, "object_id": "62", "object_repr": "product_qr object (62)", "action_flag": 3, "change_message": ""}}, {"model": "admin.logentry", "pk": 15, "fields": {"action_time": "2023-09-16T10:15:30.182Z", "user": 1, "content_type": 14, "object_id": "61", "object_repr": "product_qr object (61)", "action_flag": 3, "change_message": ""}}, {"model": "admin.logentry", "pk": 16, "fields": {"action_time": "2023-09-16T10:15:30.205Z", "user": 1, "content_type": 14, "object_id": "60", "object_repr": "product_qr object (60)", "action_flag": 3, "change_message": ""}}, {"model": "admin.logentry", "pk": 17, "fields": {"action_time": "2023-09-16T10:15:30.298Z", "user": 1, "content_type": 14, "object_id": "59", "object_repr": "product_qr object (59)", "action_flag": 3, "change_message": ""}}, {"model": "admin.logentry", "pk": 18, "fields": {"action_time": "2023-09-16T10:15:30.411Z", "user": 1, "content_type": 14, "object_id": "58", "object_repr": "product_qr object (58)", "action_flag": 3, "change_message": ""}}, {"model": "admin.logentry", "pk": 19, "fields": {"action_time": "2023-09-16T10:15:30.504Z", "user": 1, "content_type": 14, "object_id": "57", "object_repr": "product_qr object (57)", "action_flag": 3, "change_message": ""}}, {"model": "admin.logentry", "pk": 20, "fields": {"action_time": "2023-09-16T10:15:30.525Z", "user": 1, "content_type": 14, "object_id": "56", "object_repr": "product_qr object (56)", "action_flag": 3, "change_message": ""}}, {"model": "admin.logentry", "pk": 21, "fields": {"action_time": "2023-09-16T10:15:30.855Z", "user": 1, "content_type": 14, "object_id": "55", "object_repr": "product_qr object (55)", "action_flag": 3, "change_message": ""}}, {"model": "admin.logentry", "pk": 22, "fields": {"action_time": "2023-09-16T10:15:31.019Z", "user": 1, "content_type": 14, "object_id": "54", "object_repr": "product_qr object (54)", "action_flag": 3, "change_message": ""}}, {"model": "admin.logentry", "pk": 23, "fields": {"action_time": "2023-09-16T10:15:31.040Z", "user": 1, "content_type": 14, "object_id": "53", "object_repr": "product_qr object (53)", "action_flag": 3, "change_message": ""}}, {"model": "admin.logentry", "pk": 24, "fields": {"action_time": "2023-09-16T10:15:31.530Z", "user": 1, "content_type": 14, "object_id": "52", "object_repr": "product_qr object (52)", "action_flag": 3, "change_message": ""}}, {"model": "admin.logentry", "pk": 25, "fields": {"action_time": "2023-09-16T10:15:31.901Z", "user": 1, "content_type": 14, "object_id": "51", "object_repr": "product_qr object (51)", "action_flag": 3, "change_message": ""}}, {"model": "admin.logentry", "pk": 26, "fields": {"action_time": "2023-09-16T10:15:31.996Z", "user": 1, "content_type": 14, "object_id": "50", "object_repr": "product_qr object (50)", "action_flag": 3, "change_message": ""}}, {"model": "admin.logentry", "pk": 27, "fields": {"action_time": "2023-09-16T10:15:32.016Z", "user": 1, "content_type": 14, "object_id": "49", "object_repr": "product_qr object (49)", "action_flag": 3, "change_message": ""}}, {"model": "admin.logentry", "pk": 28, "fields": {"action_time": "2023-09-16T10:15:32.337Z", "user": 1, "content_type": 14, "object_id": "48", "object_repr": "product_qr object (48)", "action_flag": 3, "change_message": ""}}, {"model": "admin.logentry", "pk": 29, "fields": {"action_time": "2023-09-16T10:15:32.482Z", "user": 1, "content_type": 14, "object_id": "47", "object_repr": "product_qr object (47)", "action_flag": 3, "change_message": ""}}, {"model": "admin.logentry", "pk": 30, "fields": {"action_time": "2023-09-16T10:15:32.541Z", "user": 1, "content_type": 14, "object_id": "46", "object_repr": "product_qr object (46)", "action_flag": 3, "change_message": ""}}, {"model": "admin.logentry", "pk": 31, "fields": {"action_time": "2023-09-16T10:15:32.563Z", "user": 1, "content_type": 14, "object_id": "45", "object_repr": "product_qr object (45)", "action_flag": 3, "change_message": ""}}, {"model": "admin.logentry", "pk": 32, "fields": {"action_time": "2023-09-16T10:15:32.961Z", "user": 1, "content_type": 14, "object_id": "44", "object_repr": "product_qr object (44)", "action_flag": 3, "change_message": ""}}, {"model": "admin.logentry", "pk": 33, "fields": {"action_time": "2023-09-16T10:15:33.089Z", "user": 1, "content_type": 14, "object_id": "43", "object_repr": "product_qr object (43)", "action_flag": 3, "change_message": ""}}, {"model": "admin.logentry", "pk": 34, "fields": {"action_time": "2023-09-16T10:15:33.460Z", "user": 1, "content_type": 14, "object_id": "42", "object_repr": "product_qr object (42)", "action_flag": 3, "change_message": ""}}, {"model": "admin.logentry", "pk": 35, "fields": {"action_time": "2023-09-16T10:15:33.593Z", "user": 1, "content_type": 14, "object_id": "41", "object_repr": "product_qr object (41)", "action_flag": 3, "change_message": ""}}, {"model": "admin.logentry", "pk": 36, "fields": {"action_time": "2023-09-16T10:15:33.615Z", "user": 1, "content_type": 14, "object_id": "40", "object_repr": "product_qr object (40)", "action_flag": 3, "change_message": ""}}, {"model": "admin.logentry", "pk": 37, "fields": {"action_time": "2023-09-16T10:15:33.872Z", "user": 1, "content_type": 14, "object_id": "39", "object_repr": "product_qr object (39)", "action_flag": 3, "change_message": ""}}, {"model": "admin.logentry", "pk": 38, "fields": {"action_time": "2023-09-16T10:15:33.900Z", "user": 1, "content_type": 14, "object_id": "38", "object_repr": "product_qr object (38)", "action_flag": 3, "change_message": ""}}, {"model": "admin.logentry", "pk": 39, "fields": {"action_time": "2023-09-16T11:00:34.557Z", "user": 1, "content_type": 14, "object_id": "104", "object_repr": "product_qr object (104)", "action_flag": 3, "change_message": ""}}, {"model": "admin.logentry", "pk": 40, "fields": {"action_time": "2023-09-16T11:00:34.919Z", "user": 1, "content_type": 14, "object_id": "103", "object_repr": "product_qr object (103)", "action_flag": 3, "change_message": ""}}, {"model": "admin.logentry", "pk": 41, "fields": {"action_time": "2023-09-16T11:00:35.141Z", "user": 1, "content_type": 14, "object_id": "102", "object_repr": "product_qr object (102)", "action_flag": 3, "change_message": ""}}, {"model": "admin.logentry", "pk": 42, "fields": {"action_time": "2023-09-16T11:00:35.233Z", "user": 1, "content_type": 14, "object_id": "101", "object_repr": "product_qr object (101)", "action_flag": 3, "change_message": ""}}, {"model": "admin.logentry", "pk": 43, "fields": {"action_time": "2023-09-16T11:00:35.432Z", "user": 1, "content_type": 14, "object_id": "100", "object_repr": "product_qr object (100)", "action_flag": 3, "change_message": ""}}, {"model": "admin.logentry", "pk": 44, "fields": {"action_time": "2023-09-16T11:00:35.751Z", "user": 1, "content_type": 14, "object_id": "99", "object_repr": "product_qr object (99)", "action_flag": 3, "change_message": ""}}, {"model": "admin.logentry", "pk": 45, "fields": {"action_time": "2023-09-16T11:00:35.952Z", "user": 1, "content_type": 14, "object_id": "98", "object_repr": "product_qr object (98)", "action_flag": 3, "change_message": ""}}, {"model": "admin.logentry", "pk": 46, "fields": {"action_time": "2023-09-16T11:00:35.973Z", "user": 1, "content_type": 14, "object_id": "97", "object_repr": "product_qr object (97)", "action_flag": 3, "change_message": ""}}, {"model": "admin.logentry", "pk": 47, "fields": {"action_time": "2023-09-16T11:00:36.182Z", "user": 1, "content_type": 14, "object_id": "96", "object_repr": "product_qr object (96)", "action_flag": 3, "change_message": ""}}, {"model": "admin.logentry", "pk": 48, "fields": {"action_time": "2023-09-16T11:00:36.283Z", "user": 1, "content_type": 14, "object_id": "95", "object_repr": "product_qr object (95)", "action_flag": 3, "change_message": ""}}, {"model": "admin.logentry", "pk": 49, "fields": {"action_time": "2023-09-16T11:00:36.494Z", "user": 1, "content_type": 14, "object_id": "94", "object_repr": "product_qr object (94)", "action_flag": 3, "change_message": ""}}, {"model": "admin.logentry", "pk": 50, "fields": {"action_time": "2023-09-16T11:00:36.513Z", "user": 1, "content_type": 14, "object_id": "93", "object_repr": "product_qr object (93)", "action_flag": 3, "change_message": ""}}, {"model": "admin.logentry", "pk": 51, "fields": {"action_time": "2023-09-16T11:00:36.575Z", "user": 1, "content_type": 14, "object_id": "92", "object_repr": "product_qr object (92)", "action_flag": 3, "change_message": ""}}, {"model": "admin.logentry", "pk": 52, "fields": {"action_time": "2023-09-16T11:00:36.594Z", "user": 1, "content_type": 14, "object_id": "91", "object_repr": "product_qr object (91)", "action_flag": 3, "change_message": ""}}, {"model": "admin.logentry", "pk": 53, "fields": {"action_time": "2023-09-16T11:00:36.808Z", "user": 1, "content_type": 14, "object_id": "90", "object_repr": "product_qr object (90)", "action_flag": 3, "change_message": ""}}, {"model": "admin.logentry", "pk": 54, "fields": {"action_time": "2023-09-16T11:00:36.826Z", "user": 1, "content_type": 14, "object_id": "89", "object_repr": "product_qr object (89)", "action_flag": 3, "change_message": ""}}, {"model": "admin.logentry", "pk": 55, "fields": {"action_time": "2023-09-16T11:00:36.971Z", "user": 1, "content_type": 14, "object_id": "88", "object_repr": "product_qr object (88)", "action_flag": 3, "change_message": ""}}, {"model": "admin.logentry", "pk": 56, "fields": {"action_time": "2023-09-16T11:00:36.990Z", "user": 1, "content_type": 14, "object_id": "87", "object_repr": "product_qr object (87)", "action_flag": 3, "change_message": ""}}, {"model": "admin.logentry", "pk": 57, "fields": {"action_time": "2023-09-16T11:00:37.012Z", "user": 1, "content_type": 14, "object_id": "86", "object_repr": "product_qr object (86)", "action_flag": 3, "change_message": ""}}, {"model": "admin.logentry", "pk": 58, "fields": {"action_time": "2023-09-16T11:00:37.220Z", "user": 1, "content_type": 14, "object_id": "85", "object_repr": "product_qr object (85)", "action_flag": 3, "change_message": ""}}, {"model": "admin.logentry", "pk": 59, "fields": {"action_time": "2023-09-16T11:00:37.646Z", "user": 1, "content_type": 14, "object_id": "84", "object_repr": "product_qr object (84)", "action_flag": 3, "change_message": ""}}, {"model": "admin.logentry", "pk": 60, "fields": {"action_time": "2023-09-16T11:00:37.667Z", "user": 1, "content_type": 14, "object_id": "83", "object_repr": "product_qr object (83)", "action_flag": 3, "change_message": ""}}, {"model": "admin.logentry", "pk": 61, "fields": {"action_time": "2023-09-16T11:00:38.068Z", "user": 1, "content_type": 14, "object_id": "82", "object_repr": "product_qr object (82)", "action_flag": 3, "change_message": ""}}, {"model": "admin.logentry", "pk": 62, "fields": {"action_time": "2023-09-16T11:00:38.276Z", "user": 1, "content_type": 14, "object_id": "81", "object_repr": "product_qr object (81)", "action_flag": 3, "change_message": ""}}, {"model": "admin.logentry", "pk": 63, "fields": {"action_time": "2023-09-16T11:00:38.366Z", "user": 1, "content_type": 14, "object_id": "80", "object_repr": "product_qr object (80)", "action_flag": 3, "change_message": ""}}, {"model": "admin.logentry", "pk": 64, "fields": {"action_time": "2023-09-16T11:00:38.388Z", "user": 1, "content_type": 14, "object_id": "79", "object_repr": "product_qr object (79)", "action_flag": 3, "change_message": ""}}, {"model": "admin.logentry", "pk": 65, "fields": {"action_time": "2023-09-16T11:00:38.615Z", "user": 1, "content_type": 14, "object_id": "78", "object_repr": "product_qr object (78)", "action_flag": 3, "change_message": ""}}, {"model": "admin.logentry", "pk": 66, "fields": {"action_time": "2023-09-16T11:00:38.827Z", "user": 1, "content_type": 14, "object_id": "77", "object_repr": "product_qr object (77)", "action_flag": 3, "change_message": ""}}, {"model": "admin.logentry", "pk": 67, "fields": {"action_time": "2023-09-16T11:00:39.024Z", "user": 1, "content_type": 14, "object_id": "76", "object_repr": "product_qr object (76)", "action_flag": 3, "change_message": ""}}, {"model": "admin.logentry", "pk": 68, "fields": {"action_time": "2023-09-16T11:00:39.047Z", "user": 1, "content_type": 14, "object_id": "75", "object_repr": "product_qr object (75)", "action_flag": 3, "change_message": ""}}, {"model": "admin.logentry", "pk": 69, "fields": {"action_time": "2023-09-16T11:00:39.268Z", "user": 1, "content_type": 14, "object_id": "74", "object_repr": "product_qr object (74)", "action_flag": 3, "change_message": ""}}, {"model": "admin.logentry", "pk": 70, "fields": {"action_time": "2023-09-16T11:00:39.285Z", "user": 1, "content_type": 14, "object_id": "73", "object_repr": "product_qr object (73)", "action_flag": 3, "change_message": ""}}, {"model": "admin.logentry", "pk": 71, "fields": {"action_time": "2023-09-17T08:52:28.711Z", "user": 1, "content_type": 20, "object_id": "2", "object_repr": "designer", "action_flag": 1, "change_message": "[{\"added\": {}}]"}}, {"model": "admin.logentry", "pk": 72, "fields": {"action_time": "2023-09-17T09:08:13.853Z", "user": 1, "content_type": 20, "object_id": "3", "object_repr": "receptionist", "action_flag": 1, "change_message": "[{\"added\": {}}]"}}, {"model": "admin.logentry", "pk": 73, "fields": {"action_time": "2023-09-17T09:19:07.424Z", "user": 1, "content_type": 20, "object_id": "4", "object_repr": "cutter", "action_flag": 1, "change_message": "[{\"added\": {}}]"}}, {"model": "admin.logentry", "pk": 74, "fields": {"action_time": "2023-09-17T12:05:34.516Z", "user": 1, "content_type": 20, "object_id": "4", "object_repr": "cutter", "action_flag": 2, "change_message": "[{\"changed\": {\"fields\": [\"Is cutter\"]}}]"}}, {"model": "admin.logentry", "pk": 75, "fields": {"action_time": "2023-09-20T13:42:29.727Z", "user": 1, "content_type": 23, "object_id": "4", "object_repr": "Take Sheet No : 13 to 18", "action_flag": 3, "change_message": ""}}, {"model": "admin.logentry", "pk": 76, "fields": {"action_time": "2023-09-22T06:13:42.661Z", "user": 1, "content_type": 25, "object_id": "13", "object_repr": "Stainless Steel", "action_flag": 3, "change_message": ""}}, {"model": "admin.logentry", "pk": 77, "fields": {"action_time": "2023-09-22T06:16:17.531Z", "user": 1, "content_type": 25, "object_id": "16", "object_repr": "Stainless Steel", "action_flag": 1, "change_message": "[{\"added\": {}}]"}}, {"model": "admin.logentry", "pk": 78, "fields": {"action_time": "2023-09-22T06:20:25.669Z", "user": 1, "content_type": 25, "object_id": "11", "object_repr": "Stainless Steel", "action_flag": 3, "change_message": ""}}, {"model": "admin.logentry", "pk": 79, "fields": {"action_time": "2023-09-23T09:43:27.655Z", "user": 1, "content_type": 20, "object_id": "5", "object_repr": "accounts", "action_flag": 1, "change_message": "[{\"added\": {}}]"}}, {"model": "admin.logentry", "pk": 80, "fields": {"action_time": "2023-09-23T09:43:32.235Z", "user": 1, "content_type": 20, "object_id": "5", "object_repr": "accounts", "action_flag": 2, "change_message": "[]"}}, {"model": "admin.logentry", "pk": 81, "fields": {"action_time": "2023-09-25T09:52:03.052Z", "user": 1, "content_type": 21, "object_id": "1", "object_repr": "stock object (1)", "action_flag": 2, "change_message": "[{\"changed\": {\"fields\": [\"Quantity\"]}}]"}}, {"model": "admin.logentry", "pk": 82, "fields": {"action_time": "2023-09-25T09:53:11.243Z", "user": 1, "content_type": 21, "object_id": "21", "object_repr": "stock object (21)", "action_flag": 2, "change_message": "[{\"changed\": {\"fields\": [\"Quantity\"]}}]"}}, {"model": "admin.logentry", "pk": 83, "fields": {"action_time": "2023-09-25T09:53:32.647Z", "user": 1, "content_type": 21, "object_id": "22", "object_repr": "stock object (22)", "action_flag": 2, "change_message": "[{\"changed\": {\"fields\": [\"Quantity\"]}}]"}}, {"model": "admin.logentry", "pk": 84, "fields": {"action_time": "2023-09-25T09:53:47.263Z", "user": 1, "content_type": 21, "object_id": "23", "object_repr": "stock object (23)", "action_flag": 2, "change_message": "[{\"changed\": {\"fields\": [\"Quantity\"]}}]"}}, {"model": "admin.logentry", "pk": 85, "fields": {"action_time": "2023-09-25T09:54:10.090Z", "user": 1, "content_type": 21, "object_id": "25", "object_repr": "stock object (25)", "action_flag": 2, "change_message": "[{\"changed\": {\"fields\": [\"Quantity\"]}}]"}}, {"model": "admin.logentry", "pk": 86, "fields": {"action_time": "2023-09-25T09:54:21.537Z", "user": 1, "content_type": 21, "object_id": "27", "object_repr": "stock object (27)", "action_flag": 2, "change_message": "[{\"changed\": {\"fields\": [\"Quantity\"]}}]"}}, {"model": "admin.logentry", "pk": 87, "fields": {"action_time": "2023-09-27T09:40:41.981Z", "user": 1, "content_type": 26, "object_id": "19", "object_repr": "material_history object (19)", "action_flag": 3, "change_message": ""}}, {"model": "admin.logentry", "pk": 88, "fields": {"action_time": "2023-09-27T09:40:44.817Z", "user": 1, "content_type": 26, "object_id": "18", "object_repr": "material_history object (18)", "action_flag": 3, "change_message": ""}}, {"model": "admin.logentry", "pk": 89, "fields": {"action_time": "2023-09-27T09:40:50.998Z", "user": 1, "content_type": 26, "object_id": "17", "object_repr": "material_history object (17)", "action_flag": 3, "change_message": ""}}, {"model": "admin.logentry", "pk": 90, "fields": {"action_time": "2023-09-27T09:41:09.515Z", "user": 1, "content_type": 26, "object_id": "20", "object_repr": "material_history object (20)", "action_flag": 3, "change_message": ""}}, {"model": "admin.logentry", "pk": 91, "fields": {"action_time": "2023-10-01T09:00:45.907Z", "user": 1, "content_type": 14, "object_id": "1", "object_repr": "product_qr object (1)", "action_flag": 2, "change_message": "[{\"changed\": {\"fields\": [\"Moved to scratch\"]}}]"}}, {"model": "admin.logentry", "pk": 92, "fields": {"action_time": "2023-10-02T16:55:50.741Z", "user": 1, "content_type": 26, "object_id": "31", "object_repr": "material_history object (31)", "action_flag": 3, "change_message": ""}}, {"model": "admin.logentry", "pk": 93, "fields": {"action_time": "2023-10-02T16:59:34.819Z", "user": 1, "content_type": 26, "object_id": "31", "object_repr": "material_history object (31)", "action_flag": 3, "change_message": ""}}, {"model": "admin.logentry", "pk": 94, "fields": {"action_time": "2023-10-02T17:00:11.026Z", "user": 1, "content_type": 26, "object_id": "31", "object_repr": "material_history object (31)", "action_flag": 3, "change_message": ""}}, {"model": "admin.logentry", "pk": 95, "fields": {"action_time": "2023-10-02T17:19:23.426Z", "user": 1, "content_type": 26, "object_id": "31", "object_repr": "material_history object (31)", "action_flag": 3, "change_message": ""}}, {"model": "admin.logentry", "pk": 96, "fields": {"action_time": "2023-10-02T17:23:59.528Z", "user": 1, "content_type": 14, "object_id": "71", "object_repr": "product_qr object (71)", "action_flag": 2, "change_message": "[{\"changed\": {\"fields\": [\"Moved to left over\"]}}]"}}, {"model": "admin.logentry", "pk": 97, "fields": {"action_time": "2023-10-03T05:13:50.241Z", "user": 1, "content_type": 21, "object_id": "34", "object_repr": "stock object (34)", "action_flag": 3, "change_message": ""}}, {"model": "admin.logentry", "pk": 98, "fields": {"action_time": "2023-10-04T06:58:18.413Z", "user": 1, "content_type": 27, "object_id": "12", "object_repr": "left_over_stock object (12)", "action_flag": 3, "change_message": ""}}, {"model": "admin.logentry", "pk": 99, "fields": {"action_time": "2023-10-04T07:09:21.835Z", "user": 1, "content_type": 27, "object_id": "17", "object_repr": "left_over_stock object (17)", "action_flag": 1, "change_message": "[{\"added\": {}}]"}}, {"model": "admin.logentry", "pk": 100, "fields": {"action_time": "2023-10-04T07:33:21.081Z", "user": 1, "content_type": 27, "object_id": "11", "object_repr": "left_over_stock object (11)", "action_flag": 2, "change_message": "[{\"changed\": {\"fields\": [\"Quantity\"]}}]"}}, {"model": "admin.logentry", "pk": 101, "fields": {"action_time": "2023-10-04T07:33:44.560Z", "user": 1, "content_type": 27, "object_id": "17", "object_repr": "left_over_stock object (17)", "action_flag": 2, "change_message": "[{\"changed\": {\"fields\": [\"Quantity\"]}}]"}}, {"model": "admin.logentry", "pk": 102, "fields": {"action_time": "2023-10-04T07:34:17.819Z", "user": 1, "content_type": 14, "object_id": "71", "object_repr": "product_qr object (71)", "action_flag": 2, "change_message": "[{\"changed\": {\"fields\": [\"Product\", \"Is fix\", \"Moved to scratch\"]}}]"}}, {"model": "admin.logentry", "pk": 103, "fields": {"action_time": "2023-10-04T07:34:52.894Z", "user": 1, "content_type": 14, "object_id": "71", "object_repr": "product_qr object (71)", "action_flag": 2, "change_message": "[{\"changed\": {\"fields\": [\"Product\"]}}]"}}, {"model": "admin.logentry", "pk": 104, "fields": {"action_time": "2023-10-04T07:40:06.899Z", "user": 1, "content_type": 14, "object_id": "71", "object_repr": "product_qr object (71)", "action_flag": 2, "change_message": "[{\"changed\": {\"fields\": [\"Moved to scratch\", \"Moved to left over\"]}}]"}}, {"model": "admin.logentry", "pk": 105, "fields": {"action_time": "2023-10-10T07:00:55.412Z", "user": 1, "content_type": 14, "object_id": "47", "object_repr": "product_qr object (47)", "action_flag": 2, "change_message": "[{\"changed\": {\"fields\": [\"Product\"]}}]"}}, {"model": "auth.permission", "pk": 1, "fields": {"name": "Can add log entry", "content_type": 1, "codename": "add_logentry"}}, {"model": "auth.permission", "pk": 2, "fields": {"name": "Can change log entry", "content_type": 1, "codename": "change_logentry"}}, {"model": "auth.permission", "pk": 3, "fields": {"name": "Can delete log entry", "content_type": 1, "codename": "delete_logentry"}}, {"model": "auth.permission", "pk": 4, "fields": {"name": "Can view log entry", "content_type": 1, "codename": "view_logentry"}}, {"model": "auth.permission", "pk": 5, "fields": {"name": "Can add permission", "content_type": 2, "codename": "add_permission"}}, {"model": "auth.permission", "pk": 6, "fields": {"name": "Can change permission", "content_type": 2, "codename": "change_permission"}}, {"model": "auth.permission", "pk": 7, "fields": {"name": "Can delete permission", "content_type": 2, "codename": "delete_permission"}}, {"model": "auth.permission", "pk": 8, "fields": {"name": "Can view permission", "content_type": 2, "codename": "view_permission"}}, {"model": "auth.permission", "pk": 9, "fields": {"name": "Can add group", "content_type": 3, "codename": "add_group"}}, {"model": "auth.permission", "pk": 10, "fields": {"name": "Can change group", "content_type": 3, "codename": "change_group"}}, {"model": "auth.permission", "pk": 11, "fields": {"name": "Can delete group", "content_type": 3, "codename": "delete_group"}}, {"model": "auth.permission", "pk": 12, "fields": {"name": "Can view group", "content_type": 3, "codename": "view_group"}}, {"model": "auth.permission", "pk": 13, "fields": {"name": "Can add content type", "content_type": 4, "codename": "add_contenttype"}}, {"model": "auth.permission", "pk": 14, "fields": {"name": "Can change content type", "content_type": 4, "codename": "change_contenttype"}}, {"model": "auth.permission", "pk": 15, "fields": {"name": "Can delete content type", "content_type": 4, "codename": "delete_contenttype"}}, {"model": "auth.permission", "pk": 16, "fields": {"name": "Can view content type", "content_type": 4, "codename": "view_contenttype"}}, {"model": "auth.permission", "pk": 17, "fields": {"name": "Can add session", "content_type": 5, "codename": "add_session"}}, {"model": "auth.permission", "pk": 18, "fields": {"name": "Can change session", "content_type": 5, "codename": "change_session"}}, {"model": "auth.permission", "pk": 19, "fields": {"name": "Can delete session", "content_type": 5, "codename": "delete_session"}}, {"model": "auth.permission", "pk": 20, "fields": {"name": "Can view session", "content_type": 5, "codename": "view_session"}}, {"model": "auth.permission", "pk": 21, "fields": {"name": "Can add category", "content_type": 6, "codename": "add_category"}}, {"model": "auth.permission", "pk": 22, "fields": {"name": "Can change category", "content_type": 6, "codename": "change_category"}}, {"model": "auth.permission", "pk": 23, "fields": {"name": "Can delete category", "content_type": 6, "codename": "delete_category"}}, {"model": "auth.permission", "pk": 24, "fields": {"name": "Can view category", "content_type": 6, "codename": "view_category"}}, {"model": "auth.permission", "pk": 25, "fields": {"name": "Can add customer", "content_type": 7, "codename": "add_customer"}}, {"model": "auth.permission", "pk": 26, "fields": {"name": "Can change customer", "content_type": 7, "codename": "change_customer"}}, {"model": "auth.permission", "pk": 27, "fields": {"name": "Can delete customer", "content_type": 7, "codename": "delete_customer"}}, {"model": "auth.permission", "pk": 28, "fields": {"name": "Can view customer", "content_type": 7, "codename": "view_customer"}}, {"model": "auth.permission", "pk": 29, "fields": {"name": "Can add dealer", "content_type": 8, "codename": "add_dealer"}}, {"model": "auth.permission", "pk": 30, "fields": {"name": "Can change dealer", "content_type": 8, "codename": "change_dealer"}}, {"model": "auth.permission", "pk": 31, "fields": {"name": "Can delete dealer", "content_type": 8, "codename": "delete_dealer"}}, {"model": "auth.permission", "pk": 32, "fields": {"name": "Can view dealer", "content_type": 8, "codename": "view_dealer"}}, {"model": "auth.permission", "pk": 33, "fields": {"name": "Can add godown", "content_type": 9, "codename": "add_godown"}}, {"model": "auth.permission", "pk": 34, "fields": {"name": "Can change godown", "content_type": 9, "codename": "change_godown"}}, {"model": "auth.permission", "pk": 35, "fields": {"name": "Can delete godown", "content_type": 9, "codename": "delete_godown"}}, {"model": "auth.permission", "pk": 36, "fields": {"name": "Can view godown", "content_type": 9, "codename": "view_godown"}}, {"model": "auth.permission", "pk": 37, "fields": {"name": "Can add grade", "content_type": 10, "codename": "add_grade"}}, {"model": "auth.permission", "pk": 38, "fields": {"name": "Can change grade", "content_type": 10, "codename": "change_grade"}}, {"model": "auth.permission", "pk": 39, "fields": {"name": "Can delete grade", "content_type": 10, "codename": "delete_grade"}}, {"model": "auth.permission", "pk": 40, "fields": {"name": "Can view grade", "content_type": 10, "codename": "view_grade"}}, {"model": "auth.permission", "pk": 41, "fields": {"name": "Can add thickness", "content_type": 11, "codename": "add_thickness"}}, {"model": "auth.permission", "pk": 42, "fields": {"name": "Can change thickness", "content_type": 11, "codename": "change_thickness"}}, {"model": "auth.permission", "pk": 43, "fields": {"name": "Can delete thickness", "content_type": 11, "codename": "delete_thickness"}}, {"model": "auth.permission", "pk": 44, "fields": {"name": "Can view thickness", "content_type": 11, "codename": "view_thickness"}}, {"model": "auth.permission", "pk": 45, "fields": {"name": "Can add size", "content_type": 12, "codename": "add_size"}}, {"model": "auth.permission", "pk": 46, "fields": {"name": "Can change size", "content_type": 12, "codename": "change_size"}}, {"model": "auth.permission", "pk": 47, "fields": {"name": "Can delete size", "content_type": 12, "codename": "delete_size"}}, {"model": "auth.permission", "pk": 48, "fields": {"name": "Can view size", "content_type": 12, "codename": "view_size"}}, {"model": "auth.permission", "pk": 49, "fields": {"name": "Can add product", "content_type": 13, "codename": "add_product"}}, {"model": "auth.permission", "pk": 50, "fields": {"name": "Can change product", "content_type": 13, "codename": "change_product"}}, {"model": "auth.permission", "pk": 51, "fields": {"name": "Can delete product", "content_type": 13, "codename": "delete_product"}}, {"model": "auth.permission", "pk": 52, "fields": {"name": "Can view product", "content_type": 13, "codename": "view_product"}}, {"model": "auth.permission", "pk": 53, "fields": {"name": "Can add product_qr", "content_type": 14, "codename": "add_product_qr"}}, {"model": "auth.permission", "pk": 54, "fields": {"name": "Can change product_qr", "content_type": 14, "codename": "change_product_qr"}}, {"model": "auth.permission", "pk": 55, "fields": {"name": "Can delete product_qr", "content_type": 14, "codename": "delete_product_qr"}}, {"model": "auth.permission", "pk": 56, "fields": {"name": "Can view product_qr", "content_type": 14, "codename": "view_product_qr"}}, {"model": "auth.permission", "pk": 57, "fields": {"name": "Can add employee", "content_type": 15, "codename": "add_employee"}}, {"model": "auth.permission", "pk": 58, "fields": {"name": "Can change employee", "content_type": 15, "codename": "change_employee"}}, {"model": "auth.permission", "pk": 59, "fields": {"name": "Can delete employee", "content_type": 15, "codename": "delete_employee"}}, {"model": "auth.permission", "pk": 60, "fields": {"name": "Can view employee", "content_type": 15, "codename": "view_employee"}}, {"model": "auth.permission", "pk": 61, "fields": {"name": "Can add item_code", "content_type": 16, "codename": "add_item_code"}}, {"model": "auth.permission", "pk": 62, "fields": {"name": "Can change item_code", "content_type": 16, "codename": "change_item_code"}}, {"model": "auth.permission", "pk": 63, "fields": {"name": "Can delete item_code", "content_type": 16, "codename": "delete_item_code"}}, {"model": "auth.permission", "pk": 64, "fields": {"name": "Can view item_code", "content_type": 16, "codename": "view_item_code"}}, {"model": "auth.permission", "pk": 65, "fields": {"name": "Can add cutter", "content_type": 17, "codename": "add_cutter"}}, {"model": "auth.permission", "pk": 66, "fields": {"name": "Can change cutter", "content_type": 17, "codename": "change_cutter"}}, {"model": "auth.permission", "pk": 67, "fields": {"name": "Can delete cutter", "content_type": 17, "codename": "delete_cutter"}}, {"model": "auth.permission", "pk": 68, "fields": {"name": "Can view cutter", "content_type": 17, "codename": "view_cutter"}}, {"model": "auth.permission", "pk": 69, "fields": {"name": "Can add shelf", "content_type": 18, "codename": "add_shelf"}}, {"model": "auth.permission", "pk": 70, "fields": {"name": "Can change shelf", "content_type": 18, "codename": "change_shelf"}}, {"model": "auth.permission", "pk": 71, "fields": {"name": "Can delete shelf", "content_type": 18, "codename": "delete_shelf"}}, {"model": "auth.permission", "pk": 72, "fields": {"name": "Can view shelf", "content_type": 18, "codename": "view_shelf"}}, {"model": "auth.permission", "pk": 73, "fields": {"name": "Can add product_qr_shelf", "content_type": 19, "codename": "add_product_qr_shelf"}}, {"model": "auth.permission", "pk": 74, "fields": {"name": "Can change product_qr_shelf", "content_type": 19, "codename": "change_product_qr_shelf"}}, {"model": "auth.permission", "pk": 75, "fields": {"name": "Can delete product_qr_shelf", "content_type": 19, "codename": "delete_product_qr_shelf"}}, {"model": "auth.permission", "pk": 76, "fields": {"name": "Can view product_qr_shelf", "content_type": 19, "codename": "view_product_qr_shelf"}}, {"model": "auth.permission", "pk": 77, "fields": {"name": "Can add user", "content_type": 20, "codename": "add_user"}}, {"model": "auth.permission", "pk": 78, "fields": {"name": "Can change user", "content_type": 20, "codename": "change_user"}}, {"model": "auth.permission", "pk": 79, "fields": {"name": "Can delete user", "content_type": 20, "codename": "delete_user"}}, {"model": "auth.permission", "pk": 80, "fields": {"name": "Can view user", "content_type": 20, "codename": "view_user"}}, {"model": "auth.permission", "pk": 81, "fields": {"name": "Can add stock", "content_type": 21, "codename": "add_stock"}}, {"model": "auth.permission", "pk": 82, "fields": {"name": "Can change stock", "content_type": 21, "codename": "change_stock"}}, {"model": "auth.permission", "pk": 83, "fields": {"name": "Can delete stock", "content_type": 21, "codename": "delete_stock"}}, {"model": "auth.permission", "pk": 84, "fields": {"name": "Can view stock", "content_type": 21, "codename": "view_stock"}}, {"model": "auth.permission", "pk": 85, "fields": {"name": "Can add request_material", "content_type": 22, "codename": "add_request_material"}}, {"model": "auth.permission", "pk": 86, "fields": {"name": "Can change request_material", "content_type": 22, "codename": "change_request_material"}}, {"model": "auth.permission", "pk": 87, "fields": {"name": "Can delete request_material", "content_type": 22, "codename": "delete_request_material"}}, {"model": "auth.permission", "pk": 88, "fields": {"name": "Can view request_material", "content_type": 22, "codename": "view_request_material"}}, {"model": "auth.permission", "pk": 89, "fields": {"name": "Can add project", "content_type": 23, "codename": "add_project"}}, {"model": "auth.permission", "pk": 90, "fields": {"name": "Can change project", "content_type": 23, "codename": "change_project"}}, {"model": "auth.permission", "pk": 91, "fields": {"name": "Can delete project", "content_type": 23, "codename": "delete_project"}}, {"model": "auth.permission", "pk": 92, "fields": {"name": "Can view project", "content_type": 23, "codename": "view_project"}}, {"model": "auth.permission", "pk": 93, "fields": {"name": "Can add project_material", "content_type": 24, "codename": "add_project_material"}}, {"model": "auth.permission", "pk": 94, "fields": {"name": "Can change project_material", "content_type": 24, "codename": "change_project_material"}}, {"model": "auth.permission", "pk": 95, "fields": {"name": "Can delete project_material", "content_type": 24, "codename": "delete_project_material"}}, {"model": "auth.permission", "pk": 96, "fields": {"name": "Can view project_material", "content_type": 24, "codename": "view_project_material"}}, {"model": "auth.permission", "pk": 97, "fields": {"name": "Can add project_matarial_qr", "content_type": 25, "codename": "add_project_matarial_qr"}}, {"model": "auth.permission", "pk": 98, "fields": {"name": "Can change project_matarial_qr", "content_type": 25, "codename": "change_project_matarial_qr"}}, {"model": "auth.permission", "pk": 99, "fields": {"name": "Can delete project_matarial_qr", "content_type": 25, "codename": "delete_project_matarial_qr"}}, {"model": "auth.permission", "pk": 100, "fields": {"name": "Can view project_matarial_qr", "content_type": 25, "codename": "view_project_matarial_qr"}}, {"model": "auth.permission", "pk": 101, "fields": {"name": "Can add material_history", "content_type": 26, "codename": "add_material_history"}}, {"model": "auth.permission", "pk": 102, "fields": {"name": "Can change material_history", "content_type": 26, "codename": "change_material_history"}}, {"model": "auth.permission", "pk": 103, "fields": {"name": "Can delete material_history", "content_type": 26, "codename": "delete_material_history"}}, {"model": "auth.permission", "pk": 104, "fields": {"name": "Can view material_history", "content_type": 26, "codename": "view_material_history"}}, {"model": "auth.permission", "pk": 105, "fields": {"name": "Can add left_over_stock", "content_type": 27, "codename": "add_left_over_stock"}}, {"model": "auth.permission", "pk": 106, "fields": {"name": "Can change left_over_stock", "content_type": 27, "codename": "change_left_over_stock"}}, {"model": "auth.permission", "pk": 107, "fields": {"name": "Can delete left_over_stock", "content_type": 27, "codename": "delete_left_over_stock"}}, {"model": "auth.permission", "pk": 108, "fields": {"name": "Can view left_over_stock", "content_type": 27, "codename": "view_left_over_stock"}}, {"model": "auth.permission", "pk": 109, "fields": {"name": "Can add scratch_stock", "content_type": 28, "codename": "add_scratch_stock"}}, {"model": "auth.permission", "pk": 110, "fields": {"name": "Can change scratch_stock", "content_type": 28, "codename": "change_scratch_stock"}}, {"model": "auth.permission", "pk": 111, "fields": {"name": "Can delete scratch_stock", "content_type": 28, "codename": "delete_scratch_stock"}}, {"model": "auth.permission", "pk": 112, "fields": {"name": "Can view scratch_stock", "content_type": 28, "codename": "view_scratch_stock"}}, {"model": "auth.permission", "pk": 113, "fields": {"name": "Can add project_matarial_production", "content_type": 29, "codename": "add_project_matarial_production"}}, {"model": "auth.permission", "pk": 114, "fields": {"name": "Can change project_matarial_production", "content_type": 29, "codename": "change_project_matarial_production"}}, {"model": "auth.permission", "pk": 115, "fields": {"name": "Can delete project_matarial_production", "content_type": 29, "codename": "delete_project_matarial_production"}}, {"model": "auth.permission", "pk": 116, "fields": {"name": "Can view project_matarial_production", "content_type": 29, "codename": "view_project_matarial_production"}}, {"model": "auth.permission", "pk": 117, "fields": {"name": "Can add alert", "content_type": 30, "codename": "add_alert"}}, {"model": "auth.permission", "pk": 118, "fields": {"name": "Can change alert", "content_type": 30, "codename": "change_alert"}}, {"model": "auth.permission", "pk": 119, "fields": {"name": "Can delete alert", "content_type": 30, "codename": "delete_alert"}}, {"model": "auth.permission", "pk": 120, "fields": {"name": "Can view alert", "content_type": 30, "codename": "view_alert"}}, {"model": "contenttypes.contenttype", "pk": 1, "fields": {"app_label": "admin", "model": "logentry"}}, {"model": "contenttypes.contenttype", "pk": 2, "fields": {"app_label": "auth", "model": "permission"}}, {"model": "contenttypes.contenttype", "pk": 3, "fields": {"app_label": "auth", "model": "group"}}, {"model": "contenttypes.contenttype", "pk": 4, "fields": {"app_label": "contenttypes", "model": "contenttype"}}, {"model": "contenttypes.contenttype", "pk": 5, "fields": {"app_label": "sessions", "model": "session"}}, {"model": "contenttypes.contenttype", "pk": 6, "fields": {"app_label": "store", "model": "category"}}, {"model": "contenttypes.contenttype", "pk": 7, "fields": {"app_label": "store", "model": "customer"}}, {"model": "contenttypes.contenttype", "pk": 8, "fields": {"app_label": "store", "model": "dealer"}}, {"model": "contenttypes.contenttype", "pk": 9, "fields": {"app_label": "store", "model": "godown"}}, {"model": "contenttypes.contenttype", "pk": 10, "fields": {"app_label": "store", "model": "grade"}}, {"model": "contenttypes.contenttype", "pk": 11, "fields": {"app_label": "store", "model": "thickness"}}, {"model": "contenttypes.contenttype", "pk": 12, "fields": {"app_label": "store", "model": "size"}}, {"model": "contenttypes.contenttype", "pk": 13, "fields": {"app_label": "store", "model": "product"}}, {"model": "contenttypes.contenttype", "pk": 14, "fields": {"app_label": "store", "model": "product_qr"}}, {"model": "contenttypes.contenttype", "pk": 15, "fields": {"app_label": "store", "model": "employee"}}, {"model": "contenttypes.contenttype", "pk": 16, "fields": {"app_label": "store", "model": "item_code"}}, {"model": "contenttypes.contenttype", "pk": 17, "fields": {"app_label": "store", "model": "cutter"}}, {"model": "contenttypes.contenttype", "pk": 18, "fields": {"app_label": "store", "model": "shelf"}}, {"model": "contenttypes.contenttype", "pk": 19, "fields": {"app_label": "store", "model": "product_qr_shelf"}}, {"model": "contenttypes.contenttype", "pk": 20, "fields": {"app_label": "users", "model": "user"}}, {"model": "contenttypes.contenttype", "pk": 21, "fields": {"app_label": "transactions", "model": "stock"}}, {"model": "contenttypes.contenttype", "pk": 22, "fields": {"app_label": "transactions", "model": "request_material"}}, {"model": "contenttypes.contenttype", "pk": 23, "fields": {"app_label": "transactions", "model": "project"}}, {"model": "contenttypes.contenttype", "pk": 24, "fields": {"app_label": "transactions", "model": "project_material"}}, {"model": "contenttypes.contenttype", "pk": 25, "fields": {"app_label": "transactions", "model": "project_matarial_qr"}}, {"model": "contenttypes.contenttype", "pk": 26, "fields": {"app_label": "transactions", "model": "material_history"}}, {"model": "contenttypes.contenttype", "pk": 27, "fields": {"app_label": "transactions", "model": "left_over_stock"}}, {"model": "contenttypes.contenttype", "pk": 28, "fields": {"app_label": "transactions", "model": "scratch_stock"}}, {"model": "contenttypes.contenttype", "pk": 29, "fields": {"app_label": "transactions", "model": "project_matarial_production"}}, {"model": "contenttypes.contenttype", "pk": 30, "fields": {"app_label": "transactions", "model": "alert"}}, {"model": "sessions.session", "pk": "00fpq9t5iyy4f8sg07yud51h3e4nw5vz", "fields": {"session_data": ".eJxVjMsOwiAQRf-FtSHyKFCX7vsNZJgZpGogKe3K-O_apAvd3nPOfYkI21ri1nmJM4mLMOL0uyXAB9cd0B3qrUlsdV3mJHdFHrTLqRE_r4f7d1Cgl2_NxlB2NijGFFQezqPPmhznkTVnsi6AYoPMNlj0oDR7GpxW4C0ldFq8PwNzOKM:1qogQu:Xe9Mcb1sDInt2OVM1lCC7u2m701h2iZBOefOydXXpgI", "expire_date": "2023-10-20T08:43:40.598Z"}}, {"model": "sessions.session", "pk": "0at1kj1apfdcl2gty75gum7jeab70nhv", "fields": {"session_data": ".eJxVjDsOwjAQBe_iGlmOvf5R0ucM1vqzOIAcKU4qxN1JpBTQvpl5bxZwW2vYelnClNmVDezyu0VMz9IOkB_Y7jNPc1uXKfJD4SftfJxzed1O9--gYq97DcIRgNMpEwFqiFoVBdZoSJAMoHODABu1yL54I2n3pTNeIigipS37fAHGojbM:1qlQsw:Hz0zaCWBMCx-tNp3tsAg6o5okjrZJB0B4ukA1uubx3w", "expire_date": "2023-10-11T09:31:10.744Z"}}, {"model": "sessions.session", "pk": "0uqtlpc1d9wmgmxqc6012iqehke8zdsg", "fields": {"session_data": ".eJxVjDsOwjAQBe_iGlmOvf5R0ucM1vqzOIAcKU4qxN1JpBTQvpl5bxZwW2vYelnClNmVDezyu0VMz9IOkB_Y7jNPc1uXKfJD4SftfJxzed1O9--gYq97DcIRgNMpEwFqiFoVBdZoSJAMoHODABu1yL54I2n3pTNeIigipS37fAHGojbM:1qkeqE:dTTh7132RocA_Vmqx1eteBcJhPBKRnRqG2m0wOT40_s", "expire_date": "2023-10-09T06:13:10.461Z"}}, {"model": "sessions.session", "pk": "1fakvx1y30rvabmtk745y5g9ec5rp8oj", "fields": {"session_data": ".eJxVjEEOwiAQRe_C2hBoGWlduu8ZyDAzSNVAUtqV8e7apAvd_vfef6mA25rD1mQJM6uLsur0u0Wkh5Qd8B3LrWqqZV3mqHdFH7TpqbI8r4f7d5Cx5W9toGMZUKRzjsgMLqWeQUZAYyMRJwJ3dgy9mBS9EY8jiwebyLMhR-r9AQkbORs:1qq6jN:1euwy8b6mOHAZVT1mHbhnod62JKuCyHjD6QAk8vZrfc", "expire_date": "2023-10-24T07:00:37.596Z"}}, {"model": "sessions.session", "pk": "1o0isl05wzs2pn177cho0mh40q0eu3gm", "fields": {"session_data": ".eJxVjDsOwjAQBe_iGlmOvf5R0ucM1vqzOIAcKU4qxN1JpBTQvpl5bxZwW2vYelnClNmVDezyu0VMz9IOkB_Y7jNPc1uXKfJD4SftfJxzed1O9--gYq97DcIRgNMpEwFqiFoVBdZoSJAMoHODABu1yL54I2n3pTNeIigipS37fAHGojbM:1qmcdd:ABTxEuecyNILncwz5LnT43VT1SqrK41PIYx7D0BLvls", "expire_date": "2023-10-14T16:16:17.437Z"}}, {"model": "sessions.session", "pk": "1vk7u6kbihscpdjf2lccnmt5hjniua21", "fields": {"session_data": ".eJxVjMsOwiAQRf-FtSHyKFCX7vsNZJgZpGogKe3K-O_apAvd3nPOfYkI21ri1nmJM4mLMOL0uyXAB9cd0B3qrUlsdV3mJHdFHrTLqRE_r4f7d1Cgl2_NxlB2NijGFFQezqPPmhznkTVnsi6AYoPMNlj0oDR7GpxW4C0ldFq8PwNzOKM:1qmBQg:2xTC-tdn3PXX-MvVU5yG_FhyO_G9djz_yrWcosBsftk", "expire_date": "2023-10-13T11:13:06.079Z"}}, {"model": "sessions.session", "pk": "33g9prhk9su6ct6xigef1q9pui5k1h0q", "fields": {"session_data": ".eJxVjDsOwjAQBe_iGlmOvf5R0ucM1vqzOIAcKU4qxN1JpBTQvpl5bxZwW2vYelnClNmVDezyu0VMz9IOkB_Y7jNPc1uXKfJD4SftfJxzed1O9--gYq97DcIRgNMpEwFqiFoVBdZoSJAMoHODABu1yL54I2n3pTNeIigipS37fAHGojbM:1qkfQh:FBWcnAsvw4M6e8kdCR7w6wIgcCxJ9bdDgJPTDYEElcs", "expire_date": "2023-10-09T06:50:51.617Z"}}, {"model": "sessions.session", "pk": "3e5iatrrmqwx33bwlx7ezq4se063xapa", "fields": {"session_data": ".eJxVjEEOwiAQRe_C2hAGphVcuu8ZyDBMpWpoUtqV8e7apAvd_vfef6lI21ri1mSJU1YXher0uyXih9Qd5DvV26x5rusyJb0r-qBND3OW5_Vw_w4KtfKtnWQ0yTL2Doz1PaLzI2EHVs6eqbMoAUxGgDAiMSe05AyDBwmUgqj3B8AaN1k:1qlRxo:YsXmk2JRc-0cRGDOFi4biawfPJ5nu0eyG4PgbFUi7lo", "expire_date": "2023-10-11T10:40:16.957Z"}}, {"model": "sessions.session", "pk": "3pfw8n0gon9rlzxufz5dhm2s10qefvpw", "fields": {"session_data": ".eJxVjDsOwjAQBe_iGlmOvf5R0ucM1vqzOIAcKU4qxN1JpBTQvpl5bxZwW2vYelnClNmVDezyu0VMz9IOkB_Y7jNPc1uXKfJD4SftfJxzed1O9--gYq97DcIRgNMpEwFqiFoVBdZoSJAMoHODABu1yL54I2n3pTNeIigipS37fAHGojbM:1qje6E:51Mjg_BUMC2YWQ4NngKo_qcW2wQib8__wIINrUot9O8", "expire_date": "2023-10-06T11:13:30.529Z"}}, {"model": "sessions.session", "pk": "468r3oo8elea8owilwt2ghwqqnyty3nn", "fields": {"session_data": ".eJxVjDsOwjAQBe_iGlmOvf5R0ucM1vqzOIAcKU4qxN1JpBTQvpl5bxZwW2vYelnClNmVDezyu0VMz9IOkB_Y7jNPc1uXKfJD4SftfJxzed1O9--gYq97DcIRgNMpEwFqiFoVBdZoSJAMoHODABu1yL54I2n3pTNeIigipS37fAHGojbM:1qnGL5:U7Y6vdQzViooxsmUfmridR4SaEhugUxvm_jJzl1DCQc", "expire_date": "2023-10-16T10:39:47.285Z"}}, {"model": "sessions.session", "pk": "4dnyug7evrg9euqkudr1s2jd2apeq93n", "fields": {"session_data": ".eJxVjMsOwiAQRf-FtSHyKFCX7vsNZJgZpGogKe3K-O_apAvd3nPOfYkI21ri1nmJM4mLMOL0uyXAB9cd0B3qrUlsdV3mJHdFHrTLqRE_r4f7d1Cgl2_NxlB2NijGFFQezqPPmhznkTVnsi6AYoPMNlj0oDR7GpxW4C0ldFq8PwNzOKM:1qkfHW:QiLDUtmBEMr7AKQYiwL2iUSpba_dwt5fCZCkX-aGWO0", "expire_date": "2023-10-09T06:41:22.940Z"}}, {"model": "sessions.session", "pk": "4t43upc5tz2h9khnbx2wy4xjr7sucgv5", "fields": {"session_data": ".eJxVjMsOwiAQRf-FtSHyKFCX7vsNZJgZpGogKe3K-O_apAvd3nPOfYkI21ri1nmJM4mLMOL0uyXAB9cd0B3qrUlsdV3mJHdFHrTLqRE_r4f7d1Cgl2_NxlB2NijGFFQezqPPmhznkTVnsi6AYoPMNlj0oDR7GpxW4C0ldFq8PwNzOKM:1qhnlR:U12Qgjh12twq6QKoWnxWpmQr_-Pb1dnW8Yt4PE9b9bo", "expire_date": "2023-10-01T09:08:25.611Z"}}, {"model": "sessions.session", "pk": "5ia7kyyaedi590t4pbx6p3m7vj34jks0", "fields": {"session_data": ".eJxVjMsOwiAQRf-FtSHyKFCX7vsNZJgZpGogKe3K-O_apAvd3nPOfYkI21ri1nmJM4mLMOL0uyXAB9cd0B3qrUlsdV3mJHdFHrTLqRE_r4f7d1Cgl2_NxlB2NijGFFQezqPPmhznkTVnsi6AYoPMNlj0oDR7GpxW4C0ldFq8PwNzOKM:1qpniZ:9dGk-sbBrVGZsW3PC1bMf8M0_OzyJqaj3gAFZIvad14", "expire_date": "2023-10-23T10:42:31.086Z"}}, {"model": "sessions.session", "pk": "6gfxum5doyq946mke4x0hik1wk5euiov", "fields": {"session_data": ".eJxVjDsOwjAQBe_iGlmOvf5R0ucM1vqzOIAcKU4qxN1JpBTQvpl5bxZwW2vYelnClNmVDezyu0VMz9IOkB_Y7jNPc1uXKfJD4SftfJxzed1O9--gYq97DcIRgNMpEwFqiFoVBdZoSJAMoHODABu1yL54I2n3pTNeIigipS37fAHGojbM:1qhqre:sx7Ukt661I4zjqCSMkO8qgb0AbP9i1wscHYLh-d2x5Q", "expire_date": "2023-10-01T12:27:02.304Z"}}, {"model": "sessions.session", "pk": "6lufgw30p598iixvendac9w6ehiqut1s", "fields": {"session_data": ".eJxVjMsOwiAQRf-FtSHyKFCX7vsNZJgZpGogKe3K-O_apAvd3nPOfYkI21ri1nmJM4mLMOL0uyXAB9cd0B3qrUlsdV3mJHdFHrTLqRE_r4f7d1Cgl2_NxlB2NijGFFQezqPPmhznkTVnsi6AYoPMNlj0oDR7GpxW4C0ldFq8PwNzOKM:1qlQqa:4SRyD1-Zp9Fx4iDiJbFIZXPot9Jt402Zc1JRCAtUHWs", "expire_date": "2023-10-11T09:28:44.534Z"}}, {"model": "sessions.session", "pk": "7sdafc33xan3clg67vy69j088xaoufk8", "fields": {"session_data": ".eJxVjDsOwjAQBe_iGlmOvf5R0ucM1vqzOIAcKU4qxN1JpBTQvpl5bxZwW2vYelnClNmVDezyu0VMz9IOkB_Y7jNPc1uXKfJD4SftfJxzed1O9--gYq97DcIRgNMpEwFqiFoVBdZoSJAMoHODABu1yL54I2n3pTNeIigipS37fAHGojbM:1qhUAl:am5xL60HwMIIhpuTOxpINZeJVnye7pjkGFBILqr7oXg", "expire_date": "2023-09-30T12:13:15.395Z"}}, {"model": "sessions.session", "pk": "84j3n1a6ni8o6enpq4r66lsyv7tcnkgp", "fields": {"session_data": ".eJxVjMsOwiAQRf-FtSHyKFCX7vsNZJgZpGogKe3K-O_apAvd3nPOfYkI21ri1nmJM4mLMOL0uyXAB9cd0B3qrUlsdV3mJHdFHrTLqRE_r4f7d1Cgl2_NxlB2NijGFFQezqPPmhznkTVnsi6AYoPMNlj0oDR7GpxW4C0ldFq8PwNzOKM:1qlObL:z1turMJ-BEQt_rf5k4c-GYvD96ZKF-JmcwYK4zfSKfo", "expire_date": "2023-10-11T07:04:51.099Z"}}, {"model": "sessions.session", "pk": "8tmo7bmxs8gcap87h0szu1we9j9e0e2k", "fields": {"session_data": ".eJxVjEEOwiAQRe_C2hAGphVcuu8ZyDBMpWpoUtqV8e7apAvd_vfef6lI21ri1mSJU1YXher0uyXih9Qd5DvV26x5rusyJb0r-qBND3OW5_Vw_w4KtfKtnWQ0yTL2Doz1PaLzI2EHVs6eqbMoAUxGgDAiMSe05AyDBwmUgqj3B8AaN1k:1qlRPG:orLlTUFHSDJFuKpz-_j1yHpwue2ig_2-NlQ-3MeINtY", "expire_date": "2023-10-11T10:04:34.597Z"}}, {"model": "sessions.session", "pk": "976a9oz11nh30gnvc6z24abzdubfi3rq", "fields": {"session_data": ".eJxVjEEOwiAQRe_C2hAGphVcuu8ZyDBMpWpoUtqV8e7apAvd_vfef6lI21ri1mSJU1YXher0uyXih9Qd5DvV26x5rusyJb0r-qBND3OW5_Vw_w4KtfKtnWQ0yTL2Doz1PaLzI2EHVs6eqbMoAUxGgDAiMSe05AyDBwmUgqj3B8AaN1k:1qozor:IoAt4Hh7pN-DKVQUqZA0XH7Hm46AzApvD7q6DZOb_Hg", "expire_date": "2023-10-21T05:25:41.079Z"}}, {"model": "sessions.session", "pk": "aaif1xzbqlg42eyg8rydpmzjeja9a1lh", "fields": {"session_data": ".eJxVjDsOwjAQBe_iGlmOvf5R0ucM1vqzOIAcKU4qxN1JpBTQvpl5bxZwW2vYelnClNmVDezyu0VMz9IOkB_Y7jNPc1uXKfJD4SftfJxzed1O9--gYq97DcIRgNMpEwFqiFoVBdZoSJAMoHODABu1yL54I2n3pTNeIigipS37fAHGojbM:1qlQsD:-UvQeHPpIpJ8NRXk6K9R5C2Sfd3-dP2mIi3YU8NioIM", "expire_date": "2023-10-11T09:30:25.478Z"}}, {"model": "sessions.session", "pk": "ag3vmbe1ejq52wmb9qwx45xfzfr17epe", "fields": {"session_data": ".eJxVjDsOwjAQBe_iGlmOvf5R0ucM1vqzOIAcKU4qxN1JpBTQvpl5bxZwW2vYelnClNmVDezyu0VMz9IOkB_Y7jNPc1uXKfJD4SftfJxzed1O9--gYq97DcIRgNMpEwFqiFoVBdZoSJAMoHODABu1yL54I2n3pTNeIigipS37fAHGojbM:1qkhDi:E7AWpPkQYVL1rNdcD3fHdrYo8aIrHitYZE0tAdTr7EY", "expire_date": "2023-10-09T08:45:34.834Z"}}, {"model": "sessions.session", "pk": "airqg6z3pcjj8isj6436tyx0ugfhc7qm", "fields": {"session_data": ".eJxVjEEOwiAQRe_C2hAGphVcuu8ZyDBMpWpoUtqV8e7apAvd_vfef6lI21ri1mSJU1YXher0uyXih9Qd5DvV26x5rusyJb0r-qBND3OW5_Vw_w4KtfKtnWQ0yTL2Doz1PaLzI2EHVs6eqbMoAUxGgDAiMSe05AyDBwmUgqj3B8AaN1k:1qnyFO:hpyJ8xlhlFonD4-imgZ7oSe2l1uf0AYqEuJ1zEssQ8A", "expire_date": "2023-10-18T09:32:50.842Z"}}, {"model": "sessions.session", "pk": "cq2rdfxh784cnyml45gvjbfsipkhhjs2", "fields": {"session_data": ".eJxVjDsOwjAQBe_iGlmOvf5R0ucM1vqzOIAcKU4qxN1JpBTQvpl5bxZwW2vYelnClNmVDezyu0VMz9IOkB_Y7jNPc1uXKfJD4SftfJxzed1O9--gYq97DcIRgNMpEwFqiFoVBdZoSJAMoHODABu1yL54I2n3pTNeIigipS37fAHGojbM:1qmBqO:E7dVI-lffgiCIGnqKst5NCBB1HhA62svwk9exnBXZvo", "expire_date": "2023-10-13T11:39:40.785Z"}}, {"model": "sessions.session", "pk": "d2vtbb2azvuc0oo9x5ap6k0ctqm03psn", "fields": {"session_data": ".eJxVjEEOwiAQRe_C2hAGphVcuu8ZyDBMpWpoUtqV8e7apAvd_vfef6lI21ri1mSJU1YXher0uyXih9Qd5DvV26x5rusyJb0r-qBND3OW5_Vw_w4KtfKtnWQ0yTL2Doz1PaLzI2EHVs6eqbMoAUxGgDAiMSe05AyDBwmUgqj3B8AaN1k:1qmuho:co_Up9By2sDYqrJtFyFfsMFwrGrVt995aSWyFZ0JloA", "expire_date": "2023-10-15T11:33:48.662Z"}}, {"model": "sessions.session", "pk": "dk2v59cmwiabpbsczmp9tzukl0zy47gm", "fields": {"session_data": ".eJxVjMsOwiAQRf-FtSHyKFCX7vsNZJgZpGogKe3K-O_apAvd3nPOfYkI21ri1nmJM4mLMOL0uyXAB9cd0B3qrUlsdV3mJHdFHrTLqRE_r4f7d1Cgl2_NxlB2NijGFFQezqPPmhznkTVnsi6AYoPMNlj0oDR7GpxW4C0ldFq8PwNzOKM:1qpk7D:iSrVhGE-p4PutBWG-GGhmZjIdoddQdSzXeJFM5iLWxU", "expire_date": "2023-10-23T06:51:43.792Z"}}, {"model": "sessions.session", "pk": "dldhmknh8ph4s536a0igygnxki35u9ze", "fields": {"session_data": ".eJxVjDsOwjAQBe_iGlmOvf5R0ucM1vqzOIAcKU4qxN1JpBTQvpl5bxZwW2vYelnClNmVDezyu0VMz9IOkB_Y7jNPc1uXKfJD4SftfJxzed1O9--gYq97DcIRgNMpEwFqiFoVBdZoSJAMoHODABu1yL54I2n3pTNeIigipS37fAHGojbM:1qnAiv:JQj-SzLP5S3LXuJEIVynyTNgdQbmYZ1Q3d_Lx13iCfY", "expire_date": "2023-10-16T04:40:01.096Z"}}, {"model": "sessions.session", "pk": "ehdxho7x3covnjqcni1qpy1rkgt1o6xw", "fields": {"session_data": ".eJxVjDsOwjAQBe_iGlmOvf5R0ucM1vqzOIAcKU4qxN1JpBTQvpl5bxZwW2vYelnClNmVDezyu0VMz9IOkB_Y7jNPc1uXKfJD4SftfJxzed1O9--gYq97DcIRgNMpEwFqiFoVBdZoSJAMoHODABu1yL54I2n3pTNeIigipS37fAHGojbM:1qjGrl:m1KMVys9SLhxhMfuoQ-zJAM7p4wtmKFIyj3Q-cobTtk", "expire_date": "2023-10-05T10:25:01.488Z"}}, {"model": "sessions.session", "pk": "ep5jy4bedr8f98mwpd1q6l1nhug2jk2h", "fields": {"session_data": ".eJxVjEEOwiAQRe_C2hAGphVcuu8ZyDBMpWpoUtqV8e7apAvd_vfef6lI21ri1mSJU1YXher0uyXih9Qd5DvV26x5rusyJb0r-qBND3OW5_Vw_w4KtfKtnWQ0yTL2Doz1PaLzI2EHVs6eqbMoAUxGgDAiMSe05AyDBwmUgqj3B8AaN1k:1qplOz:0ZsQaxDip2W8onWUqWiPwNFgqiI9KEkEZOqLKF0bMfE", "expire_date": "2023-10-23T08:14:09.596Z"}}, {"model": "sessions.session", "pk": "fk1os3x53hxi38n0s9mq74hzb75f61eg", "fields": {"session_data": ".eJxVjEEOwiAQRe_C2hAGphVcuu8ZyDBMpWpoUtqV8e7apAvd_vfef6lI21ri1mSJU1YXher0uyXih9Qd5DvV26x5rusyJb0r-qBND3OW5_Vw_w4KtfKtnWQ0yTL2Doz1PaLzI2EHVs6eqbMoAUxGgDAiMSe05AyDBwmUgqj3B8AaN1k:1qogP3:mxSyBApYxKuOoqWUKBlDJ5FS_NFX9ikW8GcD1DjfAxg", "expire_date": "2023-10-20T08:41:45.388Z"}}, {"model": "sessions.session", "pk": "fldiu68dlof6h47wge195kr7d3986k8d", "fields": {"session_data": ".eJxVjDsOwjAQBe_iGlmOvf5R0ucM1vqzOIAcKU4qxN1JpBTQvpl5bxZwW2vYelnClNmVDezyu0VMz9IOkB_Y7jNPc1uXKfJD4SftfJxzed1O9--gYq97DcIRgNMpEwFqiFoVBdZoSJAMoHODABu1yL54I2n3pTNeIigipS37fAHGojbM:1qiukP:bNkEUaCmO5QfiF8VLVHV5NTa0zjkFfzXGZmEdd4KYZ4", "expire_date": "2023-10-04T10:47:57.169Z"}}, {"model": "sessions.session", "pk": "fvpu4jacadmf8gk8sc03gqifjhq4doeq", "fields": {"session_data": ".eJxVjDsOwjAQBe_iGlmOvf5R0ucM1vqzOIAcKU4qxN1JpBTQvpl5bxZwW2vYelnClNmVDezyu0VMz9IOkB_Y7jNPc1uXKfJD4SftfJxzed1O9--gYq97DcIRgNMpEwFqiFoVBdZoSJAMoHODABu1yL54I2n3pTNeIigipS37fAHGojbM:1qhxii:wY53e6yiMYYdgz92ged6mUEwFTCldlbyk8Us2yN9po0", "expire_date": "2023-10-01T19:46:16.724Z"}}, {"model": "sessions.session", "pk": "gedu5v67sd4w8her6lzh99z0qfcyrmn7", "fields": {"session_data": ".eJxVjMsOwiAQRf-FtSHyKFCX7vsNZJgZpGogKe3K-O_apAvd3nPOfYkI21ri1nmJM4mLMOL0uyXAB9cd0B3qrUlsdV3mJHdFHrTLqRE_r4f7d1Cgl2_NxlB2NijGFFQezqPPmhznkTVnsi6AYoPMNlj0oDR7GpxW4C0ldFq8PwNzOKM:1qnyF0:kLPdtzMVbLx_qpBiiLMSV0UbmKy15tAIbzS9EmsI8ew", "expire_date": "2023-10-18T09:32:26.770Z"}}, {"model": "sessions.session", "pk": "gh94rlyhrc1yqxz449g831ilnxjei8u6", "fields": {"session_data": ".eJxVjMsOwiAQRf-FtSHyKFCX7vsNZJgZpGogKe3K-O_apAvd3nPOfYkI21ri1nmJM4mLMOL0uyXAB9cd0B3qrUlsdV3mJHdFHrTLqRE_r4f7d1Cgl2_NxlB2NijGFFQezqPPmhznkTVnsi6AYoPMNlj0oDR7GpxW4C0ldFq8PwNzOKM:1qp6ZF:kyt82J9FdVi4_sVj-Qnx3eCQUmHhQWpBneECfbavbvs", "expire_date": "2023-10-21T12:38:01.201Z"}}, {"model": "sessions.session", "pk": "hdmhdyyi12vhqw6or2m5i1eu9xoq2xvz", "fields": {"session_data": ".eJxVjMsOwiAQRf-FtSHyKFCX7vsNZJgZpGogKe3K-O_apAvd3nPOfYkI21ri1nmJM4mLMOL0uyXAB9cd0B3qrUlsdV3mJHdFHrTLqRE_r4f7d1Cgl2_NxlB2NijGFFQezqPPmhznkTVnsi6AYoPMNlj0oDR7GpxW4C0ldFq8PwNzOKM:1qpnXk:IP42lZqRSHPt-dl96X_iZmuVqBZRNlsg9sgt-9JBtDc", "expire_date": "2023-10-23T10:31:20.033Z"}}, {"model": "sessions.session", "pk": "i1w4ud1kdbdrz422svopy4p4ycm8d4w9", "fields": {"session_data": ".eJxVjMsOwiAQRf-FtSHyKFCX7vsNZJgZpGogKe3K-O_apAvd3nPOfYkI21ri1nmJM4mLMOL0uyXAB9cd0B3qrUlsdV3mJHdFHrTLqRE_r4f7d1Cgl2_NxlB2NijGFFQezqPPmhznkTVnsi6AYoPMNlj0oDR7GpxW4C0ldFq8PwNzOKM:1qplNQ:H2PGb-qLImDBJpVESFc_HPnIEtAw8CxUrbGfkLtoSho", "expire_date": "2023-10-23T08:12:32.458Z"}}, {"model": "sessions.session", "pk": "iutw8yafzv5m4qfkqazxmyg27ylu7i6j", "fields": {"session_data": ".eJxVjDsOwjAQBe_iGlmOvf5R0ucM1vqzOIAcKU4qxN1JpBTQvpl5bxZwW2vYelnClNmVDezyu0VMz9IOkB_Y7jNPc1uXKfJD4SftfJxzed1O9--gYq97DcIRgNMpEwFqiFoVBdZoSJAMoHODABu1yL54I2n3pTNeIigipS37fAHGojbM:1qlV5J:B-gEJAbe-PewjvqlmmqnnYd8DdORkOsYAtI8TPkRu1Q", "expire_date": "2023-10-11T14:00:13.689Z"}}, {"model": "sessions.session", "pk": "iuzbngs2bw4yieg1cmqgkmiu2dffhnyk", "fields": {"session_data": ".eJxVjEEOwiAQRe_C2hAGphVcuu8ZyDBMpWpoUtqV8e7apAvd_vfef6lI21ri1mSJU1YXher0uyXih9Qd5DvV26x5rusyJb0r-qBND3OW5_Vw_w4KtfKtnWQ0yTL2Doz1PaLzI2EHVs6eqbMoAUxGgDAiMSe05AyDBwmUgqj3B8AaN1k:1qjZoJ:yzIBO0Gzc2elym4WrqDGvrzb8BY_WXD9TpqDHj0oDKA", "expire_date": "2023-10-06T06:38:43.674Z"}}, {"model": "sessions.session", "pk": "iyub173numxs2m2t3yicln11ehgpo701", "fields": {"session_data": ".eJxVjDsOwjAQBe_iGlmOvf5R0ucM1vqzOIAcKU4qxN1JpBTQvpl5bxZwW2vYelnClNmVDezyu0VMz9IOkB_Y7jNPc1uXKfJD4SftfJxzed1O9--gYq97DcIRgNMpEwFqiFoVBdZoSJAMoHODABu1yL54I2n3pTNeIigipS37fAHGojbM:1qlV8H:8gBZiItEIkKjzoCELk8nBXnI1CG6UtV2ll7I2V-UKr8", "expire_date": "2023-10-11T14:03:17.815Z"}}, {"model": "sessions.session", "pk": "jdqafkp0votkgvzbwgkd17fhq29pt8yy", "fields": {"session_data": ".eJxVjDsOwjAQBe_iGlmOvf5R0ucM1vqzOIAcKU4qxN1JpBTQvpl5bxZwW2vYelnClNmVDezyu0VMz9IOkB_Y7jNPc1uXKfJD4SftfJxzed1O9--gYq97DcIRgNMpEwFqiFoVBdZoSJAMoHODABu1yL54I2n3pTNeIigipS37fAHGojbM:1qndfn:p6uIJx9Y95TMP09p7IVDao2ENfeZo8z54sbhbxWnwcc", "expire_date": "2023-10-17T11:34:43.369Z"}}, {"model": "sessions.session", "pk": "jfkbn7r3exqozpsp2o8mq1fwurvmxg5t", "fields": {"session_data": ".eJxVjDsOwjAQBe_iGlmOvf5R0ucM1vqzOIAcKU4qxN1JpBTQvpl5bxZwW2vYelnClNmVDezyu0VMz9IOkB_Y7jNPc1uXKfJD4SftfJxzed1O9--gYq97DcIRgNMpEwFqiFoVBdZoSJAMoHODABu1yL54I2n3pTNeIigipS37fAHGojbM:1qm6Qm:Q46HX5fCMp3QtVB33zhQFdv1yRgkqo5poZEOcQQt8hU", "expire_date": "2023-10-13T05:52:52.568Z"}}, {"model": "sessions.session", "pk": "jqvzny6cvtmokpzeonby4bjx3k7mz0c4", "fields": {"session_data": ".eJxVjEEOwiAQRe_C2hAGphVcuu8ZyDBMpWpoUtqV8e7apAvd_vfef6lI21ri1mSJU1YXher0uyXih9Qd5DvV26x5rusyJb0r-qBND3OW5_Vw_w4KtfKtnWQ0yTL2Doz1PaLzI2EHVs6eqbMoAUxGgDAiMSe05AyDBwmUgqj3B8AaN1k:1qpkDR:gnDxYVZ-oFvZAHBK70B_W9h2eYZ5sCUMwxMCvAvH7a0", "expire_date": "2023-10-23T06:58:09.554Z"}}, {"model": "sessions.session", "pk": "jtq1a7e4u0fosu2h1eq6h9v2toxxcgr5", "fields": {"session_data": ".eJxVjDsOwjAQBe_iGlmOvf5R0ucM1vqzOIAcKU4qxN1JpBTQvpl5bxZwW2vYelnClNmVDezyu0VMz9IOkB_Y7jNPc1uXKfJD4SftfJxzed1O9--gYq97DcIRgNMpEwFqiFoVBdZoSJAMoHODABu1yL54I2n3pTNeIigipS37fAHGojbM:1qi5yD:ltbiDKblVEvlnJDDkGM4uryQMluzl-LjIY_CYWlUrrE", "expire_date": "2023-10-02T04:34:49.966Z"}}, {"model": "sessions.session", "pk": "jzjlcczdm01hno5da9uysp5uke1kfa18", "fields": {"session_data": ".eJxVjEEOwiAQRe_C2hAGphVcuu8ZyDBMpWpoUtqV8e7apAvd_vfef6lI21ri1mSJU1YXher0uyXih9Qd5DvV26x5rusyJb0r-qBND3OW5_Vw_w4KtfKtnWQ0yTL2Doz1PaLzI2EHVs6eqbMoAUxGgDAiMSe05AyDBwmUgqj3B8AaN1k:1qnzAh:dcipcePowHQqOKgC9Eiv2dTFnr_nfdLkXJfenj9YmbM", "expire_date": "2023-10-18T10:32:03.637Z"}}, {"model": "sessions.session", "pk": "kqbsrdlf6azjk9bzm60ek4gpy5p4i91q", "fields": {"session_data": ".eJxVjDsOwjAQBe_iGlmOvf5R0ucM1vqzOIAcKU4qxN1JpBTQvpl5bxZwW2vYelnClNmVDezyu0VMz9IOkB_Y7jNPc1uXKfJD4SftfJxzed1O9--gYq97DcIRgNMpEwFqiFoVBdZoSJAMoHODABu1yL54I2n3pTNeIigipS37fAHGojbM:1qlQog:Fu6D6lq15DtFHReacAFv80cOiAzJXOMX4QFDLJC2hpM", "expire_date": "2023-10-11T09:26:46.582Z"}}, {"model": "sessions.session", "pk": "kzyfo49ld6rawwf43j5iwqe6jfr3l4lq", "fields": {"session_data": ".eJxVjEEOwiAQRe_C2hAGphVcuu8ZyDBMpWpoUtqV8e7apAvd_vfef6lI21ri1mSJU1YXher0uyXih9Qd5DvV26x5rusyJb0r-qBND3OW5_Vw_w4KtfKtnWQ0yTL2Doz1PaLzI2EHVs6eqbMoAUxGgDAiMSe05AyDBwmUgqj3B8AaN1k:1qpniJ:qgLYgtzZob2r9RU1Esc7jjP6wdCGUhZ44TYjTxAMK9s", "expire_date": "2023-10-23T10:42:15.684Z"}}, {"model": "sessions.session", "pk": "l4g84xt1jd1i4jfabjdungtyaopvv0as", "fields": {"session_data": ".eJxVjDsOwjAQBe_iGlmOvf5R0ucM1vqzOIAcKU4qxN1JpBTQvpl5bxZwW2vYelnClNmVDezyu0VMz9IOkB_Y7jNPc1uXKfJD4SftfJxzed1O9--gYq97DcIRgNMpEwFqiFoVBdZoSJAMoHODABu1yL54I2n3pTNeIigipS37fAHGojbM:1qnIwP:eFs5tLqKuKUQRuOpDxviv_XlviJ_cNRyc742wU2e37s", "expire_date": "2023-10-16T13:26:29.062Z"}}, {"model": "sessions.session", "pk": "lny37zjs4ovc8jiqcjfft4s8umrxoxyw", "fields": {"session_data": ".eJxVjMsOwiAQRf-FtSHyKFCX7vsNZJgZpGogKe3K-O_apAvd3nPOfYkI21ri1nmJM4mLMOL0uyXAB9cd0B3qrUlsdV3mJHdFHrTLqRE_r4f7d1Cgl2_NxlB2NijGFFQezqPPmhznkTVnsi6AYoPMNlj0oDR7GpxW4C0ldFq8PwNzOKM:1qojE3:sANJd4mBn6-yzlEaKnAjQDQp2w_4rtOk9k8Ya3t4k38", "expire_date": "2023-10-20T11:42:35.937Z"}}, {"model": "sessions.session", "pk": "lp475r3exkxjsucchdoqddg8m6kefk0z", "fields": {"session_data": ".eJxVjMsOwiAQRf-FtSHyKFCX7vsNZJgZpGogKe3K-O_apAvd3nPOfYkI21ri1nmJM4mLMOL0uyXAB9cd0B3qrUlsdV3mJHdFHrTLqRE_r4f7d1Cgl2_NxlB2NijGFFQezqPPmhznkTVnsi6AYoPMNlj0oDR7GpxW4C0ldFq8PwNzOKM:1qnyDt:0dVxrA7bDUM_zLUGhKQ3A2hT3VwHOwGJA8FJrwqXgvk", "expire_date": "2023-10-18T09:31:17.982Z"}}, {"model": "sessions.session", "pk": "msyp93p4mq88nfs5op5q9wt5tpy4jg2a", "fields": {"session_data": ".eJxVjEEOwiAQRe_C2hAGphVcuu8ZyDBMpWpoUtqV8e7apAvd_vfef6lI21ri1mSJU1YXher0uyXih9Qd5DvV26x5rusyJb0r-qBND3OW5_Vw_w4KtfKtnWQ0yTL2Doz1PaLzI2EHVs6eqbMoAUxGgDAiMSe05AyDBwmUgqj3B8AaN1k:1qogRH:5iLHDL_LrykEqJxWmhQNKbmjAzCswbKxMiEtUz3wiGA", "expire_date": "2023-10-20T08:44:03.104Z"}}, {"model": "sessions.session", "pk": "nkiw08zr9soarcl8usrudw8dx03ptisk", "fields": {"session_data": ".eJxVjEEOwiAQRe_C2hAGphVcuu8ZyDBMpWpoUtqV8e7apAvd_vfef6lI21ri1mSJU1YXher0uyXih9Qd5DvV26x5rusyJb0r-qBND3OW5_Vw_w4KtfKtnWQ0yTL2Doz1PaLzI2EHVs6eqbMoAUxGgDAiMSe05AyDBwmUgqj3B8AaN1k:1qnyEc:q2K2SGVD5l81I298flOEj-lyejc0Y1wyM_ZutZWiGKI", "expire_date": "2023-10-18T09:32:02.500Z"}}, {"model": "sessions.session", "pk": "nr98stek7pp0mjlxg0wi0capx734utkm", "fields": {"session_data": ".eJxVjMsOwiAQRf-FtSHyKFCX7vsNZJgZpGogKe3K-O_apAvd3nPOfYkI21ri1nmJM4mLMOL0uyXAB9cd0B3qrUlsdV3mJHdFHrTLqRE_r4f7d1Cgl2_NxlB2NijGFFQezqPPmhznkTVnsi6AYoPMNlj0oDR7GpxW4C0ldFq8PwNzOKM:1qkfOJ:wRxYDDVmREeCla4UMybjQLuGqUoc4YBCoPL86rYuLg0", "expire_date": "2023-10-09T06:48:23.960Z"}}, {"model": "sessions.session", "pk": "o2nfyhafxtwwlxgdenj6od9e0g8m87js", "fields": {"session_data": ".eJxVjEEOwiAQRe_C2hAGphVcuu8ZyDBMpWpoUtqV8e7apAvd_vfef6lI21ri1mSJU1YXher0uyXih9Qd5DvV26x5rusyJb0r-qBND3OW5_Vw_w4KtfKtnWQ0yTL2Doz1PaLzI2EHVs6eqbMoAUxGgDAiMSe05AyDBwmUgqj3B8AaN1k:1qnx1b:79OGtqjl407Rmv7nR9dHhVwCgebMyM0qW6OYM2Z8qJI", "expire_date": "2023-10-18T08:14:31.351Z"}}, {"model": "sessions.session", "pk": "olwnakyrbf6qu1m13q83mfeah8jdelly", "fields": {"session_data": ".eJxVjEEOwiAQRe_C2hAGphVcuu8ZyDBMpWpoUtqV8e7apAvd_vfef6lI21ri1mSJU1YXher0uyXih9Qd5DvV26x5rusyJb0r-qBND3OW5_Vw_w4KtfKtnWQ0yTL2Doz1PaLzI2EHVs6eqbMoAUxGgDAiMSe05AyDBwmUgqj3B8AaN1k:1qnImH:7rTRbahkj005cQkhomZN9aw519ZO9nZGn931N7OVdAw", "expire_date": "2023-10-16T13:16:01.810Z"}}, {"model": "sessions.session", "pk": "ot7wj1ukyhfqswkh5iw84s8kfxv26fra", "fields": {"session_data": ".eJxVjEEOwiAQRe_C2hAGphVcuu8ZyDBMpWpoUtqV8e7apAvd_vfef6lI21ri1mSJU1YXher0uyXih9Qd5DvV26x5rusyJb0r-qBND3OW5_Vw_w4KtfKtnWQ0yTL2Doz1PaLzI2EHVs6eqbMoAUxGgDAiMSe05AyDBwmUgqj3B8AaN1k:1qnCYx:-r-6-E2GHUOvooDTRZWDjthS8hhLkCZitpIc76bF-s4", "expire_date": "2023-10-16T06:37:51.831Z"}}, {"model": "sessions.session", "pk": "pg5bddr6128lxa6wmfgp0f2ysjktm4ve", "fields": {"session_data": ".eJxVjDsOwjAQBe_iGlmOvf5R0ucM1vqzOIAcKU4qxN1JpBTQvpl5bxZwW2vYelnClNmVDezyu0VMz9IOkB_Y7jNPc1uXKfJD4SftfJxzed1O9--gYq97DcIRgNMpEwFqiFoVBdZoSJAMoHODABu1yL54I2n3pTNeIigipS37fAHGojbM:1qpPjS:ArW8U-sRzmMoUkLu-5A_uUbAMt0EvcqZsMLjzVEAfBw", "expire_date": "2023-10-22T09:05:50.278Z"}}, {"model": "sessions.session", "pk": "pqa7292kg30cbgr3p7wswyuzvg2irv93", "fields": {"session_data": ".eJxVjDsOwjAQBe_iGlmOvf5R0ucM1vqzOIAcKU4qxN1JpBTQvpl5bxZwW2vYelnClNmVDezyu0VMz9IOkB_Y7jNPc1uXKfJD4SftfJxzed1O9--gYq97DcIRgNMpEwFqiFoVBdZoSJAMoHODABu1yL54I2n3pTNeIigipS37fAHGojbM:1qo1pn:Y7iSkqtoUyn1-7NGx3yQZLtxi0K-P__J1r4Tik8PBVk", "expire_date": "2023-10-18T13:22:39.523Z"}}, {"model": "sessions.session", "pk": "rg3yw3wsemx5206bdjx9b6cvp66ax7t0", "fields": {"session_data": ".eJxVjMsOwiAQRf-FtSHyKFCX7vsNZJgZpGogKe3K-O_apAvd3nPOfYkI21ri1nmJM4mLMOL0uyXAB9cd0B3qrUlsdV3mJHdFHrTLqRE_r4f7d1Cgl2_NxlB2NijGFFQezqPPmhznkTVnsi6AYoPMNlj0oDR7GpxW4C0ldFq8PwNzOKM:1qmWNf:EA7Rc7aAUet6V63sKH2ZBaYK6ZjQUy_kyYcd7QpJoC0", "expire_date": "2023-10-14T09:35:23.908Z"}}, {"model": "sessions.session", "pk": "rsdkxhpiotr716mw52ptkysjynnyq1fm", "fields": {"session_data": ".eJxVjMsOwiAQRf-FtSHyKFCX7vsNZJgZpGogKe3K-O_apAvd3nPOfYkI21ri1nmJM4mLMOL0uyXAB9cd0B3qrUlsdV3mJHdFHrTLqRE_r4f7d1Cgl2_NxlB2NijGFFQezqPPmhznkTVnsi6AYoPMNlj0oDR7GpxW4C0ldFq8PwNzOKM:1qmYzO:1X2xRgA0DEaRZ_u0basHhrNmu5NdljaQbHeNfK7Sywo", "expire_date": "2023-10-14T12:22:30.930Z"}}, {"model": "sessions.session", "pk": "rzbmn2puhhob1oaq64opuv406poan8f4", "fields": {"session_data": ".eJxVjDsOwjAQBe_iGlmOvf5R0ucM1vqzOIAcKU4qxN1JpBTQvpl5bxZwW2vYelnClNmVDezyu0VMz9IOkB_Y7jNPc1uXKfJD4SftfJxzed1O9--gYq97DcIRgNMpEwFqiFoVBdZoSJAMoHODABu1yL54I2n3pTNeIigipS37fAHGojbM:1qpngh:u2g4SOHDn9XxHXXzvzD_W_bZJCv7gY09LXmvHMlJ7rU", "expire_date": "2023-10-23T10:40:35.082Z"}}, {"model": "sessions.session", "pk": "smpt576go2rx4ngbidj57roa81ff3yya", "fields": {"session_data": ".eJxVjDsOwjAQBe_iGlmOvf5R0ucM1vqzOIAcKU4qxN1JpBTQvpl5bxZwW2vYelnClNmVDezyu0VMz9IOkB_Y7jNPc1uXKfJD4SftfJxzed1O9--gYq97DcIRgNMpEwFqiFoVBdZoSJAMoHODABu1yL54I2n3pTNeIigipS37fAHGojbM:1qlBl6:Lt6HMBrVwuYC8YeS7QVcV8P_COVk_gpkOULQuy-E5I4", "expire_date": "2023-10-10T17:22:04.050Z"}}, {"model": "sessions.session", "pk": "u86g6m8zocs1i3ewrkz67qdp4zfq128m", "fields": {"session_data": ".eJxVjEEOwiAQRe_C2hAGphVcuu8ZyDBMpWpoUtqV8e7apAvd_vfef6lI21ri1mSJU1YXher0uyXih9Qd5DvV26x5rusyJb0r-qBND3OW5_Vw_w4KtfKtnWQ0yTL2Doz1PaLzI2EHVs6eqbMoAUxGgDAiMSe05AyDBwmUgqj3B8AaN1k:1qnyBh:XRXLKbUuOxM3pl2ehxC5dK5iTd8V5Hi0ZTlWxwHkEaU", "expire_date": "2023-10-18T09:29:01.762Z"}}, {"model": "sessions.session", "pk": "u9won01cmwfs5ngrz8jcmdm33sncuehy", "fields": {"session_data": ".eJxVjEEOwiAQRe_C2hAGphVcuu8ZyDBMpWpoUtqV8e7apAvd_vfef6lI21ri1mSJU1YXher0uyXih9Qd5DvV26x5rusyJb0r-qBND3OW5_Vw_w4KtfKtnWQ0yTL2Doz1PaLzI2EHVs6eqbMoAUxGgDAiMSe05AyDBwmUgqj3B8AaN1k:1qncfW:EKFWmjD5XZqlqjJUltL-3urd1u88V4GuB-dbjasLfJs", "expire_date": "2023-10-17T10:30:22.263Z"}}, {"model": "sessions.session", "pk": "ubjh55g1io36z9wznjk677z05x0aw5wf", "fields": {"session_data": ".eJxVjEEOwiAQRe_C2hAGphVcuu8ZyDBMpWpoUtqV8e7apAvd_vfef6lI21ri1mSJU1YXher0uyXih9Qd5DvV26x5rusyJb0r-qBND3OW5_Vw_w4KtfKtnWQ0yTL2Doz1PaLzI2EHVs6eqbMoAUxGgDAiMSe05AyDBwmUgqj3B8AaN1k:1qpnuE:bGm2xiofnOQk73UncAqcfaZsEUNTIY0SmNuDh3Cyjzo", "expire_date": "2023-10-23T10:54:34.220Z"}}, {"model": "sessions.session", "pk": "vjs0v8ah1lvp94qmhwpb464ntn9ar4as", "fields": {"session_data": ".eJxVjEEOwiAQRe_C2hAGphVcuu8ZyDBMpWpoUtqV8e7apAvd_vfef6lI21ri1mSJU1YXher0uyXih9Qd5DvV26x5rusyJb0r-qBND3OW5_Vw_w4KtfKtnWQ0yTL2Doz1PaLzI2EHVs6eqbMoAUxGgDAiMSe05AyDBwmUgqj3B8AaN1k:1qog78:2lJOJ55hqM8U_JUTE4YxHV9XwneYdPXPVKkeemnbdE0", "expire_date": "2023-10-20T08:23:14.751Z"}}, {"model": "sessions.session", "pk": "vyfeyoyarslwzty3i7ajxrralzirxo2i", "fields": {"session_data": ".eJxVjEEOwiAQRe_C2hAGphVcuu8ZyDBMpWpoUtqV8e7apAvd_vfef6lI21ri1mSJU1YXher0uyXih9Qd5DvV26x5rusyJb0r-qBND3OW5_Vw_w4KtfKtnWQ0yTL2Doz1PaLzI2EHVs6eqbMoAUxGgDAiMSe05AyDBwmUgqj3B8AaN1k:1qlQmD:AS4xgU5DyJRlz0o_T1HQD9upxdObh63y_TiCPIfQoVM", "expire_date": "2023-10-11T09:24:13.516Z"}}, {"model": "sessions.session", "pk": "wb4umftoefsh2ztsjpia3yktmzf7o7r3", "fields": {"session_data": ".eJxVjMsOwiAQRf-FtSHyKFCX7vsNZJgZpGogKe3K-O_apAvd3nPOfYkI21ri1nmJM4mLMOL0uyXAB9cd0B3qrUlsdV3mJHdFHrTLqRE_r4f7d1Cgl2_NxlB2NijGFFQezqPPmhznkTVnsi6AYoPMNlj0oDR7GpxW4C0ldFq8PwNzOKM:1qkhAR:knoUWxurM4CzyUc7D_HmPyRVRWEQC2OmJFoh4ZRv55E", "expire_date": "2023-10-09T08:42:11.955Z"}}, {"model": "sessions.session", "pk": "x7u13gtcbyxnnr5xpyryvl087juybnvp", "fields": {"session_data": ".eJxVjDsOwjAQBe_iGlmOvf5R0ucM1vqzOIAcKU4qxN1JpBTQvpl5bxZwW2vYelnClNmVDezyu0VMz9IOkB_Y7jNPc1uXKfJD4SftfJxzed1O9--gYq97DcIRgNMpEwFqiFoVBdZoSJAMoHODABu1yL54I2n3pTNeIigipS37fAHGojbM:1qpPhU:wroIxYMLUPvrwohsSFWiQeI4SK6pItmwWenuhC-C7Zw", "expire_date": "2023-10-22T09:03:48.136Z"}}, {"model": "sessions.session", "pk": "y40pk5kdgx6r2o5o3eov94gx9l8j8fgk", "fields": {"session_data": ".eJxVjEEOwiAQRe_C2hAGphVcuu8ZyDBMpWpoUtqV8e7apAvd_vfef6lI21ri1mSJU1YXher0uyXih9Qd5DvV26x5rusyJb0r-qBND3OW5_Vw_w4KtfKtnWQ0yTL2Doz1PaLzI2EHVs6eqbMoAUxGgDAiMSe05AyDBwmUgqj3B8AaN1k:1qlQpH:Ooo_KZquU0Udj6Woc5LmCAH6KRFYj53qEGSUltxYZvU", "expire_date": "2023-10-11T09:27:23.468Z"}}, {"model": "sessions.session", "pk": "yvyw79x9nwckwczcr18nhqzutzs9b6t2", "fields": {"session_data": ".eJxVjMsOwiAQRf-FtSHyKFCX7vsNZJgZpGogKe3K-O_apAvd3nPOfYkI21ri1nmJM4mLMOL0uyXAB9cd0B3qrUlsdV3mJHdFHrTLqRE_r4f7d1Cgl2_NxlB2NijGFFQezqPPmhznkTVnsi6AYoPMNlj0oDR7GpxW4C0ldFq8PwNzOKM:1qnyfB:Q0gHrGgFnjo8PQQYmn1fXbqKqqLnzOg4GlwWLXBCE44", "expire_date": "2023-10-18T09:59:29.321Z"}}, {"model": "sessions.session", "pk": "z9bwestwbris8lmdfudgbfm5ztmioz5d", "fields": {"session_data": ".eJxVjDsOwjAQBe_iGlmOvf5R0ucM1vqzOIAcKU4qxN1JpBTQvpl5bxZwW2vYelnClNmVDezyu0VMz9IOkB_Y7jNPc1uXKfJD4SftfJxzed1O9--gYq97DcIRgNMpEwFqiFoVBdZoSJAMoHODABu1yL54I2n3pTNeIigipS37fAHGojbM:1qkhGI:Hr_MT9-rI9Z-WBIdbhP3llFJ6iGqPZ3ZzwIn85iw3WY", "expire_date": "2023-10-09T08:48:14.342Z"}}, {"model": "sessions.session", "pk": "zkc2zj0zlywf80vb9ad0enbf1xm1z3ha", "fields": {"session_data": ".eJxVjEEOwiAQRe_C2hAGphVcuu8ZyDBMpWpoUtqV8e7apAvd_vfef6lI21ri1mSJU1YXher0uyXih9Qd5DvV26x5rusyJb0r-qBND3OW5_Vw_w4KtfKtnWQ0yTL2Doz1PaLzI2EHVs6eqbMoAUxGgDAiMSe05AyDBwmUgqj3B8AaN1k:1qmXWw:pW3HGW1JmX-xxfg0hbG6687iGUq9SJjGXBkK8jTu4b4", "expire_date": "2023-10-14T10:49:02.427Z"}}, {"model": "store.customer", "pk": 1, "fields": {"name": "Forbes Marshall", "address": "Chakan", "mobile_no": 4444}}, {"model": "store.customer", "pk": 3, "fields": {"name": "Rashmi Heater", "address": "abc", "mobile_no": 123}}, {"model": "store.customer", "pk": 4, "fields": {"name": "Eagle Burgmann", "address": "abc", "mobile_no": 123}}, {"model": "store.customer", "pk": 5, "fields": {"name": "H.Y.T", "address": "123", "mobile_no": 123}}, {"model": "store.customer", "pk": 6, "fields": {"name": "Delval Flow Controls", "address": "Khandala", "mobile_no": 0}}, {"model": "store.customer", "pk": 7, "fields": {"name": "RAVIRAJ ANODISERS", "address": "A-111-A, H BLOCK, MIDC, PIMPRI, PUNE - 411 018.", "mobile_no": 9823208347}}, {"model": "store.customer", "pk": 8, "fields": {"name": "BAJEL PROJECTS LIMITED", "address": "RAJANGAON INDUSTRIAL AREA , MIDC, PUNE NAGAR ROAD, DHOKASANGHAVI,PLOT NO.B7 412 209", "mobile_no": 9970186599}}, {"model": "store.customer", "pk": 9, "fields": {"name": "BIOASPIRE PROCESS SOLUTION PVT LTD", "address": "GAT NO.284/1 AT & POST GONDE DUMALA TALUKA : IGATPURI DIST NASHIK - 422 403", "mobile_no": 9699781628}}, {"model": "store.customer", "pk": 10, "fields": {"name": "Hydroteck Engineering Company", "address": "30/4, D-II Block MIDC, Chinchwad, Pune-411019", "mobile_no": 2027471399}}, {"model": "store.customer", "pk": 11, "fields": {"name": "INTERVALVE POONAWALA LTD", "address": "94/1 MANJRI, OFF SOLI POONAWALLA ROAD, PUNE 412 307, INDIA", "mobile_no": 7498297504}}, {"model": "store.customer", "pk": 13, "fields": {"name": "Viswasuta Engineering LLP", "address": "Gate No-675/2, Opp. Kalyani Forge,Pune-Nashik Highway, Kuruli, Tal-Khed, Dist-Pune, 410501.", "mobile_no": 9096626867}}, {"model": "store.customer", "pk": 14, "fields": {"name": "Fabxotic India Private Limited,", "address": "Plot No PAP A- 58, Phase IV, MIDC Chakan,  Nighoje, Behind HP Petrol Pump,  Pune 410501", "mobile_no": 9850676296}}, {"model": "store.customer", "pk": 15, "fields": {"name": "SHAVO TECHNOLOGIES PVT LTD", "address": "29/2, Kharadi,Off Pune Nagar Road,On Old Kharadi Mundhwa Road", "mobile_no": 9343909109}}, {"model": "store.customer", "pk": 16, "fields": {"name": "Manjushree Fintube Pvt Ltd.", "address": "PLOT NO.229/4,SHED NO.1,CHAKAN MIDC INDUSTRIAL AREA,PHASE - II, BHAMBOLI,TAL.KHED,PUNE", "mobile_no": 8956408337}}, {"model": "store.customer", "pk": 17, "fields": {"name": "Manjushree Fintube Pvt Ltd.", "address": "PLOT NO.229/4,SHED NO.1,CHAKAN MIDC INDUSTRIAL AREA,PHASE - II, BHAMBOLI,TAL.KHED,PUNE", "mobile_no": 8956408337}}, {"model": "store.employee", "pk": 1, "fields": {"name": "Manish", "address": "abcd", "mobile_no": 123}}, {"model": "store.employee", "pk": 2, "fields": {"name": "Omkar", "address": "abc", "mobile_no": 123}}, {"model": "store.cutter", "pk": 1, "fields": {"name": "Ranjeet", "address": "abc", "mobile_no": 123}}, {"model": "store.cutter", "pk": 2, "fields": {"name": "Lakhan", "address": "abcd", "mobile_no": 123}}, {"model": "store.cutter", "pk": 3, "fields": {"name": "Manjesh", "address": "abc", "mobile_no": 123}}, {"model": "store.category", "pk": 1, "fields": {"name": "Stainless Steel"}}, {"model": "store.category", "pk": 2, "fields": {"name": "Aluminium"}}, {"model": "store.size", "pk": 1, "fields": {"name": 4826.0, "mm1": 0.0, "mm2": 0.0}}, {"model": "store.size", "pk": 2, "fields": {"name": 4900.0, "mm1": 2483.0, "mm2": 1219.0}}, {"model": "store.size", "pk": 3, "fields": {"name": 4608.0, "mm1": 0.0, "mm2": 0.0}}, {"model": "store.size", "pk": 4, "fields": {"name": 1550.0, "mm1": 0.0, "mm2": 0.0}}, {"model": "store.size", "pk": 5, "fields": {"name": 2793.0, "mm1": 0.0, "mm2": 0.0}}, {"model": "store.size", "pk": 6, "fields": {"name": 3054.0, "mm1": 0.0, "mm2": 0.0}}, {"model": "store.size", "pk": 7, "fields": {"name": 3048.0, "mm1": 0.0, "mm2": 0.0}}, {"model": "store.size", "pk": 8, "fields": {"name": 2823.0, "mm1": 0.0, "mm2": 0.0}}, {"model": "store.size", "pk": 9, "fields": {"name": 3375.0, "mm1": 0.0, "mm2": 0.0}}, {"model": "store.size", "pk": 10, "fields": {"name": 4998.0, "mm1": 0.0, "mm2": 0.0}}, {"model": "store.size", "pk": 11, "fields": {"name": 3315.0, "mm1": 0.0, "mm2": 0.0}}, {"model": "store.size", "pk": 12, "fields": {"name": 3724.0, "mm1": 0.0, "mm2": 0.0}}, {"model": "store.size", "pk": 13, "fields": {"name": 4800.0, "mm1": 0.0, "mm2": 0.0}}, {"model": "store.size", "pk": 14, "fields": {"name": 4821.6, "mm1": 0.0, "mm2": 0.0}}, {"model": "store.size", "pk": 15, "fields": {"name": 4.4, "mm1": 0.0, "mm2": 0.0}}, {"model": "store.size", "pk": 16, "fields": {"name": 4844.0, "mm1": 0.0, "mm2": 0.0}}, {"model": "store.size", "pk": 17, "fields": {"name": 4843.76, "mm1": 0.0, "mm2": 0.0}}, {"model": "store.size", "pk": 18, "fields": {"name": 0.24, "mm1": 0.0, "mm2": 0.0}}, {"model": "store.size", "pk": 19, "fields": {"name": 4545.38, "mm1": 0.0, "mm2": 0.0}}, {"model": "store.size", "pk": 20, "fields": {"name": 0.0, "mm1": 0.0, "mm2": 0.0}}, {"model": "store.size", "pk": 21, "fields": {"name": 2712.51, "mm1": 0.0, "mm2": 0.0}}, {"model": "store.size", "pk": 22, "fields": {"name": 2113.49, "mm1": 0.0, "mm2": 0.0}}, {"model": "store.size", "pk": 23, "fields": {"name": 3782.01, "mm1": 0.0, "mm2": 0.0}}, {"model": "store.size", "pk": 24, "fields": {"name": 3778.91, "mm1": 0.0, "mm2": 0.0}}, {"model": "store.size", "pk": 25, "fields": {"name": 3541.76, "mm1": 0.0, "mm2": 0.0}}, {"model": "store.size", "pk": 26, "fields": {"name": 2402.5, "mm1": 0.0, "mm2": 0.0}}, {"model": "store.size", "pk": 27, "fields": {"name": 2423.5, "mm1": 0.0, "mm2": 0.0}}, {"model": "store.size", "pk": 28, "fields": {"name": 3346.46, "mm1": 0.0, "mm2": 0.0}}, {"model": "store.size", "pk": 29, "fields": {"name": 1553.54, "mm1": 0.0, "mm2": 0.0}}, {"model": "store.size", "pk": 30, "fields": {"name": 0.0, "mm1": 2270.0, "mm2": 1000.0}}, {"model": "store.size", "pk": 31, "fields": {"name": 0.0, "mm1": 2270.0, "mm2": 1000.0}}, {"model": "store.size", "pk": 32, "fields": {"name": 3518.51, "mm1": 2270.0, "mm2": 1000.0}}, {"model": "store.size", "pk": 33, "fields": {"name": 3782.01, "mm1": 2440.0, "mm2": 1000.0}}, {"model": "store.size", "pk": 34, "fields": {"name": 3472.01, "mm1": 2240.0, "mm2": 1000.0}}, {"model": "store.size", "pk": 35, "fields": {"name": 1085.0, "mm1": 0.0, "mm2": 0.0}}, {"model": "store.size", "pk": 36, "fields": {"name": 2456.76, "mm1": 0.0, "mm2": 0.0}}, {"model": "store.size", "pk": 37, "fields": {"name": 1705.0, "mm1": 0.0, "mm2": 0.0}}, {"model": "store.size", "pk": 38, "fields": {"name": 718.5, "mm1": 0.0, "mm2": 0.0}}, {"model": "store.size", "pk": 39, "fields": {"name": 2212.16, "mm1": 0.0, "mm2": 0.0}}, {"model": "store.size", "pk": 40, "fields": {"name": 2687.84, "mm1": 0.0, "mm2": 0.0}}, {"model": "store.size", "pk": 41, "fields": {"name": 1123.75, "mm1": 0.0, "mm2": 0.0}}, {"model": "store.size", "pk": 42, "fields": {"name": 989.74, "mm1": 0.0, "mm2": 0.0}}, {"model": "store.size", "pk": 43, "fields": {"name": 1480.12, "mm1": 0.0, "mm2": 0.0}}, {"model": "store.size", "pk": 44, "fields": {"name": 73.42, "mm1": 0.0, "mm2": 0.0}}, {"model": "store.size", "pk": 45, "fields": {"name": 2933.07, "mm1": 0.0, "mm2": 0.0}}, {"model": "store.size", "pk": 46, "fields": {"name": 1966.93, "mm1": 0.0, "mm2": 0.0}}, {"model": "store.size", "pk": 47, "fields": {"name": 4614.05, "mm1": 2440.0, "mm2": 1220.0}}, {"model": "store.size", "pk": 48, "fields": {"name": 94.86, "mm1": 0.0, "mm2": 0.0}}, {"model": "store.size", "pk": 49, "fields": {"name": 4519.19, "mm1": 0.0, "mm2": 0.0}}, {"model": "store.size", "pk": 50, "fields": {"name": 4825.0, "mm1": 0.0, "mm2": 0.0}}, {"model": "store.size", "pk": 51, "fields": {"name": 1.0, "mm1": 0.0, "mm2": 0.0}}, {"model": "store.size", "pk": 52, "fields": {"name": 163.68, "mm1": 0.0, "mm2": 0.0}}, {"model": "store.size", "pk": 53, "fields": {"name": 2293.08, "mm1": 0.0, "mm2": 0.0}}, {"model": "store.size", "pk": 54, "fields": {"name": 151.13, "mm1": 0.0, "mm2": 0.0}}, {"model": "store.size", "pk": 55, "fields": {"name": 2141.95, "mm1": 0.0, "mm2": 0.0}}, {"model": "store.size", "pk": 56, "fields": {"name": 629.92, "mm1": 0.0, "mm2": 0.0}}, {"model": "store.size", "pk": 57, "fields": {"name": 1337.01, "mm1": 0.0, "mm2": 0.0}}, {"model": "store.size", "pk": 58, "fields": {"name": 96.72, "mm1": 0.0, "mm2": 0.0}}, {"model": "store.size", "pk": 59, "fields": {"name": 893.02, "mm1": 0.0, "mm2": 0.0}}, {"model": "store.size", "pk": 60, "fields": {"name": 3464.57, "mm1": 0.0, "mm2": 0.0}}, {"model": "store.size", "pk": 61, "fields": {"name": 1435.43, "mm1": 0.0, "mm2": 0.0}}, {"model": "store.size", "pk": 62, "fields": {"name": 892.0, "mm1": 0.0, "mm2": 0.0}}, {"model": "store.size", "pk": 63, "fields": {"name": 1.02, "mm1": 0.0, "mm2": 0.0}}, {"model": "store.size", "pk": 64, "fields": {"name": 717.0, "mm1": 0.0, "mm2": 0.0}}, {"model": "store.size", "pk": 65, "fields": {"name": 1.5, "mm1": 0.0, "mm2": 0.0}}, {"model": "store.size", "pk": 66, "fields": {"name": 2257.19, "mm1": 0.0, "mm2": 0.0}}, {"model": "store.size", "pk": 67, "fields": {"name": 2568.81, "mm1": 0.0, "mm2": 0.0}}, {"model": "store.size", "pk": 68, "fields": {"name": 1333.0, "mm1": 0.0, "mm2": 0.0}}, {"model": "store.size", "pk": 69, "fields": {"name": 960.08, "mm1": 0.0, "mm2": 0.0}}, {"model": "store.size", "pk": 70, "fields": {"name": 393.7, "mm1": 0.0, "mm2": 0.0}}, {"model": "store.size", "pk": 71, "fields": {"name": 4506.3, "mm1": 0.0, "mm2": 0.0}}, {"model": "store.size", "pk": 72, "fields": {"name": 1336.0, "mm1": 0.0, "mm2": 0.0}}, {"model": "store.size", "pk": 73, "fields": {"name": 1.01, "mm1": 0.0, "mm2": 0.0}}, {"model": "store.size", "pk": 74, "fields": {"name": 4899.0, "mm1": 0.0, "mm2": 0.0}}, {"model": "store.size", "pk": 75, "fields": {"name": 1062.99, "mm1": 0.0, "mm2": 0.0}}, {"model": "store.size", "pk": 76, "fields": {"name": 372.44, "mm1": 0.0, "mm2": 0.0}}, {"model": "store.size", "pk": 77, "fields": {"name": 1673.23, "mm1": 0.0, "mm2": 0.0}}, {"model": "store.size", "pk": 78, "fields": {"name": 895.58, "mm1": 0.0, "mm2": 0.0}}, {"model": "store.size", "pk": 79, "fields": {"name": 826.77, "mm1": 0.0, "mm2": 0.0}}, {"model": "store.size", "pk": 80, "fields": {"name": 4073.23, "mm1": 0.0, "mm2": 0.0}}, {"model": "store.size", "pk": 81, "fields": {"name": 682.0, "mm1": 0.0, "mm2": 0.0}}, {"model": "store.size", "pk": 82, "fields": {"name": 278.08, "mm1": 0.0, "mm2": 0.0}}, {"model": "store.size", "pk": 83, "fields": {"name": 4613.0, "mm1": 0.0, "mm2": 0.0}}, {"model": "store.size", "pk": 84, "fields": {"name": 1.05, "mm1": 0.0, "mm2": 0.0}}, {"model": "store.size", "pk": 85, "fields": {"name": 4921.26, "mm1": 2500.0, "mm2": 1270.0}}, {"model": "store.size", "pk": 86, "fields": {"name": 4843.76, "mm1": 2500.0, "mm2": 1250.0}}, {"model": "store.size", "pk": 87, "fields": {"name": 4843.76, "mm1": 2500.0, "mm2": 1250.0}}, {"model": "store.size", "pk": 88, "fields": {"name": 511.81, "mm1": 0.0, "mm2": 0.0}}, {"model": "store.size", "pk": 89, "fields": {"name": 4409.45, "mm1": 0.0, "mm2": 0.0}}, {"model": "store.size", "pk": 90, "fields": {"name": 489.0, "mm1": 0.0, "mm2": 0.0}}, {"model": "store.size", "pk": 91, "fields": {"name": 4411.0, "mm1": 0.0, "mm2": 0.0}}, {"model": "store.size", "pk": 92, "fields": {"name": 4920.26, "mm1": 0.0, "mm2": 0.0}}, {"model": "store.size", "pk": 93, "fields": {"name": 4920.0, "mm1": 0.0, "mm2": 0.0}}, {"model": "store.size", "pk": 94, "fields": {"name": 1.26, "mm1": 0.0, "mm2": 0.0}}, {"model": "store.size", "pk": 95, "fields": {"name": 2458.3, "mm1": 0.0, "mm2": 0.0}}, {"model": "store.size", "pk": 96, "fields": {"name": 2155.75, "mm1": 0.0, "mm2": 0.0}}, {"model": "store.size", "pk": 97, "fields": {"name": 3582.68, "mm1": 0.0, "mm2": 0.0}}, {"model": "store.size", "pk": 98, "fields": {"name": 1338.58, "mm1": 0.0, "mm2": 0.0}}, {"model": "store.size", "pk": 99, "fields": {"name": 894.0, "mm1": 0.0, "mm2": 0.0}}, {"model": "store.size", "pk": 100, "fields": {"name": 1.58, "mm1": 0.0, "mm2": 0.0}}, {"model": "store.size", "pk": 101, "fields": {"name": 124.0, "mm1": 0.0, "mm2": 0.0}}, {"model": "store.size", "pk": 102, "fields": {"name": 248.44, "mm1": 0.0, "mm2": 0.0}}, {"model": "store.size", "pk": 103, "fields": {"name": 111.6, "mm1": 0.0, "mm2": 0.0}}, {"model": "store.size", "pk": 104, "fields": {"name": 136.84, "mm1": 0.0, "mm2": 0.0}}, {"model": "store.size", "pk": 105, "fields": {"name": 1909.45, "mm1": 0.0, "mm2": 0.0}}, {"model": "store.size", "pk": 106, "fields": {"name": 3011.81, "mm1": 0.0, "mm2": 0.0}}, {"model": "store.thickness", "pk": 1, "fields": {"name": "0.5mm"}}, {"model": "store.thickness", "pk": 2, "fields": {"name": "0.8mm"}}, {"model": "store.thickness", "pk": 3, "fields": {"name": "1mm"}}, {"model": "store.thickness", "pk": 4, "fields": {"name": "1.5mm"}}, {"model": "store.thickness", "pk": 5, "fields": {"name": "2mm"}}, {"model": "store.thickness", "pk": 6, "fields": {"name": "3mm"}}, {"model": "store.thickness", "pk": 8, "fields": {"name": "0.7mm"}}, {"model": "store.thickness", "pk": 9, "fields": {"name": "1.2mm"}}, {"model": "store.thickness", "pk": 10, "fields": {"name": "4mm"}}, {"model": "store.grade", "pk": 1, "fields": {"name": "304"}}, {"model": "store.grade", "pk": 2, "fields": {"name": "316"}}, {"model": "store.grade", "pk": 3, "fields": {"name": "316L"}}, {"model": "store.grade", "pk": 4, "fields": {"name": "1050"}}, {"model": "store.dealer", "pk": 1, "fields": {"name": "Swiss Inox", "address": "abc", "mobile_no": 123}}, {"model": "store.dealer", "pk": 2, "fields": {"name": "Saraswati Metals", "address": "abc", "mobile_no": 123}}, {"model": "store.dealer", "pk": 3, "fields": {"name": "Porwal", "address": "abc", "mobile_no": 123}}, {"model": "store.dealer", "pk": 4, "fields": {"name": "Riddhi Engineering", "address": "Asd", "mobile_no": 122}}, {"model": "store.item_code", "pk": 1, "fields": {"code": "24-130-1011017"}}, {"model": "store.item_code", "pk": 2, "fields": {"code": "DV-1"}}, {"model": "store.item_code", "pk": 3, "fields": {"code": "DV-2"}}, {"model": "store.product", "pk": 1, "fields": {"size": 1, "category": 1, "thickness": 1, "grade": 1}}, {"model": "store.product", "pk": 2, "fields": {"size": 2, "category": 1, "thickness": 2, "grade": 1}}, {"model": "store.product", "pk": 3, "fields": {"size": 2, "category": 1, "thickness": 3, "grade": 1}}, {"model": "store.product", "pk": 4, "fields": {"size": 2, "category": 1, "thickness": 4, "grade": 1}}, {"model": "store.product", "pk": 5, "fields": {"size": 2, "category": 1, "thickness": 5, "grade": 1}}, {"model": "store.product", "pk": 6, "fields": {"size": 3, "category": 1, "thickness": 1, "grade": 2}}, {"model": "store.product", "pk": 7, "fields": {"size": 2, "category": 1, "thickness": 3, "grade": 2}}, {"model": "store.product", "pk": 8, "fields": {"size": 3, "category": 1, "thickness": 8, "grade": 2}}, {"model": "store.product", "pk": 9, "fields": {"size": 2, "category": 1, "thickness": 9, "grade": 2}}, {"model": "store.product", "pk": 10, "fields": {"size": 4, "category": 1, "thickness": 9, "grade": 2}}, {"model": "store.product", "pk": 11, "fields": {"size": 6, "category": 1, "thickness": 4, "grade": 1}}, {"model": "store.product", "pk": 12, "fields": {"size": 2, "category": 1, "thickness": 5, "grade": 2}}, {"model": "store.product", "pk": 13, "fields": {"size": 7, "category": 1, "thickness": 6, "grade": 3}}, {"model": "store.product", "pk": 14, "fields": {"size": 8, "category": 1, "thickness": 8, "grade": 2}}, {"model": "store.product", "pk": 15, "fields": {"size": 9, "category": 1, "thickness": 3, "grade": 3}}, {"model": "store.product", "pk": 16, "fields": {"size": 10, "category": 1, "thickness": 2, "grade": 1}}, {"model": "store.product", "pk": 17, "fields": {"size": 10, "category": 1, "thickness": 2, "grade": 2}}, {"model": "store.product", "pk": 18, "fields": {"size": 11, "category": 1, "thickness": 2, "grade": 1}}, {"model": "store.product", "pk": 19, "fields": {"size": 12, "category": 1, "thickness": 3, "grade": 1}}, {"model": "store.product", "pk": 20, "fields": {"size": 13, "category": 1, "thickness": 4, "grade": 3}}, {"model": "store.product", "pk": 21, "fields": {"size": 15, "category": 1, "thickness": 1, "grade": 1}}, {"model": "store.product", "pk": 22, "fields": {"size": 16, "category": 1, "thickness": 1, "grade": 1}}, {"model": "store.product", "pk": 23, "fields": {"size": 18, "category": 1, "thickness": 1, "grade": 1}}, {"model": "store.product", "pk": 24, "fields": {"size": 19, "category": 1, "thickness": 1, "grade": 1}}, {"model": "store.product", "pk": 25, "fields": {"size": 20, "category": 1, "thickness": 2, "grade": 1}}, {"model": "store.product", "pk": 26, "fields": {"size": 20, "category": 1, "thickness": 1, "grade": 1}}, {"model": "store.product", "pk": 27, "fields": {"size": 22, "category": 1, "thickness": 1, "grade": 1}}, {"model": "store.product", "pk": 28, "fields": {"size": 23, "category": 2, "thickness": 1, "grade": 4}}, {"model": "store.product", "pk": 29, "fields": {"size": 24, "category": 2, "thickness": 1, "grade": 4}}, {"model": "store.product", "pk": 30, "fields": {"size": 24, "category": 2, "thickness": 2, "grade": 4}}, {"model": "store.product", "pk": 31, "fields": {"size": 25, "category": 2, "thickness": 5, "grade": 4}}, {"model": "store.product", "pk": 32, "fields": {"size": 27, "category": 1, "thickness": 1, "grade": 1}}, {"model": "store.product", "pk": 33, "fields": {"size": 20, "category": 1, "thickness": 3, "grade": 1}}, {"model": "store.product", "pk": 34, "fields": {"size": 29, "category": 1, "thickness": 2, "grade": 1}}, {"model": "store.product", "pk": 35, "fields": {"size": 32, "category": 2, "thickness": 2, "grade": 4}}, {"model": "store.product", "pk": 36, "fields": {"size": 33, "category": 2, "thickness": 4, "grade": 4}}, {"model": "store.product", "pk": 37, "fields": {"size": 34, "category": 2, "thickness": 4, "grade": 4}}, {"model": "store.product", "pk": 38, "fields": {"size": 36, "category": 2, "thickness": 5, "grade": 4}}, {"model": "store.product", "pk": 39, "fields": {"size": 38, "category": 1, "thickness": 1, "grade": 1}}, {"model": "store.product", "pk": 40, "fields": {"size": 40, "category": 1, "thickness": 3, "grade": 2}}, {"model": "store.product", "pk": 41, "fields": {"size": 42, "category": 1, "thickness": 1, "grade": 1}}, {"model": "store.product", "pk": 42, "fields": {"size": 44, "category": 1, "thickness": 2, "grade": 1}}, {"model": "store.product", "pk": 43, "fields": {"size": 46, "category": 1, "thickness": 3, "grade": 1}}, {"model": "store.product", "pk": 44, "fields": {"size": 47, "category": 2, "thickness": 10, "grade": 4}}, {"model": "store.product", "pk": 45, "fields": {"size": 47, "category": 2, "thickness": 1, "grade": 4}}, {"model": "store.product", "pk": 46, "fields": {"size": 49, "category": 2, "thickness": 10, "grade": 4}}, {"model": "store.product", "pk": 47, "fields": {"size": 51, "category": 1, "thickness": 1, "grade": 1}}, {"model": "store.product", "pk": 48, "fields": {"size": 53, "category": 2, "thickness": 5, "grade": 4}}, {"model": "store.product", "pk": 49, "fields": {"size": 55, "category": 2, "thickness": 5, "grade": 4}}, {"model": "store.product", "pk": 50, "fields": {"size": 57, "category": 1, "thickness": 3, "grade": 1}}, {"model": "store.product", "pk": 51, "fields": {"size": 59, "category": 1, "thickness": 1, "grade": 1}}, {"model": "store.product", "pk": 52, "fields": {"size": 61, "category": 1, "thickness": 2, "grade": 1}}, {"model": "store.product", "pk": 53, "fields": {"size": 63, "category": 1, "thickness": 1, "grade": 1}}, {"model": "store.product", "pk": 54, "fields": {"size": 65, "category": 1, "thickness": 1, "grade": 1}}, {"model": "store.product", "pk": 55, "fields": {"size": 53, "category": 2, "thickness": 3, "grade": 4}}, {"model": "store.product", "pk": 56, "fields": {"size": 67, "category": 1, "thickness": 1, "grade": 1}}, {"model": "store.product", "pk": 57, "fields": {"size": 69, "category": 2, "thickness": 5, "grade": 4}}, {"model": "store.product", "pk": 58, "fields": {"size": 71, "category": 1, "thickness": 4, "grade": 1}}, {"model": "store.product", "pk": 59, "fields": {"size": 73, "category": 1, "thickness": 3, "grade": 1}}, {"model": "store.product", "pk": 60, "fields": {"size": 51, "category": 1, "thickness": 2, "grade": 1}}, {"model": "store.product", "pk": 61, "fields": {"size": 76, "category": 1, "thickness": 2, "grade": 1}}, {"model": "store.product", "pk": 62, "fields": {"size": 78, "category": 1, "thickness": 1, "grade": 1}}, {"model": "store.product", "pk": 63, "fields": {"size": 80, "category": 1, "thickness": 3, "grade": 1}}, {"model": "store.product", "pk": 64, "fields": {"size": 82, "category": 2, "thickness": 5, "grade": 4}}, {"model": "store.product", "pk": 65, "fields": {"size": 84, "category": 2, "thickness": 1, "grade": 4}}, {"model": "store.product", "pk": 66, "fields": {"size": 85, "category": 1, "thickness": 3, "grade": 1}}, {"model": "store.product", "pk": 67, "fields": {"size": 85, "category": 1, "thickness": 2, "grade": 1}}, {"model": "store.product", "pk": 68, "fields": {"size": 87, "category": 1, "thickness": 2, "grade": 1}}, {"model": "store.product", "pk": 69, "fields": {"size": 86, "category": 1, "thickness": 2, "grade": 1}}, {"model": "store.product", "pk": 70, "fields": {"size": 85, "category": 1, "thickness": 1, "grade": 1}}, {"model": "store.product", "pk": 71, "fields": {"size": 51, "category": 1, "thickness": 3, "grade": 1}}, {"model": "store.product", "pk": 72, "fields": {"size": 89, "category": 1, "thickness": 2, "grade": 1}}, {"model": "store.product", "pk": 73, "fields": {"size": 91, "category": 1, "thickness": 3, "grade": 1}}, {"model": "store.product", "pk": 74, "fields": {"size": 94, "category": 1, "thickness": 2, "grade": 1}}, {"model": "store.product", "pk": 75, "fields": {"size": 96, "category": 2, "thickness": 1, "grade": 4}}, {"model": "store.product", "pk": 76, "fields": {"size": 98, "category": 1, "thickness": 2, "grade": 1}}, {"model": "store.product", "pk": 77, "fields": {"size": 100, "category": 1, "thickness": 1, "grade": 1}}, {"model": "store.product", "pk": 78, "fields": {"size": 102, "category": 1, "thickness": 2, "grade": 1}}, {"model": "store.product", "pk": 79, "fields": {"size": 104, "category": 1, "thickness": 2, "grade": 1}}, {"model": "store.product", "pk": 80, "fields": {"size": 106, "category": 1, "thickness": 1, "grade": 1}}, {"model": "store.product_qr", "pk": 1, "fields": {"product": 21, "qr_code": "", "supplier": 2, "is_fix": true, "moved_to_scratch": true, "moved_to_left_over": false, "date_of_pur": "2023-09-06", "uploaded_file": "", "date": "2023-09-16T07:58:00.499Z", "finish": "None"}}, {"model": "store.product_qr", "pk": 2, "fields": {"product": 23, "qr_code": "", "supplier": 2, "is_fix": true, "moved_to_scratch": true, "moved_to_left_over": false, "date_of_pur": "2023-09-06", "uploaded_file": "", "date": "2023-09-16T07:58:00.661Z", "finish": "None"}}, {"model": "store.product_qr", "pk": 3, "fields": {"product": 26, "qr_code": "", "supplier": 2, "is_fix": true, "moved_to_scratch": true, "moved_to_left_over": false, "date_of_pur": "2023-09-06", "uploaded_file": "", "date": "2023-09-16T07:58:00.942Z", "finish": null}}, {"model": "store.product_qr", "pk": 4, "fields": {"product": 53, "qr_code": "", "supplier": 2, "is_fix": true, "moved_to_scratch": true, "moved_to_left_over": true, "date_of_pur": "2023-09-06", "uploaded_file": "", "date": "2023-09-16T07:58:01.044Z", "finish": null}}, {"model": "store.product_qr", "pk": 5, "fields": {"product": 26, "qr_code": "", "supplier": 2, "is_fix": true, "moved_to_scratch": true, "moved_to_left_over": false, "date_of_pur": "2023-09-06", "uploaded_file": "", "date": "2023-09-16T07:58:01.152Z", "finish": null}}, {"model": "store.product_qr", "pk": 6, "fields": {"product": 26, "qr_code": "", "supplier": 2, "is_fix": true, "moved_to_scratch": true, "moved_to_left_over": true, "date_of_pur": "2023-09-06", "uploaded_file": "", "date": "2023-09-16T07:58:01.284Z", "finish": null}}, {"model": "store.product_qr", "pk": 7, "fields": {"product": 54, "qr_code": "", "supplier": 2, "is_fix": true, "moved_to_scratch": true, "moved_to_left_over": true, "date_of_pur": "2023-09-06", "uploaded_file": "", "date": "2023-09-16T07:58:01.684Z", "finish": null}}, {"model": "store.product_qr", "pk": 8, "fields": {"product": 47, "qr_code": "", "supplier": 2, "is_fix": true, "moved_to_scratch": true, "moved_to_left_over": false, "date_of_pur": "2023-09-06", "uploaded_file": "", "date": "2023-09-16T07:58:02.058Z", "finish": null}}, {"model": "store.product_qr", "pk": 9, "fields": {"product": 47, "qr_code": "", "supplier": 2, "is_fix": true, "moved_to_scratch": true, "moved_to_left_over": false, "date_of_pur": "2023-09-06", "uploaded_file": "", "date": "2023-09-16T07:58:02.174Z", "finish": null}}, {"model": "store.product_qr", "pk": 10, "fields": {"product": 47, "qr_code": "static/qrcode/qr_code_10_jVssIin.png", "supplier": 2, "is_fix": true, "moved_to_scratch": true, "moved_to_left_over": false, "date_of_pur": "2023-09-06", "uploaded_file": "", "date": "2023-09-16T07:58:02.512Z", "finish": null}}, {"model": "store.product_qr", "pk": 11, "fields": {"product": 47, "qr_code": "static/qrcode/qr_code_11_lvQKE8F.png", "supplier": 2, "is_fix": true, "moved_to_scratch": true, "moved_to_left_over": false, "date_of_pur": "2023-09-06", "uploaded_file": "", "date": "2023-09-16T07:58:02.788Z", "finish": null}}, {"model": "store.product_qr", "pk": 12, "fields": {"product": 77, "qr_code": "", "supplier": 2, "is_fix": true, "moved_to_scratch": true, "moved_to_left_over": true, "date_of_pur": "2023-09-06", "uploaded_file": "", "date": "2023-09-16T07:58:03.104Z", "finish": null}}, {"model": "store.product_qr", "pk": 13, "fields": {"product": 42, "qr_code": "", "supplier": 2, "is_fix": true, "moved_to_scratch": true, "moved_to_left_over": true, "date_of_pur": "2023-09-06", "uploaded_file": "", "date": "2023-09-16T09:07:38.527Z", "finish": null}}, {"model": "store.product_qr", "pk": 14, "fields": {"product": 25, "qr_code": "", "supplier": 2, "is_fix": true, "moved_to_scratch": true, "moved_to_left_over": false, "date_of_pur": "2023-09-06", "uploaded_file": "", "date": "2023-09-16T09:07:39.529Z", "finish": null}}, {"model": "store.product_qr", "pk": 15, "fields": {"product": 60, "qr_code": "", "supplier": 2, "is_fix": true, "moved_to_scratch": true, "moved_to_left_over": false, "date_of_pur": "2023-09-06", "uploaded_file": "", "date": "2023-09-16T09:07:39.858Z", "finish": null}}, {"model": "store.product_qr", "pk": 16, "fields": {"product": 25, "qr_code": "", "supplier": 2, "is_fix": true, "moved_to_scratch": true, "moved_to_left_over": false, "date_of_pur": "2023-09-06", "uploaded_file": "", "date": "2023-09-16T09:07:41.131Z", "finish": null}}, {"model": "store.product_qr", "pk": 17, "fields": {"product": 25, "qr_code": "", "supplier": 2, "is_fix": true, "moved_to_scratch": true, "moved_to_left_over": false, "date_of_pur": "2023-09-06", "uploaded_file": "", "date": "2023-09-16T09:07:42.306Z", "finish": null}}, {"model": "store.product_qr", "pk": 18, "fields": {"product": 60, "qr_code": "", "supplier": 2, "is_fix": true, "moved_to_scratch": true, "moved_to_left_over": false, "date_of_pur": "2023-09-06", "uploaded_file": "", "date": "2023-09-16T09:07:43.195Z", "finish": null}}, {"model": "store.product_qr", "pk": 19, "fields": {"product": 79, "qr_code": "", "supplier": 2, "is_fix": true, "moved_to_scratch": false, "moved_to_left_over": true, "date_of_pur": "2023-09-06", "uploaded_file": "", "date": "2023-09-16T09:07:43.806Z", "finish": null}}, {"model": "store.product_qr", "pk": 20, "fields": {"product": 25, "qr_code": "", "supplier": 2, "is_fix": true, "moved_to_scratch": true, "moved_to_left_over": false, "date_of_pur": "2023-09-06", "uploaded_file": "", "date": "2023-09-16T09:07:44.301Z", "finish": null}}, {"model": "store.product_qr", "pk": 21, "fields": {"product": 25, "qr_code": "", "supplier": 2, "is_fix": true, "moved_to_scratch": true, "moved_to_left_over": false, "date_of_pur": "2023-09-06", "uploaded_file": "", "date": "2023-09-16T09:07:44.983Z", "finish": null}}, {"model": "store.product_qr", "pk": 22, "fields": {"product": 60, "qr_code": "", "supplier": 2, "is_fix": true, "moved_to_scratch": true, "moved_to_left_over": false, "date_of_pur": "2023-09-06", "uploaded_file": "", "date": "2023-09-16T09:07:45.847Z", "finish": null}}, {"model": "store.product_qr", "pk": 23, "fields": {"product": 33, "qr_code": "", "supplier": 2, "is_fix": true, "moved_to_scratch": true, "moved_to_left_over": false, "date_of_pur": "2023-08-11", "uploaded_file": "", "date": "2023-09-16T09:57:57.030Z", "finish": null}}, {"model": "store.product_qr", "pk": 24, "fields": {"product": 59, "qr_code": "", "supplier": 2, "is_fix": true, "moved_to_scratch": true, "moved_to_left_over": true, "date_of_pur": "2023-08-11", "uploaded_file": "", "date": "2023-09-16T09:57:58.576Z", "finish": null}}, {"model": "store.product_qr", "pk": 25, "fields": {"product": 63, "qr_code": "", "supplier": 2, "is_fix": true, "moved_to_scratch": false, "moved_to_left_over": true, "date_of_pur": "2023-08-11", "uploaded_file": "", "date": "2023-09-16T09:57:59.403Z", "finish": null}}, {"model": "store.product_qr", "pk": 26, "fields": {"product": 71, "qr_code": "", "supplier": 2, "is_fix": true, "moved_to_scratch": true, "moved_to_left_over": false, "date_of_pur": "2023-08-11", "uploaded_file": "", "date": "2023-09-16T09:58:00.167Z", "finish": null}}, {"model": "store.product_qr", "pk": 27, "fields": {"product": 71, "qr_code": "", "supplier": 2, "is_fix": true, "moved_to_scratch": true, "moved_to_left_over": false, "date_of_pur": "2023-08-11", "uploaded_file": "", "date": "2023-09-16T09:58:01.059Z", "finish": null}}, {"model": "store.product_qr", "pk": 28, "fields": {"product": 71, "qr_code": "", "supplier": 2, "is_fix": true, "moved_to_scratch": true, "moved_to_left_over": false, "date_of_pur": "2023-08-11", "uploaded_file": "", "date": "2023-09-16T09:58:02.158Z", "finish": null}}, {"model": "store.product_qr", "pk": 29, "fields": {"product": 71, "qr_code": "", "supplier": 2, "is_fix": true, "moved_to_scratch": true, "moved_to_left_over": false, "date_of_pur": "2023-08-11", "uploaded_file": "", "date": "2023-09-16T09:58:03.261Z", "finish": null}}, {"model": "store.product_qr", "pk": 30, "fields": {"product": 73, "qr_code": "", "supplier": 2, "is_fix": true, "moved_to_scratch": true, "moved_to_left_over": false, "date_of_pur": "2023-08-11", "uploaded_file": "", "date": "2023-09-16T09:58:04.160Z", "finish": null}}, {"model": "store.product_qr", "pk": 31, "fields": {"product": 71, "qr_code": "", "supplier": 2, "is_fix": true, "moved_to_scratch": true, "moved_to_left_over": false, "date_of_pur": "2023-08-11", "uploaded_file": "", "date": "2023-09-16T09:58:05.170Z", "finish": null}}, {"model": "store.product_qr", "pk": 32, "fields": {"product": 71, "qr_code": "", "supplier": 2, "is_fix": true, "moved_to_scratch": true, "moved_to_left_over": false, "date_of_pur": "2023-08-11", "uploaded_file": "", "date": "2023-09-16T09:58:06.027Z", "finish": null}}, {"model": "store.product_qr", "pk": 33, "fields": {"product": 3, "qr_code": "", "supplier": 2, "is_fix": true, "moved_to_scratch": false, "moved_to_left_over": false, "date_of_pur": "2023-08-11", "uploaded_file": "", "date": "2023-09-16T09:58:06.679Z", "finish": null}}, {"model": "store.product_qr", "pk": 34, "fields": {"product": 58, "qr_code": "", "supplier": 2, "is_fix": true, "moved_to_scratch": false, "moved_to_left_over": true, "date_of_pur": "2023-08-11", "uploaded_file": "", "date": "2023-09-16T10:00:27.070Z", "finish": null}}, {"model": "store.product_qr", "pk": 35, "fields": {"product": 4, "qr_code": "", "supplier": 2, "is_fix": true, "moved_to_scratch": false, "moved_to_left_over": false, "date_of_pur": "2023-08-11", "uploaded_file": "", "date": "2023-09-16T10:00:28.019Z", "finish": null}}, {"model": "store.product_qr", "pk": 36, "fields": {"product": 5, "qr_code": "", "supplier": 2, "is_fix": true, "moved_to_scratch": false, "moved_to_left_over": false, "date_of_pur": "2023-09-06", "uploaded_file": "", "date": "2023-09-16T10:00:29.002Z", "finish": null}}, {"model": "store.product_qr", "pk": 37, "fields": {"product": 5, "qr_code": "", "supplier": 1, "is_fix": true, "moved_to_scratch": false, "moved_to_left_over": false, "date_of_pur": "2023-06-05", "uploaded_file": "", "date": "2023-09-16T10:00:30.063Z", "finish": null}}, {"model": "store.product_qr", "pk": 38, "fields": {"product": 6, "qr_code": "", "supplier": 2, "is_fix": true, "moved_to_scratch": false, "moved_to_left_over": false, "date_of_pur": "2023-09-06", "uploaded_file": "", "date": "2023-09-16T11:01:10.187Z", "finish": "None"}}, {"model": "store.product_qr", "pk": 39, "fields": {"product": 6, "qr_code": "", "supplier": 2, "is_fix": true, "moved_to_scratch": false, "moved_to_left_over": false, "date_of_pur": "2023-09-06", "uploaded_file": "", "date": "2023-09-16T11:01:10.742Z", "finish": "None"}}, {"model": "store.product_qr", "pk": 40, "fields": {"product": 6, "qr_code": "", "supplier": 2, "is_fix": true, "moved_to_scratch": false, "moved_to_left_over": false, "date_of_pur": "2023-09-06", "uploaded_file": "", "date": "2023-09-16T11:01:11.590Z", "finish": "None"}}, {"model": "store.product_qr", "pk": 41, "fields": {"product": 6, "qr_code": "", "supplier": 2, "is_fix": true, "moved_to_scratch": false, "moved_to_left_over": false, "date_of_pur": "2023-09-06", "uploaded_file": "", "date": "2023-09-16T11:01:11.739Z", "finish": "None"}}, {"model": "store.product_qr", "pk": 42, "fields": {"product": 8, "qr_code": "", "supplier": 2, "is_fix": true, "moved_to_scratch": false, "moved_to_left_over": false, "date_of_pur": "2022-07-19", "uploaded_file": "", "date": "2023-09-16T11:01:12.951Z", "finish": "None"}}, {"model": "store.product_qr", "pk": 43, "fields": {"product": 8, "qr_code": "", "supplier": 2, "is_fix": true, "moved_to_scratch": false, "moved_to_left_over": false, "date_of_pur": "2022-07-19", "uploaded_file": "", "date": "2023-09-16T11:01:13.767Z", "finish": "None"}}, {"model": "store.product_qr", "pk": 44, "fields": {"product": 40, "qr_code": "", "supplier": 2, "is_fix": true, "moved_to_scratch": false, "moved_to_left_over": true, "date_of_pur": "2023-09-06", "uploaded_file": "", "date": "2023-09-16T11:01:13.886Z", "finish": "None"}}, {"model": "store.product_qr", "pk": 45, "fields": {"product": 7, "qr_code": "", "supplier": 2, "is_fix": true, "moved_to_scratch": false, "moved_to_left_over": false, "date_of_pur": "2023-09-06", "uploaded_file": "", "date": "2023-09-16T11:01:14.185Z", "finish": "None"}}, {"model": "store.product_qr", "pk": 46, "fields": {"product": 7, "qr_code": "", "supplier": 2, "is_fix": true, "moved_to_scratch": false, "moved_to_left_over": false, "date_of_pur": "2023-09-06", "uploaded_file": "", "date": "2023-09-16T11:01:14.646Z", "finish": "None"}}, {"model": "store.product_qr", "pk": 47, "fields": {"product": null, "qr_code": "", "supplier": 2, "is_fix": true, "moved_to_scratch": false, "moved_to_left_over": false, "date_of_pur": "2023-09-06", "uploaded_file": "", "date": "2023-09-16T11:01:16.204Z", "finish": "None"}}, {"model": "store.product_qr", "pk": 48, "fields": {"product": 10, "qr_code": "", "supplier": 2, "is_fix": true, "moved_to_scratch": false, "moved_to_left_over": false, "date_of_pur": "2023-09-06", "uploaded_file": "", "date": "2023-09-16T11:01:16.934Z", "finish": "None"}}, {"model": "store.product_qr", "pk": 49, "fields": {"product": 20, "qr_code": "", "supplier": 4, "is_fix": true, "moved_to_scratch": false, "moved_to_left_over": false, "date_of_pur": "2023-04-22", "uploaded_file": "", "date": "2023-09-16T11:01:17.041Z", "finish": "None"}}, {"model": "store.product_qr", "pk": 50, "fields": {"product": 11, "qr_code": "", "supplier": 2, "is_fix": true, "moved_to_scratch": false, "moved_to_left_over": false, "date_of_pur": "2023-08-11", "uploaded_file": "", "date": "2023-09-16T11:01:17.149Z", "finish": "Double side finish"}}, {"model": "store.product_qr", "pk": 51, "fields": {"product": 12, "qr_code": "", "supplier": 2, "is_fix": true, "moved_to_scratch": false, "moved_to_left_over": false, "date_of_pur": "2023-09-06", "uploaded_file": "", "date": "2023-09-16T11:01:17.405Z", "finish": "None"}}, {"model": "store.product_qr", "pk": 52, "fields": {"product": 13, "qr_code": "", "supplier": 2, "is_fix": true, "moved_to_scratch": false, "moved_to_left_over": false, "date_of_pur": "2023-08-11", "uploaded_file": "", "date": "2023-09-16T11:01:17.911Z", "finish": "None"}}, {"model": "store.product_qr", "pk": 53, "fields": {"product": 14, "qr_code": "", "supplier": 2, "is_fix": true, "moved_to_scratch": false, "moved_to_left_over": false, "date_of_pur": "2022-07-19", "uploaded_file": "", "date": "2023-09-16T11:01:18.421Z", "finish": "None"}}, {"model": "store.product_qr", "pk": 54, "fields": {"product": 15, "qr_code": "", "supplier": 2, "is_fix": true, "moved_to_scratch": false, "moved_to_left_over": false, "date_of_pur": "2023-04-22", "uploaded_file": "", "date": "2023-09-16T11:03:36.062Z", "finish": "None"}}, {"model": "store.product_qr", "pk": 55, "fields": {"product": 16, "qr_code": "", "supplier": 1, "is_fix": true, "moved_to_scratch": false, "moved_to_left_over": false, "date_of_pur": "2023-09-16", "uploaded_file": "", "date": "2023-09-16T11:03:36.187Z", "finish": "Mirror"}}, {"model": "store.product_qr", "pk": 56, "fields": {"product": 17, "qr_code": "", "supplier": 1, "is_fix": true, "moved_to_scratch": false, "moved_to_left_over": false, "date_of_pur": "2023-09-16", "uploaded_file": "", "date": "2023-09-16T11:03:37.039Z", "finish": "Mirror"}}, {"model": "store.product_qr", "pk": 57, "fields": {"product": 16, "qr_code": "", "supplier": 1, "is_fix": true, "moved_to_scratch": false, "moved_to_left_over": false, "date_of_pur": "2023-09-16", "uploaded_file": "", "date": "2023-09-16T11:03:37.139Z", "finish": "Mirror"}}, {"model": "store.product_qr", "pk": 58, "fields": {"product": 17, "qr_code": "", "supplier": 1, "is_fix": true, "moved_to_scratch": false, "moved_to_left_over": false, "date_of_pur": "2023-09-16", "uploaded_file": "", "date": "2023-09-16T11:03:37.336Z", "finish": "Mirror"}}, {"model": "store.product_qr", "pk": 59, "fields": {"product": 16, "qr_code": "", "supplier": 1, "is_fix": true, "moved_to_scratch": false, "moved_to_left_over": false, "date_of_pur": "2023-09-16", "uploaded_file": "", "date": "2023-09-16T11:03:38.049Z", "finish": "Mirror"}}, {"model": "store.product_qr", "pk": 60, "fields": {"product": 16, "qr_code": "", "supplier": 1, "is_fix": true, "moved_to_scratch": false, "moved_to_left_over": false, "date_of_pur": "2023-09-16", "uploaded_file": "", "date": "2023-09-16T11:03:38.668Z", "finish": "Mirror"}}, {"model": "store.product_qr", "pk": 61, "fields": {"product": 16, "qr_code": "", "supplier": 1, "is_fix": true, "moved_to_scratch": false, "moved_to_left_over": false, "date_of_pur": "2022-11-21", "uploaded_file": "", "date": "2023-09-16T11:03:39.179Z", "finish": "Mirror"}}, {"model": "store.product_qr", "pk": 62, "fields": {"product": 16, "qr_code": "", "supplier": 1, "is_fix": true, "moved_to_scratch": false, "moved_to_left_over": false, "date_of_pur": "2022-10-09", "uploaded_file": "", "date": "2023-09-16T11:03:39.288Z", "finish": "Mirror"}}, {"model": "store.product_qr", "pk": 63, "fields": {"product": 16, "qr_code": "", "supplier": 1, "is_fix": true, "moved_to_scratch": false, "moved_to_left_over": false, "date_of_pur": "2022-11-21", "uploaded_file": "", "date": "2023-09-16T11:03:39.399Z", "finish": "Mirror"}}, {"model": "store.product_qr", "pk": 64, "fields": {"product": 16, "qr_code": "", "supplier": 1, "is_fix": true, "moved_to_scratch": false, "moved_to_left_over": false, "date_of_pur": "2022-11-07", "uploaded_file": "", "date": "2023-09-16T11:03:39.505Z", "finish": "Mirror"}}, {"model": "store.product_qr", "pk": 65, "fields": {"product": 16, "qr_code": "", "supplier": 1, "is_fix": true, "moved_to_scratch": false, "moved_to_left_over": false, "date_of_pur": "2023-04-10", "uploaded_file": "", "date": "2023-09-16T11:03:39.615Z", "finish": "Mirror"}}, {"model": "store.product_qr", "pk": 66, "fields": {"product": 16, "qr_code": "", "supplier": 1, "is_fix": true, "moved_to_scratch": false, "moved_to_left_over": false, "date_of_pur": "2022-02-15", "uploaded_file": "", "date": "2023-09-16T11:03:39.717Z", "finish": "Mirror"}}, {"model": "store.product_qr", "pk": 67, "fields": {"product": 16, "qr_code": "", "supplier": 1, "is_fix": true, "moved_to_scratch": false, "moved_to_left_over": false, "date_of_pur": "2022-10-09", "uploaded_file": "", "date": "2023-09-16T11:03:39.837Z", "finish": "Mirror"}}, {"model": "store.product_qr", "pk": 68, "fields": {"product": 18, "qr_code": "", "supplier": 1, "is_fix": true, "moved_to_scratch": false, "moved_to_left_over": false, "date_of_pur": "2022-11-07", "uploaded_file": "", "date": "2023-09-16T11:03:39.936Z", "finish": "Mirror"}}, {"model": "store.product_qr", "pk": 69, "fields": {"product": 19, "qr_code": "", "supplier": 1, "is_fix": true, "moved_to_scratch": false, "moved_to_left_over": false, "date_of_pur": "2023-09-16", "uploaded_file": "", "date": "2023-09-16T11:03:40.252Z", "finish": "Black finish"}}, {"model": "store.product_qr", "pk": 70, "fields": {"product": null, "qr_code": "", "supplier": 3, "is_fix": false, "moved_to_scratch": false, "moved_to_left_over": false, "date_of_pur": "2023-08-05", "uploaded_file": "", "date": "2023-09-16T11:04:35.124Z", "finish": "None"}}, {"model": "store.product_qr", "pk": 71, "fields": {"product": 64, "qr_code": "", "supplier": 3, "is_fix": true, "moved_to_scratch": false, "moved_to_left_over": true, "date_of_pur": "2023-08-05", "uploaded_file": "", "date": "2023-09-16T11:04:35.450Z", "finish": "None"}}, {"model": "store.product_qr", "pk": 72, "fields": {"product": 29, "qr_code": "", "supplier": 3, "is_fix": true, "moved_to_scratch": false, "moved_to_left_over": false, "date_of_pur": "2023-08-19", "uploaded_file": "", "date": "2023-09-16T11:04:35.987Z", "finish": "None"}}, {"model": "store.product_qr", "pk": 73, "fields": {"product": 29, "qr_code": "", "supplier": 3, "is_fix": true, "moved_to_scratch": false, "moved_to_left_over": false, "date_of_pur": "2023-08-19", "uploaded_file": "", "date": "2023-09-16T11:04:36.536Z", "finish": "None"}}, {"model": "store.product_qr", "pk": 74, "fields": {"product": 29, "qr_code": "", "supplier": 3, "is_fix": true, "moved_to_scratch": false, "moved_to_left_over": false, "date_of_pur": "2023-08-19", "uploaded_file": "", "date": "2023-09-23T07:18:23.975Z", "finish": "None"}}, {"model": "store.product_qr", "pk": 75, "fields": {"product": 29, "qr_code": "", "supplier": 3, "is_fix": true, "moved_to_scratch": false, "moved_to_left_over": false, "date_of_pur": "2023-08-19", "uploaded_file": "", "date": "2023-09-23T07:18:24.908Z", "finish": "None"}}, {"model": "store.product_qr", "pk": 76, "fields": {"product": 29, "qr_code": "", "supplier": 3, "is_fix": true, "moved_to_scratch": false, "moved_to_left_over": false, "date_of_pur": "2023-08-19", "uploaded_file": "", "date": "2023-09-23T07:18:25.246Z", "finish": "None"}}, {"model": "store.product_qr", "pk": 77, "fields": {"product": 29, "qr_code": "", "supplier": 3, "is_fix": true, "moved_to_scratch": false, "moved_to_left_over": false, "date_of_pur": "2023-08-19", "uploaded_file": "", "date": "2023-09-23T07:18:26.558Z", "finish": "None"}}, {"model": "store.product_qr", "pk": 78, "fields": {"product": 29, "qr_code": "", "supplier": 3, "is_fix": true, "moved_to_scratch": false, "moved_to_left_over": false, "date_of_pur": "2023-08-19", "uploaded_file": "", "date": "2023-09-23T07:18:29.027Z", "finish": "None"}}, {"model": "store.product_qr", "pk": 79, "fields": {"product": 29, "qr_code": "", "supplier": 3, "is_fix": true, "moved_to_scratch": false, "moved_to_left_over": false, "date_of_pur": "2023-08-19", "uploaded_file": "", "date": "2023-09-23T07:18:29.898Z", "finish": "None"}}, {"model": "store.product_qr", "pk": 80, "fields": {"product": 29, "qr_code": "", "supplier": 3, "is_fix": true, "moved_to_scratch": false, "moved_to_left_over": false, "date_of_pur": "2023-08-19", "uploaded_file": "", "date": "2023-09-23T07:18:30.207Z", "finish": "None"}}, {"model": "store.product_qr", "pk": 81, "fields": {"product": 29, "qr_code": "", "supplier": 3, "is_fix": true, "moved_to_scratch": false, "moved_to_left_over": false, "date_of_pur": "2023-08-19", "uploaded_file": "", "date": "2023-09-23T07:18:31.083Z", "finish": "None"}}, {"model": "store.product_qr", "pk": 82, "fields": {"product": 29, "qr_code": "", "supplier": 3, "is_fix": true, "moved_to_scratch": false, "moved_to_left_over": false, "date_of_pur": "2023-08-19", "uploaded_file": "", "date": "2023-09-23T09:49:55.771Z", "finish": "None"}}, {"model": "store.product_qr", "pk": 83, "fields": {"product": 35, "qr_code": "", "supplier": 3, "is_fix": true, "moved_to_scratch": false, "moved_to_left_over": false, "date_of_pur": "2023-08-16", "uploaded_file": "", "date": "2023-09-25T08:27:07.670Z", "finish": "None"}}, {"model": "store.product_qr", "pk": 84, "fields": {"product": 36, "qr_code": "", "supplier": 3, "is_fix": true, "moved_to_scratch": false, "moved_to_left_over": false, "date_of_pur": "2022-12-07", "uploaded_file": "", "date": "2023-09-25T08:27:08.661Z", "finish": "None"}}, {"model": "store.product_qr", "pk": 85, "fields": {"product": 37, "qr_code": "", "supplier": 3, "is_fix": true, "moved_to_scratch": false, "moved_to_left_over": false, "date_of_pur": "2022-12-07", "uploaded_file": "", "date": "2023-09-25T08:27:09.353Z", "finish": "None"}}, {"model": "store.product_qr", "pk": 86, "fields": {"product": 46, "qr_code": "", "supplier": 3, "is_fix": true, "moved_to_scratch": false, "moved_to_left_over": true, "date_of_pur": "2023-09-30", "uploaded_file": "", "date": "2023-09-30T08:31:54.893Z", "finish": "None"}}, {"model": "store.product_qr", "pk": 87, "fields": {"product": 45, "qr_code": "", "supplier": 3, "is_fix": true, "moved_to_scratch": false, "moved_to_left_over": false, "date_of_pur": "2023-09-30", "uploaded_file": "", "date": "2023-09-30T08:31:55.357Z", "finish": "None"}}, {"model": "store.product_qr", "pk": 88, "fields": {"product": 45, "qr_code": "", "supplier": 3, "is_fix": true, "moved_to_scratch": false, "moved_to_left_over": false, "date_of_pur": "2023-09-30", "uploaded_file": "", "date": "2023-09-30T08:31:55.659Z", "finish": "None"}}, {"model": "store.product_qr", "pk": 89, "fields": {"product": 65, "qr_code": "", "supplier": 3, "is_fix": true, "moved_to_scratch": true, "moved_to_left_over": false, "date_of_pur": "2023-09-30", "uploaded_file": "", "date": "2023-09-30T08:31:55.771Z", "finish": "None"}}, {"model": "store.product_qr", "pk": 90, "fields": {"product": 75, "qr_code": "", "supplier": 3, "is_fix": true, "moved_to_scratch": false, "moved_to_left_over": true, "date_of_pur": "2023-09-30", "uploaded_file": "", "date": "2023-09-30T08:31:56.058Z", "finish": "None"}}, {"model": "store.product_qr", "pk": 91, "fields": {"product": 45, "qr_code": "", "supplier": 3, "is_fix": true, "moved_to_scratch": false, "moved_to_left_over": false, "date_of_pur": "2023-09-30", "uploaded_file": "", "date": "2023-09-30T08:31:56.356Z", "finish": "None"}}, {"model": "store.product_qr", "pk": 92, "fields": {"product": 45, "qr_code": "", "supplier": 3, "is_fix": true, "moved_to_scratch": false, "moved_to_left_over": false, "date_of_pur": "2023-09-30", "uploaded_file": "", "date": "2023-09-30T08:31:56.889Z", "finish": "None"}}, {"model": "store.product_qr", "pk": 93, "fields": {"product": 45, "qr_code": "", "supplier": 3, "is_fix": true, "moved_to_scratch": false, "moved_to_left_over": false, "date_of_pur": "2023-09-30", "uploaded_file": "", "date": "2023-09-30T08:31:57.245Z", "finish": "None"}}, {"model": "store.product_qr", "pk": 94, "fields": {"product": 45, "qr_code": "", "supplier": 3, "is_fix": true, "moved_to_scratch": false, "moved_to_left_over": false, "date_of_pur": "2023-09-30", "uploaded_file": "", "date": "2023-09-30T08:31:57.538Z", "finish": "None"}}, {"model": "store.product_qr", "pk": 95, "fields": {"product": 45, "qr_code": "", "supplier": 3, "is_fix": true, "moved_to_scratch": false, "moved_to_left_over": false, "date_of_pur": "2023-09-30", "uploaded_file": "", "date": "2023-09-30T08:31:58.051Z", "finish": "None"}}, {"model": "store.product_qr", "pk": 96, "fields": {"product": 45, "qr_code": "", "supplier": 3, "is_fix": true, "moved_to_scratch": false, "moved_to_left_over": false, "date_of_pur": "2023-09-30", "uploaded_file": "", "date": "2023-09-30T08:31:58.359Z", "finish": "None"}}, {"model": "store.product_qr", "pk": 97, "fields": {"product": 66, "qr_code": "static/qrcode/qr_code_97_P7eQe14.png", "supplier": 1, "is_fix": true, "moved_to_scratch": false, "moved_to_left_over": false, "date_of_pur": "2023-10-07", "uploaded_file": "", "date": "2023-10-06T12:02:23.380Z", "finish": "None"}}, {"model": "store.product_qr", "pk": 98, "fields": {"product": 66, "qr_code": "static/qrcode/qr_code_98_HNCWxL1.png", "supplier": 1, "is_fix": true, "moved_to_scratch": false, "moved_to_left_over": false, "date_of_pur": "2023-10-07", "uploaded_file": "", "date": "2023-10-06T12:02:25.005Z", "finish": "None"}}, {"model": "store.product_qr", "pk": 99, "fields": {"product": 66, "qr_code": "static/qrcode/qr_code_99_G8WzyOz.png", "supplier": 1, "is_fix": true, "moved_to_scratch": false, "moved_to_left_over": false, "date_of_pur": null, "uploaded_file": "", "date": "2023-10-06T12:02:25.141Z", "finish": "None"}}, {"model": "store.product_qr", "pk": 100, "fields": {"product": 66, "qr_code": "static/qrcode/qr_code_100_Qmyo4PI.png", "supplier": 1, "is_fix": true, "moved_to_scratch": false, "moved_to_left_over": false, "date_of_pur": "2023-10-07", "uploaded_file": "", "date": "2023-10-06T12:02:25.252Z", "finish": "None"}}, {"model": "store.product_qr", "pk": 101, "fields": {"product": 66, "qr_code": "static/qrcode/qr_code_101_XLfJaqp.png", "supplier": 1, "is_fix": true, "moved_to_scratch": false, "moved_to_left_over": false, "date_of_pur": "2023-10-07", "uploaded_file": "", "date": "2023-10-06T12:02:25.373Z", "finish": "None"}}, {"model": "store.product_qr", "pk": 102, "fields": {"product": 66, "qr_code": "static/qrcode/qr_code_102_43xib92.png", "supplier": 1, "is_fix": true, "moved_to_scratch": false, "moved_to_left_over": false, "date_of_pur": "2023-10-07", "uploaded_file": "", "date": "2023-10-06T12:02:25.661Z", "finish": "None"}}, {"model": "store.product_qr", "pk": 103, "fields": {"product": 66, "qr_code": "static/qrcode/qr_code_103_QWDQoN4.png", "supplier": 1, "is_fix": true, "moved_to_scratch": false, "moved_to_left_over": false, "date_of_pur": "2023-10-07", "uploaded_file": "", "date": "2023-10-06T12:02:25.816Z", "finish": "None"}}, {"model": "store.product_qr", "pk": 104, "fields": {"product": 66, "qr_code": "static/qrcode/qr_code_104_oQrbP81.png", "supplier": 1, "is_fix": true, "moved_to_scratch": false, "moved_to_left_over": false, "date_of_pur": "2023-10-07", "uploaded_file": "", "date": "2023-10-06T12:02:25.924Z", "finish": "None"}}, {"model": "store.product_qr", "pk": 105, "fields": {"product": 66, "qr_code": "static/qrcode/qr_code_105.png", "supplier": 1, "is_fix": true, "moved_to_scratch": false, "moved_to_left_over": false, "date_of_pur": "2023-10-07", "uploaded_file": "", "date": "2023-10-06T12:02:26.060Z", "finish": "None"}}, {"model": "store.product_qr", "pk": 106, "fields": {"product": 66, "qr_code": "static/qrcode/qr_code_106.png", "supplier": 1, "is_fix": true, "moved_to_scratch": false, "moved_to_left_over": false, "date_of_pur": "2023-10-07", "uploaded_file": "", "date": "2023-10-06T12:02:26.182Z", "finish": "None"}}, {"model": "store.product_qr", "pk": 107, "fields": {"product": 74, "qr_code": "static/qrcode/qr_code_107.png", "supplier": 1, "is_fix": true, "moved_to_scratch": true, "moved_to_left_over": false, "date_of_pur": "2023-10-07", "uploaded_file": "", "date": "2023-10-06T12:02:26.295Z", "finish": "None"}}, {"model": "store.product_qr", "pk": 108, "fields": {"product": 60, "qr_code": "static/qrcode/qr_code_108.png", "supplier": 1, "is_fix": true, "moved_to_scratch": true, "moved_to_left_over": false, "date_of_pur": "2023-10-07", "uploaded_file": "", "date": "2023-10-06T12:02:26.385Z", "finish": "None"}}, {"model": "store.product_qr", "pk": 109, "fields": {"product": 67, "qr_code": "static/qrcode/qr_code_109.png", "supplier": 1, "is_fix": true, "moved_to_scratch": false, "moved_to_left_over": false, "date_of_pur": "2023-10-07", "uploaded_file": "", "date": "2023-10-06T12:02:26.474Z", "finish": "None"}}, {"model": "store.product_qr", "pk": 110, "fields": {"product": 72, "qr_code": "static/qrcode/qr_code_110.png", "supplier": 1, "is_fix": true, "moved_to_scratch": false, "moved_to_left_over": true, "date_of_pur": "2023-10-07", "uploaded_file": "", "date": "2023-10-06T12:02:26.594Z", "finish": "None"}}, {"model": "store.product_qr", "pk": 111, "fields": {"product": 76, "qr_code": "static/qrcode/qr_code_111_0NrMkA5.png", "supplier": 1, "is_fix": true, "moved_to_scratch": false, "moved_to_left_over": true, "date_of_pur": "2023-10-07", "uploaded_file": "", "date": "2023-10-06T12:02:26.715Z", "finish": "None"}}, {"model": "store.product_qr", "pk": 112, "fields": {"product": 67, "qr_code": "static/qrcode/qr_code_112.png", "supplier": 1, "is_fix": true, "moved_to_scratch": false, "moved_to_left_over": false, "date_of_pur": "2023-10-07", "uploaded_file": "", "date": "2023-10-06T12:06:21.964Z", "finish": "None"}}, {"model": "store.product_qr", "pk": 113, "fields": {"product": 67, "qr_code": "static/qrcode/qr_code_113.png", "supplier": 1, "is_fix": true, "moved_to_scratch": false, "moved_to_left_over": false, "date_of_pur": "2023-10-07", "uploaded_file": "", "date": "2023-10-06T12:06:22.621Z", "finish": "None"}}, {"model": "store.product_qr", "pk": 114, "fields": {"product": 67, "qr_code": "static/qrcode/qr_code_114.png", "supplier": 1, "is_fix": true, "moved_to_scratch": false, "moved_to_left_over": false, "date_of_pur": "2023-10-07", "uploaded_file": "", "date": "2023-10-06T12:06:23.177Z", "finish": "None"}}, {"model": "store.product_qr", "pk": 115, "fields": {"product": 67, "qr_code": "static/qrcode/qr_code_115.png", "supplier": 1, "is_fix": true, "moved_to_scratch": false, "moved_to_left_over": false, "date_of_pur": "2023-10-07", "uploaded_file": "", "date": "2023-10-06T12:06:23.332Z", "finish": "None"}}, {"model": "store.product_qr", "pk": 116, "fields": {"product": 67, "qr_code": "static/qrcode/qr_code_116.png", "supplier": 1, "is_fix": true, "moved_to_scratch": false, "moved_to_left_over": false, "date_of_pur": "2023-10-07", "uploaded_file": "", "date": "2023-10-06T12:06:23.787Z", "finish": "None"}}, {"model": "store.product_qr", "pk": 117, "fields": {"product": 67, "qr_code": "static/qrcode/qr_code_117.png", "supplier": 1, "is_fix": true, "moved_to_scratch": false, "moved_to_left_over": false, "date_of_pur": "2023-10-07", "uploaded_file": "", "date": "2023-10-06T12:06:24.049Z", "finish": "None"}}, {"model": "store.product_qr", "pk": 118, "fields": {"product": 67, "qr_code": "static/qrcode/qr_code_118.png", "supplier": 1, "is_fix": true, "moved_to_scratch": false, "moved_to_left_over": false, "date_of_pur": "2023-10-07", "uploaded_file": "", "date": "2023-10-06T12:06:24.334Z", "finish": "None"}}, {"model": "store.product_qr", "pk": 119, "fields": {"product": 67, "qr_code": "static/qrcode/qr_code_119.png", "supplier": 1, "is_fix": true, "moved_to_scratch": false, "moved_to_left_over": false, "date_of_pur": "2023-10-07", "uploaded_file": "", "date": "2023-10-06T12:06:24.607Z", "finish": "None"}}, {"model": "store.product_qr", "pk": 120, "fields": {"product": 67, "qr_code": "static/qrcode/qr_code_120.png", "supplier": 1, "is_fix": true, "moved_to_scratch": false, "moved_to_left_over": false, "date_of_pur": "2023-10-07", "uploaded_file": "", "date": "2023-10-06T12:06:25.241Z", "finish": "None"}}, {"model": "store.product_qr", "pk": 121, "fields": {"product": 67, "qr_code": "static/qrcode/qr_code_121.png", "supplier": 1, "is_fix": true, "moved_to_scratch": false, "moved_to_left_over": false, "date_of_pur": "2023-10-07", "uploaded_file": "", "date": "2023-10-06T12:06:25.826Z", "finish": "None"}}, {"model": "store.product_qr", "pk": 122, "fields": {"product": 67, "qr_code": "static/qrcode/qr_code_122.png", "supplier": 1, "is_fix": true, "moved_to_scratch": false, "moved_to_left_over": false, "date_of_pur": "2023-10-07", "uploaded_file": "", "date": "2023-10-06T12:06:26.882Z", "finish": "None"}}, {"model": "store.product_qr", "pk": 123, "fields": {"product": 67, "qr_code": "static/qrcode/qr_code_123.png", "supplier": 1, "is_fix": true, "moved_to_scratch": false, "moved_to_left_over": false, "date_of_pur": "2023-10-07", "uploaded_file": "", "date": "2023-10-06T12:06:27.079Z", "finish": "None"}}, {"model": "store.product_qr", "pk": 124, "fields": {"product": 67, "qr_code": "static/qrcode/qr_code_124.png", "supplier": 1, "is_fix": true, "moved_to_scratch": false, "moved_to_left_over": false, "date_of_pur": "2023-10-07", "uploaded_file": "", "date": "2023-10-06T12:06:27.189Z", "finish": "None"}}, {"model": "store.product_qr", "pk": 125, "fields": {"product": 68, "qr_code": "static/qrcode/qr_code_125.png", "supplier": 1, "is_fix": true, "moved_to_scratch": false, "moved_to_left_over": false, "date_of_pur": "2023-10-07", "uploaded_file": "", "date": "2023-10-06T12:06:27.370Z", "finish": "None"}}, {"model": "store.product_qr", "pk": 126, "fields": {"product": 68, "qr_code": "static/qrcode/qr_code_126.png", "supplier": 1, "is_fix": true, "moved_to_scratch": false, "moved_to_left_over": false, "date_of_pur": "2023-10-07", "uploaded_file": "", "date": "2023-10-06T12:06:27.814Z", "finish": "None"}}, {"model": "store.product_qr", "pk": 127, "fields": {"product": 68, "qr_code": "static/qrcode/qr_code_127.png", "supplier": 1, "is_fix": true, "moved_to_scratch": false, "moved_to_left_over": false, "date_of_pur": "2023-10-07", "uploaded_file": "", "date": "2023-10-06T12:09:24.835Z", "finish": "None"}}, {"model": "store.product_qr", "pk": 128, "fields": {"product": 69, "qr_code": "static/qrcode/qr_code_128.png", "supplier": 1, "is_fix": true, "moved_to_scratch": false, "moved_to_left_over": false, "date_of_pur": "2023-10-07", "uploaded_file": "", "date": "2023-10-06T12:09:26.885Z", "finish": "None"}}, {"model": "store.product_qr", "pk": 129, "fields": {"product": 69, "qr_code": "static/qrcode/qr_code_129.png", "supplier": 1, "is_fix": true, "moved_to_scratch": false, "moved_to_left_over": false, "date_of_pur": "2023-10-07", "uploaded_file": "", "date": "2023-10-06T12:09:27.153Z", "finish": "None"}}, {"model": "store.product_qr", "pk": 130, "fields": {"product": 69, "qr_code": "static/qrcode/qr_code_130.png", "supplier": 1, "is_fix": true, "moved_to_scratch": false, "moved_to_left_over": false, "date_of_pur": "2023-10-07", "uploaded_file": "", "date": "2023-10-06T12:09:27.301Z", "finish": "None"}}, {"model": "store.product_qr", "pk": 131, "fields": {"product": 69, "qr_code": "static/qrcode/qr_code_131.png", "supplier": 1, "is_fix": true, "moved_to_scratch": false, "moved_to_left_over": false, "date_of_pur": "2023-10-07", "uploaded_file": "", "date": "2023-10-06T12:09:27.563Z", "finish": "None"}}, {"model": "store.product_qr", "pk": 132, "fields": {"product": 69, "qr_code": "static/qrcode/qr_code_132.png", "supplier": 1, "is_fix": true, "moved_to_scratch": false, "moved_to_left_over": false, "date_of_pur": "2023-10-07", "uploaded_file": "", "date": "2023-10-06T12:09:32.334Z", "finish": "None"}}, {"model": "store.product_qr", "pk": 133, "fields": {"product": 80, "qr_code": "static/qrcode/qr_code_133.png", "supplier": 1, "is_fix": true, "moved_to_scratch": false, "moved_to_left_over": true, "date_of_pur": "2023-10-07", "uploaded_file": "", "date": "2023-10-06T12:09:32.808Z", "finish": "None"}}, {"model": "store.product_qr", "pk": 134, "fields": {"product": 70, "qr_code": "static/qrcode/qr_code_134.png", "supplier": 1, "is_fix": true, "moved_to_scratch": false, "moved_to_left_over": false, "date_of_pur": "2023-10-07", "uploaded_file": "", "date": "2023-10-06T12:09:32.923Z", "finish": "None"}}, {"model": "store.product_qr", "pk": 135, "fields": {"product": 70, "qr_code": "static/qrcode/qr_code_135.png", "supplier": 1, "is_fix": true, "moved_to_scratch": false, "moved_to_left_over": false, "date_of_pur": "2023-10-07", "uploaded_file": "", "date": "2023-10-06T12:09:33.062Z", "finish": "None"}}, {"model": "store.product_qr", "pk": 136, "fields": {"product": 70, "qr_code": "static/qrcode/qr_code_136.png", "supplier": 1, "is_fix": true, "moved_to_scratch": false, "moved_to_left_over": false, "date_of_pur": "2023-10-07", "uploaded_file": "", "date": "2023-10-06T12:09:33.195Z", "finish": "None"}}, {"model": "store.product_qr", "pk": 137, "fields": {"product": 70, "qr_code": "static/qrcode/qr_code_137.png", "supplier": 1, "is_fix": true, "moved_to_scratch": false, "moved_to_left_over": false, "date_of_pur": "2023-10-07", "uploaded_file": "", "date": "2023-10-06T12:11:17.986Z", "finish": "None"}}, {"model": "store.product_qr", "pk": 138, "fields": {"product": 70, "qr_code": "static/qrcode/qr_code_138.png", "supplier": 1, "is_fix": true, "moved_to_scratch": false, "moved_to_left_over": false, "date_of_pur": "2023-10-07", "uploaded_file": "", "date": "2023-10-06T12:11:18.470Z", "finish": "None"}}, {"model": "store.product_qr", "pk": 139, "fields": {"product": 70, "qr_code": "static/qrcode/qr_code_139.png", "supplier": 1, "is_fix": true, "moved_to_scratch": false, "moved_to_left_over": false, "date_of_pur": "2023-10-07", "uploaded_file": "", "date": "2023-10-06T12:11:18.591Z", "finish": "None"}}, {"model": "store.product_qr", "pk": 140, "fields": {"product": 70, "qr_code": "static/qrcode/qr_code_140.png", "supplier": 1, "is_fix": true, "moved_to_scratch": false, "moved_to_left_over": false, "date_of_pur": "2023-10-07", "uploaded_file": "", "date": "2023-10-06T12:11:18.702Z", "finish": "None"}}, {"model": "store.product_qr", "pk": 141, "fields": {"product": 70, "qr_code": "static/qrcode/qr_code_141.png", "supplier": 1, "is_fix": true, "moved_to_scratch": false, "moved_to_left_over": false, "date_of_pur": "2023-10-07", "uploaded_file": "", "date": "2023-10-06T12:11:18.801Z", "finish": "None"}}, {"model": "store.product_qr", "pk": 142, "fields": {"product": 70, "qr_code": "static/qrcode/qr_code_142.png", "supplier": 1, "is_fix": true, "moved_to_scratch": false, "moved_to_left_over": false, "date_of_pur": "2023-10-07", "uploaded_file": "", "date": "2023-10-06T12:11:18.894Z", "finish": "None"}}, {"model": "store.product_qr", "pk": 143, "fields": {"product": null, "qr_code": "static/qrcode/qr_code_143.png", "supplier": null, "is_fix": false, "moved_to_scratch": false, "moved_to_left_over": false, "date_of_pur": null, "uploaded_file": "", "date": "2023-10-06T12:11:19.293Z", "finish": null}}, {"model": "store.product_qr", "pk": 144, "fields": {"product": null, "qr_code": "static/qrcode/qr_code_144.png", "supplier": null, "is_fix": false, "moved_to_scratch": false, "moved_to_left_over": false, "date_of_pur": null, "uploaded_file": "", "date": "2023-10-06T12:11:21.784Z", "finish": null}}, {"model": "store.product_qr", "pk": 145, "fields": {"product": null, "qr_code": "static/qrcode/qr_code_145.png", "supplier": null, "is_fix": false, "moved_to_scratch": false, "moved_to_left_over": false, "date_of_pur": null, "uploaded_file": "", "date": "2023-10-06T12:11:21.873Z", "finish": null}}, {"model": "store.product_qr", "pk": 146, "fields": {"product": null, "qr_code": "static/qrcode/qr_code_146.png", "supplier": null, "is_fix": false, "moved_to_scratch": false, "moved_to_left_over": false, "date_of_pur": null, "uploaded_file": "", "date": "2023-10-06T12:11:21.961Z", "finish": null}}, {"model": "store.shelf", "pk": 1, "fields": {"name": "A"}}, {"model": "store.shelf", "pk": 2, "fields": {"name": "B"}}, {"model": "store.shelf", "pk": 3, "fields": {"name": "C"}}, {"model": "store.product_qr_shelf", "pk": 1, "fields": {"product_qr": 1, "shelf": 1}}, {"model": "store.product_qr_shelf", "pk": 2, "fields": {"product_qr": 2, "shelf": 1}}, {"model": "store.product_qr_shelf", "pk": 3, "fields": {"product_qr": 3, "shelf": 1}}, {"model": "store.product_qr_shelf", "pk": 4, "fields": {"product_qr": 4, "shelf": 1}}, {"model": "store.product_qr_shelf", "pk": 5, "fields": {"product_qr": 5, "shelf": 1}}, {"model": "store.product_qr_shelf", "pk": 6, "fields": {"product_qr": 6, "shelf": 1}}, {"model": "store.product_qr_shelf", "pk": 7, "fields": {"product_qr": 7, "shelf": 1}}, {"model": "store.product_qr_shelf", "pk": 8, "fields": {"product_qr": 8, "shelf": 1}}, {"model": "store.product_qr_shelf", "pk": 9, "fields": {"product_qr": 9, "shelf": 1}}, {"model": "store.product_qr_shelf", "pk": 10, "fields": {"product_qr": 10, "shelf": 1}}, {"model": "store.product_qr_shelf", "pk": 11, "fields": {"product_qr": 11, "shelf": 1}}, {"model": "store.product_qr_shelf", "pk": 12, "fields": {"product_qr": 12, "shelf": 1}}, {"model": "store.product_qr_shelf", "pk": 13, "fields": {"product_qr": 13, "shelf": 1}}, {"model": "store.product_qr_shelf", "pk": 14, "fields": {"product_qr": 14, "shelf": 1}}, {"model": "store.product_qr_shelf", "pk": 15, "fields": {"product_qr": 15, "shelf": 1}}, {"model": "store.product_qr_shelf", "pk": 16, "fields": {"product_qr": 16, "shelf": 1}}, {"model": "store.product_qr_shelf", "pk": 17, "fields": {"product_qr": 17, "shelf": 1}}, {"model": "store.product_qr_shelf", "pk": 18, "fields": {"product_qr": 18, "shelf": 1}}, {"model": "store.product_qr_shelf", "pk": 19, "fields": {"product_qr": 19, "shelf": 1}}, {"model": "store.product_qr_shelf", "pk": 20, "fields": {"product_qr": 20, "shelf": 1}}, {"model": "store.product_qr_shelf", "pk": 21, "fields": {"product_qr": 21, "shelf": 1}}, {"model": "store.product_qr_shelf", "pk": 22, "fields": {"product_qr": 22, "shelf": 1}}, {"model": "store.product_qr_shelf", "pk": 23, "fields": {"product_qr": 23, "shelf": 1}}, {"model": "store.product_qr_shelf", "pk": 24, "fields": {"product_qr": 24, "shelf": 1}}, {"model": "store.product_qr_shelf", "pk": 25, "fields": {"product_qr": 25, "shelf": 1}}, {"model": "store.product_qr_shelf", "pk": 26, "fields": {"product_qr": 26, "shelf": 1}}, {"model": "store.product_qr_shelf", "pk": 27, "fields": {"product_qr": 27, "shelf": 1}}, {"model": "store.product_qr_shelf", "pk": 28, "fields": {"product_qr": 28, "shelf": 1}}, {"model": "store.product_qr_shelf", "pk": 29, "fields": {"product_qr": 29, "shelf": 1}}, {"model": "store.product_qr_shelf", "pk": 30, "fields": {"product_qr": 30, "shelf": 1}}, {"model": "store.product_qr_shelf", "pk": 31, "fields": {"product_qr": 31, "shelf": 1}}, {"model": "store.product_qr_shelf", "pk": 32, "fields": {"product_qr": 32, "shelf": 1}}, {"model": "store.product_qr_shelf", "pk": 33, "fields": {"product_qr": 33, "shelf": 1}}, {"model": "store.product_qr_shelf", "pk": 34, "fields": {"product_qr": 34, "shelf": 1}}, {"model": "store.product_qr_shelf", "pk": 35, "fields": {"product_qr": 35, "shelf": 1}}, {"model": "store.product_qr_shelf", "pk": 36, "fields": {"product_qr": 36, "shelf": 1}}, {"model": "store.product_qr_shelf", "pk": 37, "fields": {"product_qr": 37, "shelf": 1}}, {"model": "store.product_qr_shelf", "pk": 105, "fields": {"product_qr": 38, "shelf": 2}}, {"model": "store.product_qr_shelf", "pk": 106, "fields": {"product_qr": 39, "shelf": 2}}, {"model": "store.product_qr_shelf", "pk": 107, "fields": {"product_qr": 40, "shelf": 2}}, {"model": "store.product_qr_shelf", "pk": 108, "fields": {"product_qr": 41, "shelf": 2}}, {"model": "store.product_qr_shelf", "pk": 109, "fields": {"product_qr": 42, "shelf": 2}}, {"model": "store.product_qr_shelf", "pk": 110, "fields": {"product_qr": 43, "shelf": 2}}, {"model": "store.product_qr_shelf", "pk": 111, "fields": {"product_qr": 44, "shelf": 2}}, {"model": "store.product_qr_shelf", "pk": 112, "fields": {"product_qr": 45, "shelf": 2}}, {"model": "store.product_qr_shelf", "pk": 113, "fields": {"product_qr": 46, "shelf": 2}}, {"model": "store.product_qr_shelf", "pk": 114, "fields": {"product_qr": 47, "shelf": 2}}, {"model": "store.product_qr_shelf", "pk": 115, "fields": {"product_qr": 48, "shelf": 2}}, {"model": "store.product_qr_shelf", "pk": 116, "fields": {"product_qr": 49, "shelf": 2}}, {"model": "store.product_qr_shelf", "pk": 117, "fields": {"product_qr": 50, "shelf": 2}}, {"model": "store.product_qr_shelf", "pk": 118, "fields": {"product_qr": 51, "shelf": 2}}, {"model": "store.product_qr_shelf", "pk": 119, "fields": {"product_qr": 52, "shelf": 2}}, {"model": "store.product_qr_shelf", "pk": 120, "fields": {"product_qr": 53, "shelf": 2}}, {"model": "store.product_qr_shelf", "pk": 121, "fields": {"product_qr": 54, "shelf": 2}}, {"model": "store.product_qr_shelf", "pk": 122, "fields": {"product_qr": 55, "shelf": 2}}, {"model": "store.product_qr_shelf", "pk": 123, "fields": {"product_qr": 56, "shelf": 2}}, {"model": "store.product_qr_shelf", "pk": 124, "fields": {"product_qr": 57, "shelf": 2}}, {"model": "store.product_qr_shelf", "pk": 125, "fields": {"product_qr": 58, "shelf": 2}}, {"model": "store.product_qr_shelf", "pk": 126, "fields": {"product_qr": 59, "shelf": 2}}, {"model": "store.product_qr_shelf", "pk": 127, "fields": {"product_qr": 60, "shelf": 2}}, {"model": "store.product_qr_shelf", "pk": 128, "fields": {"product_qr": 61, "shelf": 2}}, {"model": "store.product_qr_shelf", "pk": 129, "fields": {"product_qr": 62, "shelf": 2}}, {"model": "store.product_qr_shelf", "pk": 130, "fields": {"product_qr": 63, "shelf": 2}}, {"model": "store.product_qr_shelf", "pk": 131, "fields": {"product_qr": 64, "shelf": 2}}, {"model": "store.product_qr_shelf", "pk": 132, "fields": {"product_qr": 65, "shelf": 2}}, {"model": "store.product_qr_shelf", "pk": 133, "fields": {"product_qr": 66, "shelf": 2}}, {"model": "store.product_qr_shelf", "pk": 134, "fields": {"product_qr": 67, "shelf": 2}}, {"model": "store.product_qr_shelf", "pk": 135, "fields": {"product_qr": 68, "shelf": 2}}, {"model": "store.product_qr_shelf", "pk": 136, "fields": {"product_qr": 69, "shelf": 2}}, {"model": "store.product_qr_shelf", "pk": 137, "fields": {"product_qr": 70, "shelf": 1}}, {"model": "store.product_qr_shelf", "pk": 138, "fields": {"product_qr": 71, "shelf": 3}}, {"model": "store.product_qr_shelf", "pk": 139, "fields": {"product_qr": 72, "shelf": 3}}, {"model": "store.product_qr_shelf", "pk": 140, "fields": {"product_qr": 73, "shelf": 3}}, {"model": "store.product_qr_shelf", "pk": 141, "fields": {"product_qr": 74, "shelf": 3}}, {"model": "store.product_qr_shelf", "pk": 142, "fields": {"product_qr": 75, "shelf": 3}}, {"model": "store.product_qr_shelf", "pk": 143, "fields": {"product_qr": 76, "shelf": 3}}, {"model": "store.product_qr_shelf", "pk": 144, "fields": {"product_qr": 77, "shelf": 3}}, {"model": "store.product_qr_shelf", "pk": 145, "fields": {"product_qr": 78, "shelf": 3}}, {"model": "store.product_qr_shelf", "pk": 146, "fields": {"product_qr": 79, "shelf": 3}}, {"model": "store.product_qr_shelf", "pk": 147, "fields": {"product_qr": 80, "shelf": 3}}, {"model": "store.product_qr_shelf", "pk": 148, "fields": {"product_qr": 81, "shelf": 3}}, {"model": "store.product_qr_shelf", "pk": 149, "fields": {"product_qr": 82, "shelf": 3}}, {"model": "store.product_qr_shelf", "pk": 150, "fields": {"product_qr": 83, "shelf": 3}}, {"model": "store.product_qr_shelf", "pk": 151, "fields": {"product_qr": 84, "shelf": 3}}, {"model": "store.product_qr_shelf", "pk": 152, "fields": {"product_qr": 85, "shelf": 3}}, {"model": "store.product_qr_shelf", "pk": 153, "fields": {"product_qr": 86, "shelf": 3}}, {"model": "store.product_qr_shelf", "pk": 154, "fields": {"product_qr": 87, "shelf": 3}}, {"model": "store.product_qr_shelf", "pk": 155, "fields": {"product_qr": 88, "shelf": 3}}, {"model": "store.product_qr_shelf", "pk": 156, "fields": {"product_qr": 89, "shelf": 3}}, {"model": "store.product_qr_shelf", "pk": 157, "fields": {"product_qr": 90, "shelf": 3}}, {"model": "store.product_qr_shelf", "pk": 158, "fields": {"product_qr": 91, "shelf": 3}}, {"model": "store.product_qr_shelf", "pk": 159, "fields": {"product_qr": 92, "shelf": 3}}, {"model": "store.product_qr_shelf", "pk": 160, "fields": {"product_qr": 93, "shelf": 3}}, {"model": "store.product_qr_shelf", "pk": 161, "fields": {"product_qr": 94, "shelf": 3}}, {"model": "store.product_qr_shelf", "pk": 162, "fields": {"product_qr": 95, "shelf": 3}}, {"model": "store.product_qr_shelf", "pk": 163, "fields": {"product_qr": 96, "shelf": 3}}, {"model": "store.product_qr_shelf", "pk": 164, "fields": {"product_qr": 97, "shelf": 1}}, {"model": "store.product_qr_shelf", "pk": 165, "fields": {"product_qr": 98, "shelf": 1}}, {"model": "store.product_qr_shelf", "pk": 166, "fields": {"product_qr": 99, "shelf": 1}}, {"model": "store.product_qr_shelf", "pk": 167, "fields": {"product_qr": 100, "shelf": 1}}, {"model": "store.product_qr_shelf", "pk": 168, "fields": {"product_qr": 101, "shelf": 1}}, {"model": "store.product_qr_shelf", "pk": 169, "fields": {"product_qr": 102, "shelf": 1}}, {"model": "store.product_qr_shelf", "pk": 170, "fields": {"product_qr": 103, "shelf": 1}}, {"model": "store.product_qr_shelf", "pk": 171, "fields": {"product_qr": 104, "shelf": 1}}, {"model": "store.product_qr_shelf", "pk": 172, "fields": {"product_qr": 105, "shelf": 1}}, {"model": "store.product_qr_shelf", "pk": 173, "fields": {"product_qr": 106, "shelf": 1}}, {"model": "store.product_qr_shelf", "pk": 174, "fields": {"product_qr": 107, "shelf": 1}}, {"model": "store.product_qr_shelf", "pk": 175, "fields": {"product_qr": 108, "shelf": 1}}, {"model": "store.product_qr_shelf", "pk": 176, "fields": {"product_qr": 109, "shelf": 1}}, {"model": "store.product_qr_shelf", "pk": 177, "fields": {"product_qr": 110, "shelf": 1}}, {"model": "store.product_qr_shelf", "pk": 178, "fields": {"product_qr": 111, "shelf": 1}}, {"model": "store.product_qr_shelf", "pk": 179, "fields": {"product_qr": 112, "shelf": 1}}, {"model": "store.product_qr_shelf", "pk": 180, "fields": {"product_qr": 113, "shelf": 1}}, {"model": "store.product_qr_shelf", "pk": 181, "fields": {"product_qr": 114, "shelf": 1}}, {"model": "store.product_qr_shelf", "pk": 182, "fields": {"product_qr": 115, "shelf": 1}}, {"model": "store.product_qr_shelf", "pk": 183, "fields": {"product_qr": 116, "shelf": 1}}, {"model": "store.product_qr_shelf", "pk": 184, "fields": {"product_qr": 117, "shelf": 1}}, {"model": "store.product_qr_shelf", "pk": 185, "fields": {"product_qr": 118, "shelf": 1}}, {"model": "store.product_qr_shelf", "pk": 186, "fields": {"product_qr": 119, "shelf": 1}}, {"model": "store.product_qr_shelf", "pk": 187, "fields": {"product_qr": 120, "shelf": 1}}, {"model": "store.product_qr_shelf", "pk": 188, "fields": {"product_qr": 121, "shelf": 1}}, {"model": "store.product_qr_shelf", "pk": 189, "fields": {"product_qr": 122, "shelf": 1}}, {"model": "store.product_qr_shelf", "pk": 190, "fields": {"product_qr": 123, "shelf": 1}}, {"model": "store.product_qr_shelf", "pk": 191, "fields": {"product_qr": 124, "shelf": 1}}, {"model": "store.product_qr_shelf", "pk": 192, "fields": {"product_qr": 125, "shelf": 1}}, {"model": "store.product_qr_shelf", "pk": 193, "fields": {"product_qr": 126, "shelf": 1}}, {"model": "store.product_qr_shelf", "pk": 194, "fields": {"product_qr": 127, "shelf": 1}}, {"model": "store.product_qr_shelf", "pk": 195, "fields": {"product_qr": 128, "shelf": 1}}, {"model": "store.product_qr_shelf", "pk": 196, "fields": {"product_qr": 129, "shelf": 1}}, {"model": "store.product_qr_shelf", "pk": 197, "fields": {"product_qr": 130, "shelf": 1}}, {"model": "store.product_qr_shelf", "pk": 198, "fields": {"product_qr": 131, "shelf": 1}}, {"model": "store.product_qr_shelf", "pk": 199, "fields": {"product_qr": 132, "shelf": 1}}, {"model": "store.product_qr_shelf", "pk": 200, "fields": {"product_qr": 133, "shelf": 1}}, {"model": "store.product_qr_shelf", "pk": 201, "fields": {"product_qr": 134, "shelf": 1}}, {"model": "store.product_qr_shelf", "pk": 202, "fields": {"product_qr": 135, "shelf": 1}}, {"model": "store.product_qr_shelf", "pk": 203, "fields": {"product_qr": 136, "shelf": 1}}, {"model": "store.product_qr_shelf", "pk": 204, "fields": {"product_qr": 137, "shelf": 1}}, {"model": "store.product_qr_shelf", "pk": 205, "fields": {"product_qr": 138, "shelf": 1}}, {"model": "store.product_qr_shelf", "pk": 206, "fields": {"product_qr": 139, "shelf": 1}}, {"model": "store.product_qr_shelf", "pk": 207, "fields": {"product_qr": 140, "shelf": 1}}, {"model": "store.product_qr_shelf", "pk": 208, "fields": {"product_qr": 141, "shelf": 1}}, {"model": "store.product_qr_shelf", "pk": 209, "fields": {"product_qr": 142, "shelf": 1}}, {"model": "store.product_qr_shelf", "pk": 210, "fields": {"product_qr": 143, "shelf": null}}, {"model": "store.product_qr_shelf", "pk": 211, "fields": {"product_qr": 144, "shelf": null}}, {"model": "store.product_qr_shelf", "pk": 212, "fields": {"product_qr": 145, "shelf": null}}, {"model": "store.product_qr_shelf", "pk": 213, "fields": {"product_qr": 146, "shelf": null}}, {"model": "users.user", "pk": 1, "fields": {"password": "pbkdf2_sha256$390000$SbSsZhaeG8TQstxP2mFguG$KwwKu5EPFmG8B7XLxxUXCzodivemclvf7HzplZsiM9A=", "last_login": "2023-10-10T07:00:37.583Z", "is_superuser": true, "username": "admin", "first_name": "", "last_name": "", "email": "admin@gmail.com", "is_staff": true, "is_active": true, "date_joined": "2023-09-16T07:57:08.891Z", "is_accounts": false, "is_admin": false, "is_reception": false, "is_designer": false, "is_cutter": false, "groups": [], "user_permissions": []}}, {"model": "users.user", "pk": 2, "fields": {"password": "pbkdf2_sha256$260000$MWAkr7fnOWCztkzYfrza76$+YsscACpFLtuNsNpXEzhBAASkCCpbf8Aw+WFdfYgFrA=", "last_login": "2023-10-09T10:42:56.201Z", "is_superuser": false, "username": "designer", "first_name": "", "last_name": "", "email": "", "is_staff": false, "is_active": true, "date_joined": "2023-09-17T08:52:28.529Z", "is_accounts": false, "is_admin": false, "is_reception": false, "is_designer": true, "is_cutter": false, "groups": [], "user_permissions": []}}, {"model": "users.user", "pk": 3, "fields": {"password": "pbkdf2_sha256$260000$sp5PaTCbFvXv6Pk7eS62bm$5RxCV6cpeh22k1PGCaVkhppFxxTR5ZumOntL+9zBAPc=", "last_login": "2023-10-09T10:53:51.305Z", "is_superuser": false, "username": "receptionist", "first_name": "", "last_name": "", "email": "", "is_staff": false, "is_active": true, "date_joined": "2023-09-17T09:08:13.641Z", "is_accounts": false, "is_admin": false, "is_reception": true, "is_designer": false, "is_cutter": false, "groups": [], "user_permissions": []}}, {"model": "users.user", "pk": 4, "fields": {"password": "pbkdf2_sha256$260000$73lEBao22Pjwd4Rs05I5Sb$uJiDz3flVHbUQLii4B7NokxqusDrTdxVetqzIQH0ZeU=", "last_login": "2023-10-09T10:54:34.057Z", "is_superuser": false, "username": "cutter", "first_name": "", "last_name": "", "email": "", "is_staff": false, "is_active": true, "date_joined": "2023-09-17T09:19:07Z", "is_accounts": false, "is_admin": false, "is_reception": false, "is_designer": false, "is_cutter": true, "groups": [], "user_permissions": []}}, {"model": "users.user", "pk": 5, "fields": {"password": "pbkdf2_sha256$260000$6nF7IncfDqGtSQtY1EHgCY$4ii9qw19WewIl5XtGZSkl3XNNFaqykABzgAt/wwBATs=", "last_login": "2023-10-09T05:12:50.259Z", "is_superuser": false, "username": "accounts", "first_name": "", "last_name": "", "email": "", "is_staff": false, "is_active": true, "date_joined": "2023-09-23T09:43:27Z", "is_accounts": true, "is_admin": false, "is_reception": false, "is_designer": false, "is_cutter": false, "groups": [], "user_permissions": []}}, {"model": "transactions.project", "pk": 1, "fields": {"customer": 1, "employee_name": 1, "DC_date": "2023-09-17", "description": "Take Sheet No : 1", "order_id": "001", "completed": false}}, {"model": "transactions.project", "pk": 2, "fields": {"customer": 1, "employee_name": 1, "DC_date": "2023-09-17", "description": "DV-2 Take Sheet No: 2", "order_id": "002", "completed": false}}, {"model": "transactions.project", "pk": 3, "fields": {"customer": 3, "employee_name": 1, "DC_date": "2023-09-20", "description": "Take Sheet No : 3 and 4", "order_id": "RHPL/PUR/0530", "completed": false}}, {"model": "transactions.project", "pk": 5, "fields": {"customer": 4, "employee_name": 1, "DC_date": "2023-09-20", "description": "Use sheet no, 16, 17, 20, 21", "order_id": "0234398", "completed": false}}, {"model": "transactions.project", "pk": 11, "fields": {"customer": 4, "employee_name": 1, "DC_date": "2023-09-22", "description": "Take Sheet No : 13", "order_id": "02343563", "completed": false}}, {"model": "transactions.project", "pk": 15, "fields": {"customer": 1, "employee_name": 1, "DC_date": "2023-09-22", "description": "Take Sheet No : 5  and 6", "order_id": "50045013427", "completed": false}}, {"model": "transactions.project", "pk": 17, "fields": {"customer": 1, "employee_name": 2, "DC_date": "2023-09-23", "description": "Take Sheet No : 7, For FM - SLR 1000 Nos.", "order_id": "5007501025 - 5 - 1482", "completed": false}}, {"model": "transactions.project", "pk": 18, "fields": {"customer": 1, "employee_name": 2, "DC_date": "2023-09-23", "description": "Take Sheet No : 14, Drg No : 24-130-1306678, OD 36", "order_id": "50045013467", "completed": false}}, {"model": "transactions.project", "pk": 19, "fields": {"customer": 1, "employee_name": 1, "DC_date": "2023-09-23", "description": "Take Sheet No : 23, Drg no 24-130-1306851_ 36 mm", "order_id": "24-130-1306851", "completed": false}}, {"model": "transactions.project", "pk": 20, "fields": {"customer": 1, "employee_name": 2, "DC_date": "2023-09-25", "description": "Take Sheet No : 4 / FM FOR LASER CUTTING", "order_id": "50045013467, DRG NO : 24 - 130 - 1317932", "completed": false}}, {"model": "transactions.project", "pk": 22, "fields": {"customer": 1, "employee_name": 2, "DC_date": "2023-09-25", "description": "Take Sheet No : 24, FOR FM LASER CUTTING BLANK TAG", "order_id": "50045013002 / 50045013467", "completed": false}}, {"model": "transactions.project", "pk": 23, "fields": {"customer": 5, "employee_name": 2, "DC_date": "2023-09-25", "description": "Take Sheet No : 71,FOR LASER CUTTING UAM 99 TO 102", "order_id": "13883", "completed": false}}, {"model": "transactions.project", "pk": 24, "fields": {"customer": 1, "employee_name": 1, "DC_date": "2023-09-26", "description": "Take Sheet No : 4 ,L. C. Drg No. 24-130-1317931", "order_id": "50045013647", "completed": false}}, {"model": "transactions.project", "pk": 25, "fields": {"customer": 6, "employee_name": 1, "DC_date": "2023-09-27", "description": "Take Sheet No : 7", "order_id": "1710073955", "completed": false}}, {"model": "transactions.project", "pk": 26, "fields": {"customer": 4, "employee_name": 1, "DC_date": "2023-09-27", "description": "Take Sheet No : 44", "order_id": "02343718", "completed": false}}, {"model": "transactions.project", "pk": 27, "fields": {"customer": 1, "employee_name": 2, "DC_date": "2023-09-27", "description": "Take sheet no 13 also used it for eagle tags", "order_id": "1234567", "completed": false}}, {"model": "transactions.project", "pk": 29, "fields": {"customer": 5, "employee_name": 1, "DC_date": "2023-09-30", "description": "Take Sheet No : 86", "order_id": "13911", "completed": false}}, {"model": "transactions.project", "pk": 30, "fields": {"customer": 5, "employee_name": 1, "DC_date": "2023-09-30", "description": "Take Sheet No : 71, HYT YUGL 30", "order_id": "13911_YUGL 30", "completed": false}}, {"model": "transactions.project", "pk": 31, "fields": {"customer": 1, "employee_name": 1, "DC_date": "2023-09-30", "description": "Take Sheet No : 8 and 9 DV 1", "order_id": "5007501025-5-1487 DB 1", "completed": false}}, {"model": "transactions.project", "pk": 32, "fields": {"customer": 1, "employee_name": 1, "DC_date": "2023-09-30", "description": "Take Sheet No : 10 and 11", "order_id": "5007501025-5-1487 DB 2", "completed": false}}, {"model": "transactions.project", "pk": 33, "fields": {"customer": 8, "employee_name": 1, "DC_date": "2023-09-30", "description": "Bajaj small and medium size name plate", "order_id": "300000062", "completed": false}}, {"model": "transactions.project", "pk": 34, "fields": {"customer": 7, "employee_name": 1, "DC_date": "2023-10-01", "description": "Take Sheet No : 4", "order_id": "CHAMUNDA DEVI", "completed": false}}, {"model": "transactions.project", "pk": 35, "fields": {"customer": 1, "employee_name": 1, "DC_date": "2023-10-02", "description": "Take Sheet No : 19 Film 4 Drg No 24-130-1182423", "order_id": "5007501025-5-1487", "completed": false}}, {"model": "transactions.project", "pk": 36, "fields": {"customer": 1, "employee_name": 1, "DC_date": "2023-10-02", "description": "Take Sheet No : 7 SLR OPEN", "order_id": "5007501025-5-1487 SLR open", "completed": false}}, {"model": "transactions.project", "pk": 37, "fields": {"customer": 4, "employee_name": 1, "DC_date": "2023-10-02", "description": "Take Sheet No : 24,  250 x 150 x 1 mm Qty 12 Nos", "order_id": "02343776/2.10.2023", "completed": false}}, {"model": "transactions.project", "pk": 39, "fields": {"customer": 1, "employee_name": 1, "DC_date": "2023-10-02", "description": "Take sheet no 4", "order_id": "5007501025-5-1487 SLR", "completed": false}}, {"model": "transactions.project", "pk": 40, "fields": {"customer": 1, "employee_name": 1, "DC_date": "2023-10-03", "description": "Take Sheet No : 12, 200x16, 150x20,100x15", "order_id": "14109 / 2/10", "completed": false}}, {"model": "transactions.project", "pk": 41, "fields": {"customer": 1, "employee_name": 1, "DC_date": "2023-10-03", "description": "Take Sheet No : 24, 38 x 28, 60 x 12, 58 x 48", "order_id": "14109/2.10.", "completed": false}}, {"model": "transactions.project", "pk": 42, "fields": {"customer": 10, "employee_name": 1, "DC_date": "2023-10-03", "description": "Take Sheet No : 34, 207 x 81 x 1.5 mm, Hydroteck", "order_id": "Logo Plate Size : 207 x 81 x 1.5", "completed": false}}, {"model": "transactions.project", "pk": 43, "fields": {"customer": 5, "employee_name": 1, "DC_date": "2023-10-04", "description": "Take Sheet No : 71 YUGL 30", "order_id": "13980", "completed": false}}, {"model": "transactions.project", "pk": 44, "fields": {"customer": 6, "employee_name": 1, "DC_date": "2023-10-04", "description": "Take Sheet No : 12 Delval 50, 37, 20", "order_id": "74334 / 2.10.23", "completed": false}}, {"model": "transactions.project", "pk": 45, "fields": {"customer": 1, "employee_name": 1, "DC_date": "2023-10-04", "description": "Take Sheet No : 15, 18, 22", "order_id": "50045014109", "completed": false}}, {"model": "transactions.project", "pk": 47, "fields": {"customer": 1, "employee_name": 1, "DC_date": "2023-10-06", "description": "Take Sheet No : 19  Drg No 9595", "order_id": "50045014109 , Balance", "completed": false}}, {"model": "transactions.project", "pk": 48, "fields": {"customer": 1, "employee_name": 1, "DC_date": "2023-10-06", "description": "Take Sheet No : 25", "order_id": "50045014298 and 14109", "completed": false}}, {"model": "transactions.project", "pk": 49, "fields": {"customer": 11, "employee_name": 1, "DC_date": "2023-10-06", "description": "Take Sheet No : 89 intervalve", "order_id": "023D4153 25/08", "completed": false}}, {"model": "transactions.project", "pk": 50, "fields": {"customer": 5, "employee_name": 1, "DC_date": "2023-10-06", "description": "Take Sheet No : 71 YUGL 30 HYT", "order_id": "14006 HYT", "completed": false}}, {"model": "transactions.project", "pk": 51, "fields": {"customer": 1, "employee_name": 1, "DC_date": "2023-10-07", "description": "Take Sheet No : 26 To 32", "order_id": "50045014109 , Drg No 9597  and Drg No 9598", "completed": false}}, {"model": "transactions.project", "pk": 52, "fields": {"customer": 1, "employee_name": 1, "DC_date": "2023-10-07", "description": "Take Sheet No : 107 and 108  Drg No 24-130-131935", "order_id": "50045014530", "completed": false}}, {"model": "transactions.project", "pk": 53, "fields": {"customer": 4, "employee_name": 1, "DC_date": "2023-10-07", "description": "Take Sheet No : 109 and 110", "order_id": "55 x 20  Eaglebugman", "completed": false}}, {"model": "transactions.project", "pk": 55, "fields": {"customer": 13, "employee_name": 1, "DC_date": "2023-10-07", "description": "Take Sheet No : 110", "order_id": "VEL-0122-2023-24_Drg No 1837", "completed": false}}, {"model": "transactions.project", "pk": 56, "fields": {"customer": 11, "employee_name": 1, "DC_date": "2023-10-07", "description": "Take Sheet No : 90 intervalve 1000 Nos", "order_id": "023d415325/8 7.10.2023", "completed": false}}, {"model": "transactions.project", "pk": 57, "fields": {"customer": 1, "employee_name": 1, "DC_date": "2023-10-08", "description": "Take Sheet No : 111", "order_id": "50045014109/2.10.2023", "completed": false}}, {"model": "transactions.project", "pk": 59, "fields": {"customer": 16, "employee_name": 1, "DC_date": "2023-10-08", "description": "Take Sheet No : 19", "order_id": "Sr No 23J034, 23J033A, 23J033B, 200 X 125 ,  NOS", "completed": false}}, {"model": "transactions.project", "pk": 60, "fields": {"customer": 15, "employee_name": 1, "DC_date": "2023-10-08", "description": "Take Sheet No : 19", "order_id": "PROCESS IN to FF01 0.5 Um", "completed": false}}, {"model": "transactions.project", "pk": 61, "fields": {"customer": 1, "employee_name": 1, "DC_date": "2023-10-09", "description": "Take Sheet No : 133 and12", "order_id": "20 X 58 ARKA FM", "completed": false}}, {"model": "transactions.project_material", "pk": 1, "fields": {"sheet_no": 1, "quantity": 1, "product": 1, "project": 1}}, {"model": "transactions.project_material", "pk": 2, "fields": {"sheet_no": 2, "quantity": 1, "product": 1, "project": 2}}, {"model": "transactions.project_material", "pk": 3, "fields": {"sheet_no": 3, "quantity": 1, "product": 1, "project": 3}}, {"model": "transactions.project_material", "pk": 4, "fields": {"sheet_no": 4, "quantity": 1, "product": 1, "project": 3}}, {"model": "transactions.project_material", "pk": 11, "fields": {"sheet_no": 13, "quantity": 1, "product": 2, "project": 5}}, {"model": "transactions.project_material", "pk": 12, "fields": {"sheet_no": 16, "quantity": 1, "product": 2, "project": 5}}, {"model": "transactions.project_material", "pk": 13, "fields": {"sheet_no": 17, "quantity": 1, "product": 2, "project": 5}}, {"model": "transactions.project_material", "pk": 14, "fields": {"sheet_no": 20, "quantity": 1, "product": 2, "project": 5}}, {"model": "transactions.project_material", "pk": 15, "fields": {"sheet_no": 21, "quantity": 1, "product": 2, "project": 5}}, {"model": "transactions.project_material", "pk": 24, "fields": {"sheet_no": 13, "quantity": 1, "product": 2, "project": 11}}, {"model": "transactions.project_material", "pk": 30, "fields": {"sheet_no": 4, "quantity": 1, "product": 27, "project": 15}}, {"model": "transactions.project_material", "pk": 31, "fields": {"sheet_no": 5, "quantity": 1, "product": 1, "project": 15}}, {"model": "transactions.project_material", "pk": 32, "fields": {"sheet_no": 6, "quantity": 1, "product": 1, "project": 15}}, {"model": "transactions.project_material", "pk": 34, "fields": {"sheet_no": 7, "quantity": 1, "product": 1, "project": 17}}, {"model": "transactions.project_material", "pk": 35, "fields": {"sheet_no": 14, "quantity": 1, "product": 2, "project": 18}}, {"model": "transactions.project_material", "pk": 36, "fields": {"sheet_no": 23, "quantity": 1, "product": 3, "project": 19}}, {"model": "transactions.project_material", "pk": 37, "fields": {"sheet_no": 4, "quantity": 1, "product": 27, "project": 20}}, {"model": "transactions.project_material", "pk": 40, "fields": {"sheet_no": 24, "quantity": 1, "product": 3, "project": 22}}, {"model": "transactions.project_material", "pk": 41, "fields": {"sheet_no": 71, "quantity": 1, "product": 31, "project": 23}}, {"model": "transactions.project_material", "pk": 42, "fields": {"sheet_no": 4, "quantity": 1, "product": 27, "project": 24}}, {"model": "transactions.project_material", "pk": 43, "fields": {"sheet_no": 7, "quantity": 1, "product": 32, "project": 25}}, {"model": "transactions.project_material", "pk": 44, "fields": {"sheet_no": 44, "quantity": 1, "product": 7, "project": 26}}, {"model": "transactions.project_material", "pk": 45, "fields": {"sheet_no": 13, "quantity": 1, "product": 34, "project": 27}}, {"model": "transactions.project_material", "pk": 47, "fields": {"sheet_no": 86, "quantity": 1, "product": 44, "project": 29}}, {"model": "transactions.project_material", "pk": 48, "fields": {"sheet_no": 71, "quantity": 1, "product": 38, "project": 30}}, {"model": "transactions.project_material", "pk": 49, "fields": {"sheet_no": 8, "quantity": 1, "product": 1, "project": 31}}, {"model": "transactions.project_material", "pk": 50, "fields": {"sheet_no": 9, "quantity": 1, "product": 1, "project": 31}}, {"model": "transactions.project_material", "pk": 51, "fields": {"sheet_no": 10, "quantity": 1, "product": 1, "project": 32}}, {"model": "transactions.project_material", "pk": 52, "fields": {"sheet_no": 11, "quantity": 1, "product": 1, "project": 32}}, {"model": "transactions.project_material", "pk": 53, "fields": {"sheet_no": 72, "quantity": 1, "product": 29, "project": 33}}, {"model": "transactions.project_material", "pk": 54, "fields": {"sheet_no": 73, "quantity": 1, "product": 29, "project": 33}}, {"model": "transactions.project_material", "pk": 55, "fields": {"sheet_no": 74, "quantity": 1, "product": 29, "project": 33}}, {"model": "transactions.project_material", "pk": 56, "fields": {"sheet_no": 75, "quantity": 1, "product": 29, "project": 33}}, {"model": "transactions.project_material", "pk": 57, "fields": {"sheet_no": 76, "quantity": 1, "product": 29, "project": 33}}, {"model": "transactions.project_material", "pk": 58, "fields": {"sheet_no": 78, "quantity": 1, "product": 29, "project": 33}}, {"model": "transactions.project_material", "pk": 59, "fields": {"sheet_no": 79, "quantity": 1, "product": 29, "project": 33}}, {"model": "transactions.project_material", "pk": 60, "fields": {"sheet_no": 80, "quantity": 1, "product": 29, "project": 33}}, {"model": "transactions.project_material", "pk": 61, "fields": {"sheet_no": 81, "quantity": 1, "product": 29, "project": 33}}, {"model": "transactions.project_material", "pk": 62, "fields": {"sheet_no": 82, "quantity": 1, "product": 29, "project": 33}}, {"model": "transactions.project_material", "pk": 63, "fields": {"sheet_no": 77, "quantity": 1, "product": 29, "project": 33}}, {"model": "transactions.project_material", "pk": 64, "fields": {"sheet_no": 87, "quantity": 1, "product": 45, "project": 33}}, {"model": "transactions.project_material", "pk": 65, "fields": {"sheet_no": 88, "quantity": 1, "product": 45, "project": 33}}, {"model": "transactions.project_material", "pk": 66, "fields": {"sheet_no": 4, "quantity": 1, "product": 41, "project": 34}}, {"model": "transactions.project_material", "pk": 67, "fields": {"sheet_no": 19, "quantity": 1, "product": 2, "project": 35}}, {"model": "transactions.project_material", "pk": 68, "fields": {"sheet_no": 7, "quantity": 1, "product": 39, "project": 36}}, {"model": "transactions.project_material", "pk": 69, "fields": {"sheet_no": 24, "quantity": 1, "product": 43, "project": 37}}, {"model": "transactions.project_material", "pk": 71, "fields": {"sheet_no": 4, "quantity": 1, "product": 51, "project": 39}}, {"model": "transactions.project_material", "pk": 72, "fields": {"sheet_no": 12, "quantity": 1, "product": 1, "project": 40}}, {"model": "transactions.project_material", "pk": 73, "fields": {"sheet_no": 24, "quantity": 1, "product": 50, "project": 41}}, {"model": "transactions.project_material", "pk": 74, "fields": {"sheet_no": 34, "quantity": 1, "product": 4, "project": 42}}, {"model": "transactions.project_material", "pk": 75, "fields": {"sheet_no": 71, "quantity": 1, "product": 48, "project": 43}}, {"model": "transactions.project_material", "pk": 76, "fields": {"sheet_no": 12, "quantity": 1, "product": 56, "project": 44}}, {"model": "transactions.project_material", "pk": 77, "fields": {"sheet_no": 15, "quantity": 1, "product": 2, "project": 45}}, {"model": "transactions.project_material", "pk": 78, "fields": {"sheet_no": 18, "quantity": 1, "product": 2, "project": 45}}, {"model": "transactions.project_material", "pk": 79, "fields": {"sheet_no": 22, "quantity": 1, "product": 2, "project": 45}}, {"model": "transactions.project_material", "pk": 80, "fields": {"sheet_no": 57, "quantity": 1, "product": 16, "project": 45}}, {"model": "transactions.project_material", "pk": 83, "fields": {"sheet_no": 19, "quantity": 1, "product": 52, "project": 47}}, {"model": "transactions.project_material", "pk": 84, "fields": {"sheet_no": 25, "quantity": 1, "product": 3, "project": 48}}, {"model": "transactions.project_material", "pk": 85, "fields": {"sheet_no": 89, "quantity": 1, "product": 45, "project": 49}}, {"model": "transactions.project_material", "pk": 86, "fields": {"sheet_no": 71, "quantity": 1, "product": 57, "project": 50}}, {"model": "transactions.project_material", "pk": 87, "fields": {"sheet_no": 26, "quantity": 1, "product": 3, "project": 51}}, {"model": "transactions.project_material", "pk": 88, "fields": {"sheet_no": 27, "quantity": 1, "product": 3, "project": 51}}, {"model": "transactions.project_material", "pk": 89, "fields": {"sheet_no": 28, "quantity": 1, "product": 3, "project": 51}}, {"model": "transactions.project_material", "pk": 90, "fields": {"sheet_no": 29, "quantity": 1, "product": 3, "project": 51}}, {"model": "transactions.project_material", "pk": 91, "fields": {"sheet_no": 30, "quantity": 1, "product": 3, "project": 51}}, {"model": "transactions.project_material", "pk": 92, "fields": {"sheet_no": 31, "quantity": 1, "product": 3, "project": 51}}, {"model": "transactions.project_material", "pk": 93, "fields": {"sheet_no": 32, "quantity": 1, "product": 3, "project": 51}}, {"model": "transactions.project_material", "pk": 94, "fields": {"sheet_no": 107, "quantity": 1, "product": 67, "project": 52}}, {"model": "transactions.project_material", "pk": 95, "fields": {"sheet_no": 108, "quantity": 1, "product": 67, "project": 52}}, {"model": "transactions.project_material", "pk": 96, "fields": {"sheet_no": 109, "quantity": 1, "product": 67, "project": 53}}, {"model": "transactions.project_material", "pk": 97, "fields": {"sheet_no": 110, "quantity": 1, "product": 67, "project": 53}}, {"model": "transactions.project_material", "pk": 99, "fields": {"sheet_no": 110, "quantity": 1, "product": 67, "project": 55}}, {"model": "transactions.project_material", "pk": 100, "fields": {"sheet_no": 90, "quantity": 1, "product": 45, "project": 56}}, {"model": "transactions.project_material", "pk": 101, "fields": {"sheet_no": 111, "quantity": 1, "product": 67, "project": 57}}, {"model": "transactions.project_material", "pk": 103, "fields": {"sheet_no": 19, "quantity": 1, "product": 61, "project": 59}}, {"model": "transactions.project_material", "pk": 104, "fields": {"sheet_no": 19, "quantity": 1, "product": 61, "project": 60}}, {"model": "transactions.project_material", "pk": 106, "fields": {"sheet_no": 133, "quantity": 1, "product": 70, "project": 61}}, {"model": "transactions.project_material", "pk": 107, "fields": {"sheet_no": 12, "quantity": 1, "product": 62, "project": 61}}, {"model": "transactions.project_matarial_qr", "pk": 1, "fields": {"project_material": 1, "product_qr": 1, "is_cutting_done": false}}, {"model": "transactions.project_matarial_qr", "pk": 2, "fields": {"project_material": 2, "product_qr": 2, "is_cutting_done": false}}, {"model": "transactions.project_matarial_qr", "pk": 3, "fields": {"project_material": 3, "product_qr": 3, "is_cutting_done": false}}, {"model": "transactions.project_matarial_qr", "pk": 4, "fields": {"project_material": 4, "product_qr": 4, "is_cutting_done": false}}, {"model": "transactions.project_matarial_qr", "pk": 12, "fields": {"project_material": 12, "product_qr": 16, "is_cutting_done": false}}, {"model": "transactions.project_matarial_qr", "pk": 14, "fields": {"project_material": 14, "product_qr": 20, "is_cutting_done": false}}, {"model": "transactions.project_matarial_qr", "pk": 15, "fields": {"project_material": 15, "product_qr": 21, "is_cutting_done": false}}, {"model": "transactions.project_matarial_qr", "pk": 16, "fields": {"project_material": 13, "product_qr": 17, "is_cutting_done": false}}, {"model": "transactions.project_matarial_qr", "pk": 25, "fields": {"project_material": 24, "product_qr": 13, "is_cutting_done": false}}, {"model": "transactions.project_matarial_qr", "pk": 32, "fields": {"project_material": 31, "product_qr": 5, "is_cutting_done": false}}, {"model": "transactions.project_matarial_qr", "pk": 33, "fields": {"project_material": 32, "product_qr": 6, "is_cutting_done": false}}, {"model": "transactions.project_matarial_qr", "pk": 35, "fields": {"project_material": 34, "product_qr": 7, "is_cutting_done": false}}, {"model": "transactions.project_matarial_qr", "pk": 36, "fields": {"project_material": 35, "product_qr": 14, "is_cutting_done": false}}, {"model": "transactions.project_matarial_qr", "pk": 37, "fields": {"project_material": 36, "product_qr": 23, "is_cutting_done": false}}, {"model": "transactions.project_matarial_qr", "pk": 38, "fields": {"project_material": 37, "product_qr": 4, "is_cutting_done": false}}, {"model": "transactions.project_matarial_qr", "pk": 41, "fields": {"project_material": 40, "product_qr": 24, "is_cutting_done": false}}, {"model": "transactions.project_matarial_qr", "pk": 42, "fields": {"project_material": 41, "product_qr": 71, "is_cutting_done": false}}, {"model": "transactions.project_matarial_qr", "pk": 43, "fields": {"project_material": 42, "product_qr": null, "is_cutting_done": false}}, {"model": "transactions.project_matarial_qr", "pk": 44, "fields": {"project_material": 43, "product_qr": 7, "is_cutting_done": false}}, {"model": "transactions.project_matarial_qr", "pk": 45, "fields": {"project_material": 44, "product_qr": 44, "is_cutting_done": false}}, {"model": "transactions.project_matarial_qr", "pk": 46, "fields": {"project_material": 45, "product_qr": 13, "is_cutting_done": false}}, {"model": "transactions.project_matarial_qr", "pk": 48, "fields": {"project_material": 47, "product_qr": 86, "is_cutting_done": false}}, {"model": "transactions.project_matarial_qr", "pk": 49, "fields": {"project_material": 48, "product_qr": 71, "is_cutting_done": false}}, {"model": "transactions.project_matarial_qr", "pk": 50, "fields": {"project_material": 49, "product_qr": 8, "is_cutting_done": false}}, {"model": "transactions.project_matarial_qr", "pk": 51, "fields": {"project_material": 50, "product_qr": 9, "is_cutting_done": false}}, {"model": "transactions.project_matarial_qr", "pk": 52, "fields": {"project_material": 51, "product_qr": 10, "is_cutting_done": false}}, {"model": "transactions.project_matarial_qr", "pk": 53, "fields": {"project_material": 52, "product_qr": 11, "is_cutting_done": false}}, {"model": "transactions.project_matarial_qr", "pk": 54, "fields": {"project_material": 53, "product_qr": 72, "is_cutting_done": false}}, {"model": "transactions.project_matarial_qr", "pk": 55, "fields": {"project_material": 54, "product_qr": 73, "is_cutting_done": false}}, {"model": "transactions.project_matarial_qr", "pk": 56, "fields": {"project_material": 55, "product_qr": 74, "is_cutting_done": false}}, {"model": "transactions.project_matarial_qr", "pk": 57, "fields": {"project_material": 56, "product_qr": 75, "is_cutting_done": false}}, {"model": "transactions.project_matarial_qr", "pk": 58, "fields": {"project_material": 57, "product_qr": 76, "is_cutting_done": false}}, {"model": "transactions.project_matarial_qr", "pk": 59, "fields": {"project_material": 58, "product_qr": 78, "is_cutting_done": false}}, {"model": "transactions.project_matarial_qr", "pk": 60, "fields": {"project_material": 59, "product_qr": 79, "is_cutting_done": false}}, {"model": "transactions.project_matarial_qr", "pk": 61, "fields": {"project_material": 60, "product_qr": 80, "is_cutting_done": false}}, {"model": "transactions.project_matarial_qr", "pk": 62, "fields": {"project_material": 61, "product_qr": 81, "is_cutting_done": false}}, {"model": "transactions.project_matarial_qr", "pk": 63, "fields": {"project_material": 62, "product_qr": 82, "is_cutting_done": false}}, {"model": "transactions.project_matarial_qr", "pk": 64, "fields": {"project_material": 63, "product_qr": 77, "is_cutting_done": false}}, {"model": "transactions.project_matarial_qr", "pk": 65, "fields": {"project_material": 64, "product_qr": 87, "is_cutting_done": false}}, {"model": "transactions.project_matarial_qr", "pk": 66, "fields": {"project_material": 65, "product_qr": 88, "is_cutting_done": false}}, {"model": "transactions.project_matarial_qr", "pk": 67, "fields": {"project_material": 66, "product_qr": 4, "is_cutting_done": false}}, {"model": "transactions.project_matarial_qr", "pk": 68, "fields": {"project_material": 67, "product_qr": 19, "is_cutting_done": false}}, {"model": "transactions.project_matarial_qr", "pk": 69, "fields": {"project_material": 68, "product_qr": 7, "is_cutting_done": false}}, {"model": "transactions.project_matarial_qr", "pk": 70, "fields": {"project_material": 69, "product_qr": 24, "is_cutting_done": false}}, {"model": "transactions.project_matarial_qr", "pk": 72, "fields": {"project_material": 71, "product_qr": 4, "is_cutting_done": false}}, {"model": "transactions.project_matarial_qr", "pk": 73, "fields": {"project_material": 72, "product_qr": 12, "is_cutting_done": false}}, {"model": "transactions.project_matarial_qr", "pk": 74, "fields": {"project_material": 73, "product_qr": 24, "is_cutting_done": false}}, {"model": "transactions.project_matarial_qr", "pk": 75, "fields": {"project_material": 74, "product_qr": 34, "is_cutting_done": false}}, {"model": "transactions.project_matarial_qr", "pk": 76, "fields": {"project_material": 75, "product_qr": 71, "is_cutting_done": false}}, {"model": "transactions.project_matarial_qr", "pk": 77, "fields": {"project_material": 76, "product_qr": 12, "is_cutting_done": false}}, {"model": "transactions.project_matarial_qr", "pk": 78, "fields": {"project_material": 77, "product_qr": 15, "is_cutting_done": false}}, {"model": "transactions.project_matarial_qr", "pk": 79, "fields": {"project_material": 78, "product_qr": 18, "is_cutting_done": false}}, {"model": "transactions.project_matarial_qr", "pk": 80, "fields": {"project_material": 79, "product_qr": 22, "is_cutting_done": false}}, {"model": "transactions.project_matarial_qr", "pk": 84, "fields": {"project_material": 83, "product_qr": 19, "is_cutting_done": false}}, {"model": "transactions.project_matarial_qr", "pk": 85, "fields": {"project_material": 84, "product_qr": 25, "is_cutting_done": false}}, {"model": "transactions.project_matarial_qr", "pk": 86, "fields": {"project_material": 85, "product_qr": 89, "is_cutting_done": false}}, {"model": "transactions.project_matarial_qr", "pk": 87, "fields": {"project_material": 86, "product_qr": 71, "is_cutting_done": false}}, {"model": "transactions.project_matarial_qr", "pk": 88, "fields": {"project_material": 87, "product_qr": 26, "is_cutting_done": false}}, {"model": "transactions.project_matarial_qr", "pk": 89, "fields": {"project_material": 88, "product_qr": 27, "is_cutting_done": false}}, {"model": "transactions.project_matarial_qr", "pk": 90, "fields": {"project_material": 89, "product_qr": 28, "is_cutting_done": false}}, {"model": "transactions.project_matarial_qr", "pk": 91, "fields": {"project_material": 90, "product_qr": 29, "is_cutting_done": false}}, {"model": "transactions.project_matarial_qr", "pk": 92, "fields": {"project_material": 91, "product_qr": 30, "is_cutting_done": false}}, {"model": "transactions.project_matarial_qr", "pk": 93, "fields": {"project_material": 92, "product_qr": 31, "is_cutting_done": false}}, {"model": "transactions.project_matarial_qr", "pk": 94, "fields": {"project_material": 93, "product_qr": 32, "is_cutting_done": false}}, {"model": "transactions.project_matarial_qr", "pk": 95, "fields": {"project_material": 94, "product_qr": 107, "is_cutting_done": false}}, {"model": "transactions.project_matarial_qr", "pk": 96, "fields": {"project_material": 95, "product_qr": 108, "is_cutting_done": false}}, {"model": "transactions.project_matarial_qr", "pk": 97, "fields": {"project_material": 96, "product_qr": 109, "is_cutting_done": false}}, {"model": "transactions.project_matarial_qr", "pk": 98, "fields": {"project_material": 97, "product_qr": 110, "is_cutting_done": false}}, {"model": "transactions.project_matarial_qr", "pk": 100, "fields": {"project_material": 99, "product_qr": 110, "is_cutting_done": false}}, {"model": "transactions.project_matarial_qr", "pk": 101, "fields": {"project_material": 100, "product_qr": 90, "is_cutting_done": false}}, {"model": "transactions.project_matarial_qr", "pk": 102, "fields": {"project_material": 101, "product_qr": 111, "is_cutting_done": false}}, {"model": "transactions.project_matarial_qr", "pk": 104, "fields": {"project_material": 103, "product_qr": 19, "is_cutting_done": false}}, {"model": "transactions.project_matarial_qr", "pk": 105, "fields": {"project_material": 104, "product_qr": 19, "is_cutting_done": false}}, {"model": "transactions.project_matarial_qr", "pk": 107, "fields": {"project_material": 106, "product_qr": 133, "is_cutting_done": false}}, {"model": "transactions.project_matarial_qr", "pk": 108, "fields": {"project_material": 107, "product_qr": 12, "is_cutting_done": false}}, {"model": "transactions.material_history", "pk": 1, "fields": {"product_qr": 1, "previous_size": 1, "used_size": 14, "left_size": 15, "updated_at": "2023-09-20T10:51:02.719Z", "project": 1, "cutter": null}}, {"model": "transactions.material_history", "pk": 2, "fields": {"product_qr": 2, "previous_size": 16, "used_size": 17, "left_size": 18, "updated_at": "2023-09-20T10:51:02.719Z", "project": 1, "cutter": null}}, {"model": "transactions.material_history", "pk": 3, "fields": {"product_qr": 16, "previous_size": 2, "used_size": 2, "left_size": 20, "updated_at": "2023-09-22T05:42:01.220Z", "project": 5, "cutter": null}}, {"model": "transactions.material_history", "pk": 4, "fields": {"product_qr": 17, "previous_size": 2, "used_size": 2, "left_size": 20, "updated_at": "2023-09-22T05:46:37.347Z", "project": 5, "cutter": null}}, {"model": "transactions.material_history", "pk": 5, "fields": {"product_qr": 20, "previous_size": 2, "used_size": 2, "left_size": 20, "updated_at": "2023-09-22T05:48:25.477Z", "project": 5, "cutter": null}}, {"model": "transactions.material_history", "pk": 6, "fields": {"product_qr": 21, "previous_size": 2, "used_size": 2, "left_size": 20, "updated_at": "2023-09-22T05:49:36.396Z", "project": 5, "cutter": null}}, {"model": "transactions.material_history", "pk": 7, "fields": {"product_qr": 3, "previous_size": 1, "used_size": 1, "left_size": 20, "updated_at": "2023-09-22T06:27:31.620Z", "project": 3, "cutter": null}}, {"model": "transactions.material_history", "pk": 8, "fields": {"product_qr": 4, "previous_size": 1, "used_size": 21, "left_size": 22, "updated_at": "2023-09-22T06:55:33.156Z", "project": 3, "cutter": null}}, {"model": "transactions.material_history", "pk": 9, "fields": {"product_qr": 6, "previous_size": 1, "used_size": 1, "left_size": 20, "updated_at": "2023-09-23T11:44:42.567Z", "project": 15, "cutter": null}}, {"model": "transactions.material_history", "pk": 10, "fields": {"product_qr": 6, "previous_size": 20, "used_size": 20, "left_size": 20, "updated_at": "2023-09-23T11:47:03.167Z", "project": 15, "cutter": null}}, {"model": "transactions.material_history", "pk": 11, "fields": {"product_qr": 5, "previous_size": 1, "used_size": 1, "left_size": 20, "updated_at": "2023-09-23T11:49:02.981Z", "project": 15, "cutter": null}}, {"model": "transactions.material_history", "pk": 12, "fields": {"product_qr": 7, "previous_size": 1, "used_size": 26, "left_size": 27, "updated_at": "2023-09-23T12:02:39.187Z", "project": 17, "cutter": null}}, {"model": "transactions.material_history", "pk": 13, "fields": {"product_qr": 23, "previous_size": 2, "used_size": 2, "left_size": 20, "updated_at": "2023-09-23T12:11:44.121Z", "project": 19, "cutter": null}}, {"model": "transactions.material_history", "pk": 14, "fields": {"product_qr": 14, "previous_size": 2, "used_size": 2, "left_size": 20, "updated_at": "2023-09-23T12:13:18.938Z", "project": 18, "cutter": null}}, {"model": "transactions.material_history", "pk": 15, "fields": {"product_qr": 13, "previous_size": 2, "used_size": 28, "left_size": 29, "updated_at": "2023-09-25T06:43:50.979Z", "project": 11, "cutter": null}}, {"model": "transactions.material_history", "pk": 16, "fields": {"product_qr": 71, "previous_size": 25, "used_size": 35, "left_size": 36, "updated_at": "2023-09-25T12:09:48.431Z", "project": 23, "cutter": null}}, {"model": "transactions.material_history", "pk": 21, "fields": {"product_qr": 7, "previous_size": 27, "used_size": 37, "left_size": 38, "updated_at": "2023-09-27T09:43:35.233Z", "project": 25, "cutter": 3}}, {"model": "transactions.material_history", "pk": 22, "fields": {"product_qr": 44, "previous_size": 2, "used_size": 39, "left_size": 40, "updated_at": "2023-09-27T10:41:32.125Z", "project": 26, "cutter": 3}}, {"model": "transactions.material_history", "pk": 23, "fields": {"product_qr": 4, "previous_size": 22, "used_size": 41, "left_size": 42, "updated_at": "2023-09-27T14:01:38.729Z", "project": 20, "cutter": 3}}, {"model": "transactions.material_history", "pk": 24, "fields": {"product_qr": 13, "previous_size": 29, "used_size": 43, "left_size": 44, "updated_at": "2023-09-27T14:16:30.516Z", "project": 27, "cutter": 3}}, {"model": "transactions.material_history", "pk": 25, "fields": {"product_qr": 24, "previous_size": 2, "used_size": 45, "left_size": 46, "updated_at": "2023-09-29T11:42:30.811Z", "project": 22, "cutter": 3}}, {"model": "transactions.material_history", "pk": 26, "fields": {"product_qr": 86, "previous_size": 47, "used_size": 48, "left_size": 49, "updated_at": "2023-09-30T11:45:10.414Z", "project": 29, "cutter": 3}}, {"model": "transactions.material_history", "pk": 27, "fields": {"product_qr": 8, "previous_size": 1, "used_size": 50, "left_size": 51, "updated_at": "2023-09-30T13:26:21.666Z", "project": 31, "cutter": 3}}, {"model": "transactions.material_history", "pk": 28, "fields": {"product_qr": 9, "previous_size": 1, "used_size": 50, "left_size": 51, "updated_at": "2023-09-30T13:27:11.230Z", "project": 31, "cutter": 3}}, {"model": "transactions.material_history", "pk": 29, "fields": {"product_qr": 11, "previous_size": 1, "used_size": 50, "left_size": 51, "updated_at": "2023-09-30T13:29:01.301Z", "project": 32, "cutter": 3}}, {"model": "transactions.material_history", "pk": 30, "fields": {"product_qr": 71, "previous_size": 36, "used_size": 52, "left_size": 53, "updated_at": "2023-09-30T13:30:29.209Z", "project": 30, "cutter": 3}}, {"model": "transactions.material_history", "pk": 32, "fields": {"product_qr": 24, "previous_size": 46, "used_size": 56, "left_size": 57, "updated_at": "2023-10-02T06:40:17.405Z", "project": 37, "cutter": 3}}, {"model": "transactions.material_history", "pk": 33, "fields": {"product_qr": 4, "previous_size": 42, "used_size": 58, "left_size": 59, "updated_at": "2023-10-02T12:03:37.721Z", "project": 34, "cutter": 3}}, {"model": "transactions.material_history", "pk": 34, "fields": {"product_qr": 19, "previous_size": 2, "used_size": 60, "left_size": 61, "updated_at": "2023-10-02T13:24:52.035Z", "project": 35, "cutter": 3}}, {"model": "transactions.material_history", "pk": 35, "fields": {"product_qr": 4, "previous_size": 59, "used_size": 62, "left_size": 63, "updated_at": "2023-10-02T13:26:54.932Z", "project": 39, "cutter": 3}}, {"model": "transactions.material_history", "pk": 36, "fields": {"product_qr": 7, "previous_size": 38, "used_size": 64, "left_size": 65, "updated_at": "2023-10-02T13:32:52.467Z", "project": 36, "cutter": 3}}, {"model": "transactions.material_history", "pk": 37, "fields": {"product_qr": 10, "previous_size": 1, "used_size": 50, "left_size": 51, "updated_at": "2023-10-02T13:36:25.322Z", "project": 32, "cutter": 3}}, {"model": "transactions.material_history", "pk": 38, "fields": {"product_qr": 12, "previous_size": 1, "used_size": 66, "left_size": 67, "updated_at": "2023-10-03T10:32:52.851Z", "project": 40, "cutter": 3}}, {"model": "transactions.material_history", "pk": 39, "fields": {"product_qr": 71, "previous_size": 53, "used_size": 68, "left_size": 69, "updated_at": "2023-10-04T09:37:10.820Z", "project": 43, "cutter": 1}}, {"model": "transactions.material_history", "pk": 40, "fields": {"product_qr": 34, "previous_size": 2, "used_size": 70, "left_size": 71, "updated_at": "2023-10-04T10:01:32.200Z", "project": 42, "cutter": 3}}, {"model": "transactions.material_history", "pk": 41, "fields": {"product_qr": 24, "previous_size": 57, "used_size": 72, "left_size": 73, "updated_at": "2023-10-04T10:32:47.083Z", "project": 41, "cutter": 3}}, {"model": "transactions.material_history", "pk": 42, "fields": {"product_qr": 18, "previous_size": 2, "used_size": 74, "left_size": 51, "updated_at": "2023-10-04T13:19:10.613Z", "project": 45, "cutter": 3}}, {"model": "transactions.material_history", "pk": 43, "fields": {"product_qr": 15, "previous_size": 2, "used_size": 74, "left_size": 51, "updated_at": "2023-10-04T13:20:31.153Z", "project": 45, "cutter": 3}}, {"model": "transactions.material_history", "pk": 44, "fields": {"product_qr": 22, "previous_size": 2, "used_size": 74, "left_size": 51, "updated_at": "2023-10-04T13:21:07.303Z", "project": 45, "cutter": 3}}, {"model": "transactions.material_history", "pk": 45, "fields": {"product_qr": 19, "previous_size": 61, "used_size": 75, "left_size": 76, "updated_at": "2023-10-06T06:54:16.505Z", "project": 47, "cutter": 1}}, {"model": "transactions.material_history", "pk": 46, "fields": {"product_qr": 12, "previous_size": 67, "used_size": 77, "left_size": 78, "updated_at": "2023-10-06T08:39:04.565Z", "project": 44, "cutter": 1}}, {"model": "transactions.material_history", "pk": 47, "fields": {"product_qr": 25, "previous_size": 2, "used_size": 79, "left_size": 80, "updated_at": "2023-10-06T08:46:38.306Z", "project": 48, "cutter": 1}}, {"model": "transactions.material_history", "pk": 48, "fields": {"product_qr": 71, "previous_size": 69, "used_size": 81, "left_size": 82, "updated_at": "2023-10-07T05:27:50.709Z", "project": 50, "cutter": 1}}, {"model": "transactions.material_history", "pk": 49, "fields": {"product_qr": 89, "previous_size": 47, "used_size": 83, "left_size": 84, "updated_at": "2023-10-07T05:32:47.535Z", "project": 49, "cutter": 1}}, {"model": "transactions.material_history", "pk": 50, "fields": {"product_qr": 26, "previous_size": 2, "used_size": 74, "left_size": 51, "updated_at": "2023-10-07T09:13:27.516Z", "project": 51, "cutter": 1}}, {"model": "transactions.material_history", "pk": 51, "fields": {"product_qr": 27, "previous_size": 2, "used_size": 74, "left_size": 51, "updated_at": "2023-10-07T09:26:02.829Z", "project": 51, "cutter": 1}}, {"model": "transactions.material_history", "pk": 52, "fields": {"product_qr": 28, "previous_size": 2, "used_size": 74, "left_size": 51, "updated_at": "2023-10-07T09:31:11.251Z", "project": 51, "cutter": 2}}, {"model": "transactions.material_history", "pk": 53, "fields": {"product_qr": 110, "previous_size": 85, "used_size": 88, "left_size": 89, "updated_at": "2023-10-07T10:10:57.996Z", "project": 55, "cutter": 1}}, {"model": "transactions.material_history", "pk": 54, "fields": {"product_qr": 29, "previous_size": 2, "used_size": 74, "left_size": 51, "updated_at": "2023-10-07T10:29:01.915Z", "project": 51, "cutter": 2}}, {"model": "transactions.material_history", "pk": 55, "fields": {"product_qr": 30, "previous_size": 2, "used_size": 90, "left_size": 91, "updated_at": "2023-10-07T10:33:51.004Z", "project": 51, "cutter": 2}}, {"model": "transactions.material_history", "pk": 56, "fields": {"product_qr": 31, "previous_size": 2, "used_size": 74, "left_size": 51, "updated_at": "2023-10-07T10:37:52.505Z", "project": 51, "cutter": 2}}, {"model": "transactions.material_history", "pk": 57, "fields": {"product_qr": 32, "previous_size": 2, "used_size": 74, "left_size": 51, "updated_at": "2023-10-07T10:45:00.524Z", "project": 51, "cutter": 2}}, {"model": "transactions.material_history", "pk": 58, "fields": {"product_qr": 108, "previous_size": 85, "used_size": 92, "left_size": 51, "updated_at": "2023-10-07T12:36:35.191Z", "project": 52, "cutter": 3}}, {"model": "transactions.material_history", "pk": 59, "fields": {"product_qr": 107, "previous_size": 85, "used_size": 93, "left_size": 94, "updated_at": "2023-10-07T12:37:16.779Z", "project": 52, "cutter": 3}}, {"model": "transactions.material_history", "pk": 60, "fields": {"product_qr": 90, "previous_size": 47, "used_size": 95, "left_size": 96, "updated_at": "2023-10-07T12:41:06.261Z", "project": 56, "cutter": 1}}, {"model": "transactions.material_history", "pk": 61, "fields": {"product_qr": 111, "previous_size": 85, "used_size": 97, "left_size": 98, "updated_at": "2023-10-08T09:09:18.154Z", "project": 57, "cutter": 3}}, {"model": "transactions.material_history", "pk": 62, "fields": {"product_qr": 12, "previous_size": 78, "used_size": 99, "left_size": 100, "updated_at": "2023-10-09T07:02:02.150Z", "project": 61, "cutter": 3}}, {"model": "transactions.material_history", "pk": 63, "fields": {"product_qr": 19, "previous_size": 76, "used_size": 101, "left_size": 102, "updated_at": "2023-10-09T08:16:48.870Z", "project": 59, "cutter": 1}}, {"model": "transactions.material_history", "pk": 64, "fields": {"product_qr": 19, "previous_size": 102, "used_size": 103, "left_size": 104, "updated_at": "2023-10-09T08:21:05.851Z", "project": 60, "cutter": 1}}, {"model": "transactions.material_history", "pk": 65, "fields": {"product_qr": 133, "previous_size": 85, "used_size": 105, "left_size": 106, "updated_at": "2023-10-09T10:53:42.600Z", "project": 61, "cutter": 3}}, {"model": "transactions.stock", "pk": 1, "fields": {"quantity": 0, "product": 1, "updated_at": "2023-10-03T10:32:52.993Z"}}, {"model": "transactions.stock", "pk": 2, "fields": {"quantity": 1, "product": 2, "updated_at": "2023-10-04T13:21:08.138Z"}}, {"model": "transactions.stock", "pk": 3, "fields": {"quantity": 1, "product": 3, "updated_at": "2023-10-07T10:45:00.617Z"}}, {"model": "transactions.stock", "pk": 4, "fields": {"quantity": 1, "product": 4, "updated_at": "2023-10-04T10:01:33.866Z"}}, {"model": "transactions.stock", "pk": 5, "fields": {"quantity": 2, "product": 5, "updated_at": "2023-09-16T10:36:23.453Z"}}, {"model": "transactions.stock", "pk": 6, "fields": {"quantity": 4, "product": 6, "updated_at": "2023-09-16T11:32:28.767Z"}}, {"model": "transactions.stock", "pk": 7, "fields": {"quantity": 2, "product": 7, "updated_at": "2023-09-27T10:41:32.216Z"}}, {"model": "transactions.stock", "pk": 8, "fields": {"quantity": 2, "product": 8, "updated_at": "2023-09-16T11:46:52.568Z"}}, {"model": "transactions.stock", "pk": 9, "fields": {"quantity": 1, "product": 9, "updated_at": "2023-09-16T11:52:03.883Z"}}, {"model": "transactions.stock", "pk": 10, "fields": {"quantity": 1, "product": 10, "updated_at": "2023-09-16T11:56:01.200Z"}}, {"model": "transactions.stock", "pk": 11, "fields": {"quantity": 1, "product": 11, "updated_at": "2023-09-16T12:08:55.608Z"}}, {"model": "transactions.stock", "pk": 12, "fields": {"quantity": 1, "product": 12, "updated_at": "2023-09-16T12:10:46.239Z"}}, {"model": "transactions.stock", "pk": 13, "fields": {"quantity": 1, "product": 13, "updated_at": "2023-09-16T12:15:29.910Z"}}, {"model": "transactions.stock", "pk": 14, "fields": {"quantity": 1, "product": 14, "updated_at": "2023-09-16T12:20:24.214Z"}}, {"model": "transactions.stock", "pk": 15, "fields": {"quantity": 1, "product": 15, "updated_at": "2023-09-16T12:22:41.658Z"}}, {"model": "transactions.stock", "pk": 16, "fields": {"quantity": 11, "product": 16, "updated_at": "2023-09-16T12:45:08.830Z"}}, {"model": "transactions.stock", "pk": 17, "fields": {"quantity": 2, "product": 17, "updated_at": "2023-09-16T12:34:04.901Z"}}, {"model": "transactions.stock", "pk": 18, "fields": {"quantity": 1, "product": 18, "updated_at": "2023-09-16T12:46:21.922Z"}}, {"model": "transactions.stock", "pk": 19, "fields": {"quantity": 1, "product": 19, "updated_at": "2023-09-16T12:50:10.193Z"}}, {"model": "transactions.stock", "pk": 20, "fields": {"quantity": 1, "product": 20, "updated_at": "2023-09-16T13:00:24.302Z"}}, {"model": "transactions.stock", "pk": 21, "fields": {"quantity": 1, "product": 21, "updated_at": "2023-09-25T09:53:11.147Z"}}, {"model": "transactions.stock", "pk": 22, "fields": {"quantity": 0, "product": 22, "updated_at": "2023-09-25T09:53:32.644Z"}}, {"model": "transactions.stock", "pk": 23, "fields": {"quantity": 0, "product": 24, "updated_at": "2023-09-25T09:53:47.242Z"}}, {"model": "transactions.stock", "pk": 24, "fields": {"quantity": 0, "product": 28, "updated_at": "2023-09-23T07:13:45.237Z"}}, {"model": "transactions.stock", "pk": 25, "fields": {"quantity": 11, "product": 29, "updated_at": "2023-09-25T09:54:10.086Z"}}, {"model": "transactions.stock", "pk": 26, "fields": {"quantity": 0, "product": 30, "updated_at": "2023-09-23T08:31:02.630Z"}}, {"model": "transactions.stock", "pk": 27, "fields": {"quantity": 0, "product": 31, "updated_at": "2023-09-25T12:09:48.763Z"}}, {"model": "transactions.stock", "pk": 28, "fields": {"quantity": 1, "product": 35, "updated_at": "2023-09-25T09:13:07.559Z"}}, {"model": "transactions.stock", "pk": 29, "fields": {"quantity": 1, "product": 36, "updated_at": "2023-09-25T09:14:59.459Z"}}, {"model": "transactions.stock", "pk": 30, "fields": {"quantity": 1, "product": 37, "updated_at": "2023-09-25T09:17:52.155Z"}}, {"model": "transactions.stock", "pk": 31, "fields": {"quantity": 0, "product": 44, "updated_at": "2023-09-30T11:45:11.106Z"}}, {"model": "transactions.stock", "pk": 32, "fields": {"quantity": 8, "product": 45, "updated_at": "2023-10-07T12:41:06.680Z"}}, {"model": "transactions.stock", "pk": 33, "fields": {"quantity": 0, "product": 48, "updated_at": "2023-10-02T17:23:14.829Z"}}, {"model": "transactions.stock", "pk": 35, "fields": {"quantity": 11, "product": 66, "updated_at": "2023-10-07T08:57:51.106Z"}}, {"model": "transactions.stock", "pk": 36, "fields": {"quantity": 15, "product": 67, "updated_at": "2023-10-08T09:09:18.472Z"}}, {"model": "transactions.stock", "pk": 37, "fields": {"quantity": 3, "product": 68, "updated_at": "2023-10-07T08:42:18.371Z"}}, {"model": "transactions.stock", "pk": 38, "fields": {"quantity": 5, "product": 69, "updated_at": "2023-10-07T08:45:20.376Z"}}, {"model": "transactions.stock", "pk": 39, "fields": {"quantity": 9, "product": 70, "updated_at": "2023-10-09T10:53:42.742Z"}}, {"model": "transactions.left_over_stock", "pk": 1, "fields": {"quantity": 0, "product": 27, "updated_at": "2023-09-27T14:01:38.804Z"}}, {"model": "transactions.left_over_stock", "pk": 2, "fields": {"quantity": 0, "product": 26, "updated_at": "2023-09-23T11:47:03.241Z"}}, {"model": "transactions.left_over_stock", "pk": 3, "fields": {"quantity": 0, "product": 32, "updated_at": "2023-09-27T09:43:35.285Z"}}, {"model": "transactions.left_over_stock", "pk": 4, "fields": {"quantity": 0, "product": 34, "updated_at": "2023-09-27T14:16:30.627Z"}}, {"model": "transactions.left_over_stock", "pk": 5, "fields": {"quantity": 0, "product": 38, "updated_at": "2023-09-30T13:30:30.663Z"}}, {"model": "transactions.left_over_stock", "pk": 6, "fields": {"quantity": 0, "product": 39, "updated_at": "2023-10-02T13:32:52.734Z"}}, {"model": "transactions.left_over_stock", "pk": 7, "fields": {"quantity": 1, "product": 40, "updated_at": "2023-09-27T10:41:32.252Z"}}, {"model": "transactions.left_over_stock", "pk": 8, "fields": {"quantity": 0, "product": 41, "updated_at": "2023-10-02T12:03:38.159Z"}}, {"model": "transactions.left_over_stock", "pk": 9, "fields": {"quantity": 0, "product": 43, "updated_at": "2023-10-02T06:40:17.469Z"}}, {"model": "transactions.left_over_stock", "pk": 10, "fields": {"quantity": 1, "product": 46, "updated_at": "2023-09-30T11:45:11.403Z"}}, {"model": "transactions.left_over_stock", "pk": 11, "fields": {"quantity": 0, "product": 48, "updated_at": "2023-10-04T09:37:11.002Z"}}, {"model": "transactions.left_over_stock", "pk": 13, "fields": {"quantity": 0, "product": 50, "updated_at": "2023-10-04T10:32:47.176Z"}}, {"model": "transactions.left_over_stock", "pk": 14, "fields": {"quantity": 0, "product": 51, "updated_at": "2023-10-02T13:26:55.061Z"}}, {"model": "transactions.left_over_stock", "pk": 15, "fields": {"quantity": 0, "product": 52, "updated_at": "2023-10-06T06:54:17.283Z"}}, {"model": "transactions.left_over_stock", "pk": 16, "fields": {"quantity": 0, "product": 56, "updated_at": "2023-10-06T08:39:04.830Z"}}, {"model": "transactions.left_over_stock", "pk": 17, "fields": {"quantity": 0, "product": 55, "updated_at": "2023-10-04T07:33:44.557Z"}}, {"model": "transactions.left_over_stock", "pk": 18, "fields": {"quantity": 0, "product": 57, "updated_at": "2023-10-07T05:27:51.176Z"}}, {"model": "transactions.left_over_stock", "pk": 19, "fields": {"quantity": 1, "product": 58, "updated_at": "2023-10-04T10:01:33.915Z"}}, {"model": "transactions.left_over_stock", "pk": 20, "fields": {"quantity": 0, "product": 61, "updated_at": "2023-10-09T08:16:48.969Z"}}, {"model": "transactions.left_over_stock", "pk": 21, "fields": {"quantity": 0, "product": 62, "updated_at": "2023-10-09T07:02:02.485Z"}}, {"model": "transactions.left_over_stock", "pk": 22, "fields": {"quantity": 1, "product": 63, "updated_at": "2023-10-06T08:46:38.828Z"}}, {"model": "transactions.left_over_stock", "pk": 23, "fields": {"quantity": 1, "product": 64, "updated_at": "2023-10-07T05:27:51.384Z"}}, {"model": "transactions.left_over_stock", "pk": 24, "fields": {"quantity": 1, "product": 72, "updated_at": "2023-10-07T10:10:59.357Z"}}, {"model": "transactions.left_over_stock", "pk": 25, "fields": {"quantity": 1, "product": 75, "updated_at": "2023-10-07T12:41:06.841Z"}}, {"model": "transactions.left_over_stock", "pk": 26, "fields": {"quantity": 1, "product": 76, "updated_at": "2023-10-08T09:09:18.712Z"}}, {"model": "transactions.left_over_stock", "pk": 27, "fields": {"quantity": 0, "product": 78, "updated_at": "2023-10-09T08:21:06.718Z"}}, {"model": "transactions.left_over_stock", "pk": 28, "fields": {"quantity": 1, "product": 79, "updated_at": "2023-10-09T08:21:07.365Z"}}, {"model": "transactions.left_over_stock", "pk": 29, "fields": {"quantity": 1, "product": 80, "updated_at": "2023-10-09T10:53:42.805Z"}}, {"model": "transactions.scratch_stock", "pk": 1, "fields": {"quantity": 1, "product": 21, "updated_at": "2023-09-17T09:25:16.838Z"}}, {"model": "transactions.scratch_stock", "pk": 2, "fields": {"quantity": 1, "product": 23, "updated_at": "2023-09-17T11:45:18.077Z"}}, {"model": "transactions.scratch_stock", "pk": 3, "fields": {"quantity": 5, "product": 25, "updated_at": "2023-09-23T12:13:19.215Z"}}, {"model": "transactions.scratch_stock", "pk": 4, "fields": {"quantity": 3, "product": 26, "updated_at": "2023-09-23T11:49:03.697Z"}}, {"model": "transactions.scratch_stock", "pk": 5, "fields": {"quantity": 1, "product": 33, "updated_at": "2023-09-23T12:11:44.852Z"}}, {"model": "transactions.scratch_stock", "pk": 6, "fields": {"quantity": 1, "product": 42, "updated_at": "2023-09-27T14:16:30.692Z"}}, {"model": "transactions.scratch_stock", "pk": 7, "fields": {"quantity": 4, "product": 47, "updated_at": "2023-10-02T13:36:25.755Z"}}, {"model": "transactions.scratch_stock", "pk": 8, "fields": {"quantity": 1, "product": 53, "updated_at": "2023-10-02T13:26:55.106Z"}}, {"model": "transactions.scratch_stock", "pk": 9, "fields": {"quantity": 1, "product": 54, "updated_at": "2023-10-02T13:32:52.970Z"}}, {"model": "transactions.scratch_stock", "pk": 10, "fields": {"quantity": 1, "product": 59, "updated_at": "2023-10-04T10:32:47.216Z"}}, {"model": "transactions.scratch_stock", "pk": 11, "fields": {"quantity": 4, "product": 60, "updated_at": "2023-10-07T12:36:35.302Z"}}, {"model": "transactions.scratch_stock", "pk": 12, "fields": {"quantity": 1, "product": 65, "updated_at": "2023-10-07T05:32:48.346Z"}}, {"model": "transactions.scratch_stock", "pk": 13, "fields": {"quantity": 6, "product": 71, "updated_at": "2023-10-07T10:45:00.641Z"}}, {"model": "transactions.scratch_stock", "pk": 14, "fields": {"quantity": 1, "product": 73, "updated_at": "2023-10-07T10:33:51.915Z"}}, {"model": "transactions.scratch_stock", "pk": 15, "fields": {"quantity": 1, "product": 74, "updated_at": "2023-10-07T12:37:16.917Z"}}, {"model": "transactions.scratch_stock", "pk": 16, "fields": {"quantity": 1, "product": 77, "updated_at": "2023-10-09T07:02:02.733Z"}}, {"model": "transactions.alert", "pk": 1, "fields": {"message": "new project created id001", "timestamp": "2023-09-17T09:09:39.810Z"}}, {"model": "transactions.alert", "pk": 2, "fields": {"message": "new project created id002", "timestamp": "2023-09-17T11:11:03.915Z"}}, {"model": "transactions.alert", "pk": 3, "fields": {"message": "new project created idRHPL/PUR/0530", "timestamp": "2023-09-20T12:36:05.610Z"}}, {"model": "transactions.alert", "pk": 4, "fields": {"message": "new project created id0234398", "timestamp": "2023-09-20T12:55:59.010Z"}}, {"model": "transactions.alert", "pk": 5, "fields": {"message": "new project created id0234398", "timestamp": "2023-09-20T13:43:53.917Z"}}, {"model": "transactions.alert", "pk": 6, "fields": {"message": "new project created id02343563", "timestamp": "2023-09-22T06:36:58.878Z"}}, {"model": "transactions.alert", "pk": 7, "fields": {"message": "new project created id5007501025 - 5 - 1482", "timestamp": "2023-09-22T06:39:07.815Z"}}, {"model": "transactions.alert", "pk": 8, "fields": {"message": "new project created id5007501025 - 5 - 1482", "timestamp": "2023-09-22T06:49:51.219Z"}}, {"model": "transactions.alert", "pk": 9, "fields": {"message": "new project created id50045013427", "timestamp": "2023-09-22T06:53:16.086Z"}}, {"model": "transactions.alert", "pk": 10, "fields": {"message": "new project created id5007501025 - 5 - 1480", "timestamp": "2023-09-22T06:58:23.457Z"}}, {"model": "transactions.alert", "pk": 11, "fields": {"message": "new project created id02343563", "timestamp": "2023-09-22T11:13:17.427Z"}}, {"model": "transactions.alert", "pk": 12, "fields": {"message": "new project created id5007501025 - 5 - 1482", "timestamp": "2023-09-22T11:14:49.857Z"}}, {"model": "transactions.alert", "pk": 13, "fields": {"message": "new project created id5007501025 - 5 - 1480", "timestamp": "2023-09-22T11:16:59.038Z"}}, {"model": "transactions.alert", "pk": 14, "fields": {"message": "new project created id50045013427", "timestamp": "2023-09-22T11:19:09.903Z"}}, {"model": "transactions.alert", "pk": 15, "fields": {"message": "new project created id50045013427", "timestamp": "2023-09-22T11:30:00.290Z"}}, {"model": "transactions.alert", "pk": 16, "fields": {"message": "new project created id5007501025 - 5 - 1480", "timestamp": "2023-09-22T11:35:10.864Z"}}, {"model": "transactions.alert", "pk": 17, "fields": {"message": "new project created id5007501025 - 5 - 1482", "timestamp": "2023-09-23T06:54:52.118Z"}}, {"model": "transactions.alert", "pk": 18, "fields": {"message": "new project created id50045013467", "timestamp": "2023-09-23T11:18:12.659Z"}}, {"model": "transactions.alert", "pk": 19, "fields": {"message": "new project created id24-130-1306851", "timestamp": "2023-09-23T11:26:34.863Z"}}, {"model": "transactions.alert", "pk": 20, "fields": {"message": "new project created id50045013467, DRG NO : 24 - 130 - 1317932", "timestamp": "2023-09-25T06:03:18.260Z"}}, {"model": "transactions.alert", "pk": 21, "fields": {"message": "new project created id02343348", "timestamp": "2023-09-25T06:35:50.633Z"}}, {"model": "transactions.alert", "pk": 22, "fields": {"message": "new project created id50045013002 / 50045013467", "timestamp": "2023-09-25T07:00:49.959Z"}}, {"model": "transactions.alert", "pk": 23, "fields": {"message": "new project created id13883", "timestamp": "2023-09-25T09:02:29.498Z"}}, {"model": "transactions.alert", "pk": 24, "fields": {"message": "new project created id50045013647", "timestamp": "2023-09-26T08:45:36.446Z"}}, {"model": "transactions.alert", "pk": 25, "fields": {"message": "new project created id1710073955 / 1710073888", "timestamp": "2023-09-27T06:56:13.493Z"}}, {"model": "transactions.alert", "pk": 26, "fields": {"message": "new project created id02343718 / 02343717", "timestamp": "2023-09-27T10:02:51.342Z"}}, {"model": "transactions.alert", "pk": 27, "fields": {"message": "new project created id1234567", "timestamp": "2023-09-27T14:10:29.463Z"}}, {"model": "transactions.alert", "pk": 28, "fields": {"message": "new project created idIn house Cutting ", "timestamp": "2023-09-29T08:11:11.334Z"}}, {"model": "transactions.alert", "pk": 29, "fields": {"message": "new project created id13911", "timestamp": "2023-09-30T10:14:20.989Z"}}, {"model": "transactions.alert", "pk": 30, "fields": {"message": "new project created id13911_YUGL 30", "timestamp": "2023-09-30T10:47:24.808Z"}}, {"model": "transactions.alert", "pk": 31, "fields": {"message": "new project created id5007501025-5-1487 DB 1", "timestamp": "2023-09-30T12:12:25.638Z"}}, {"model": "transactions.alert", "pk": 32, "fields": {"message": "new project created id5007501025-5-1487 DB 2", "timestamp": "2023-09-30T12:13:40.736Z"}}, {"model": "transactions.alert", "pk": 33, "fields": {"message": "new project created id300000062", "timestamp": "2023-09-30T16:09:37.463Z"}}, {"model": "transactions.alert", "pk": 34, "fields": {"message": "new project created idCHAMUNDA DEVI", "timestamp": "2023-10-01T11:30:47.085Z"}}, {"model": "transactions.alert", "pk": 35, "fields": {"message": "new project created id5007501025-5-1487 ", "timestamp": "2023-10-02T05:21:50.750Z"}}, {"model": "transactions.alert", "pk": 36, "fields": {"message": "new project created id5007501025-5-1487 SLR open ", "timestamp": "2023-10-02T05:25:06.913Z"}}, {"model": "transactions.alert", "pk": 37, "fields": {"message": "new project created id02343776/2.10.2023", "timestamp": "2023-10-02T06:14:03.052Z"}}, {"model": "transactions.alert", "pk": 38, "fields": {"message": "new project created id02343786", "timestamp": "2023-10-02T09:05:38.297Z"}}, {"model": "transactions.alert", "pk": 39, "fields": {"message": "new project created id5007501025-5-1487 SLR", "timestamp": "2023-10-02T12:11:45.537Z"}}, {"model": "transactions.alert", "pk": 40, "fields": {"message": "new project created id14109 / 2/10", "timestamp": "2023-10-03T09:34:00.434Z"}}, {"model": "transactions.alert", "pk": 41, "fields": {"message": "new project created id14109/2.10.", "timestamp": "2023-10-03T09:46:55.118Z"}}, {"model": "transactions.alert", "pk": 42, "fields": {"message": "new project created idLogo Plate Size : 207 x 81 x 1.5 ", "timestamp": "2023-10-03T10:15:21.633Z"}}, {"model": "transactions.alert", "pk": 43, "fields": {"message": "new project created id13980", "timestamp": "2023-10-04T08:53:50.815Z"}}, {"model": "transactions.alert", "pk": 44, "fields": {"message": "new project created id74334 / 2.10.23", "timestamp": "2023-10-04T12:09:57.135Z"}}, {"model": "transactions.alert", "pk": 45, "fields": {"message": "new project created id50045014109", "timestamp": "2023-10-04T12:25:56.798Z"}}, {"model": "transactions.alert", "pk": 46, "fields": {"message": "new project created id500450141092-2", "timestamp": "2023-10-04T12:45:47.710Z"}}, {"model": "transactions.alert", "pk": 47, "fields": {"message": "new project created id50045014109 , Balance ", "timestamp": "2023-10-06T05:15:06.366Z"}}, {"model": "transactions.alert", "pk": 48, "fields": {"message": "new project created id50045014298 and 14109", "timestamp": "2023-10-06T05:21:46.587Z"}}, {"model": "transactions.alert", "pk": 49, "fields": {"message": "new project created id023D4153 25/08", "timestamp": "2023-10-06T11:27:06.805Z"}}, {"model": "transactions.alert", "pk": 50, "fields": {"message": "new project created id14006 HYT", "timestamp": "2023-10-06T11:38:41.821Z"}}, {"model": "transactions.alert", "pk": 51, "fields": {"message": "new project created id50045014109 , Drg No 9597  and Drg No 9598", "timestamp": "2023-10-07T04:43:38.234Z"}}, {"model": "transactions.alert", "pk": 52, "fields": {"message": "new project created id50045014530", "timestamp": "2023-10-07T09:11:10.004Z"}}, {"model": "transactions.alert", "pk": 53, "fields": {"message": "new project created id 55 x 20  Eaglebugman ", "timestamp": "2023-10-07T09:14:37.489Z"}}, {"model": "transactions.alert", "pk": 54, "fields": {"message": "new project created idARCA 20 x 48 mm", "timestamp": "2023-10-07T09:28:16.662Z"}}, {"model": "transactions.alert", "pk": 55, "fields": {"message": "new project created idVEL-0122-2023-24_Drg No 1837 ", "timestamp": "2023-10-07T09:38:59.695Z"}}, {"model": "transactions.alert", "pk": 56, "fields": {"message": "new project created id023d415325/8 7.10.2023", "timestamp": "2023-10-07T11:43:21.956Z"}}, {"model": "transactions.alert", "pk": 57, "fields": {"message": "new project created id50045014109/2.10.2023", "timestamp": "2023-10-08T04:10:56.554Z"}}, {"model": "transactions.alert", "pk": 58, "fields": {"message": "new project created id20 x 58 ARKA FM", "timestamp": "2023-10-08T05:32:42.223Z"}}, {"model": "transactions.alert", "pk": 59, "fields": {"message": "new project created idSr No 23J034, 23J033A, 23J033B, 200 X 125 ,  NOS", "timestamp": "2023-10-08T07:56:58.419Z"}}, {"model": "transactions.alert", "pk": 60, "fields": {"message": "new project created idPROCESS IN to FF01 0.5 Um", "timestamp": "2023-10-08T07:58:38.743Z"}}, {"model": "transactions.alert", "pk": 61, "fields": {"message": "new project created id20 X 58 ARKA FM", "timestamp": "2023-10-09T05:51:14.779Z"}}]