0,1,2,3,4,5,6,7
Order ID,Customer,Sheet No,Previous Size,Used Size,Left Size,Updated At,Cutter
1,Forbes Marshall P.Ltd (Chakan),,,,,,
,,1,4826,4821.6,4.4,2023-09-20 10:51:02.719059+00:00,
2,Forbes Marshall P.Ltd (Chakan),,,,,,
,,2,4844,4843.76,0.24,2023-10-22 09:49:25.577476+00:00,
RHPL/PUR/0530,RASHMI HEATERS PVT.LTD.,,,,,,
,,16,4900,4900,0,2023-09-22 05:42:01.220984+00:00,
,,17,4900,4900,0,2023-09-22 05:46:37.347710+00:00,
234398,EagleBurgmann India Pvt. Ltd.,,,,,,
,,71,3541.76,1085,2456.76,2023-09-25 12:09:48.431127+00:00,
2343563,EagleBurgmann India Pvt. Ltd.,,,,,,
50045013427,Forbes Marshall P.Ltd (Chakan),,,,,,
,,17,4900,4900,0,2023-09-22 05:46:37.347710+00:00,
5007501025 - 5 - 1482,Forbes Marshall P.Ltd (Chakan),,,,,,
50045013467,Forbes Marshall P.Ltd (Chakan),,,,,,
,,14,4900,4900,0,2023-09-23 12:13:18.938039+00:00,
24-130-1306851,Forbes Marshall P.Ltd (Chakan),,,,,,
"50045013467, DRG NO : 24 - 130 - 1317932",Forbes Marshall P.Ltd (Chakan),,,,,,
,,17,4900,4900,0,2023-09-22 05:46:37.347710+00:00,
50045013002 / 50045013467,Forbes Marshall P.Ltd (Chakan),,,,,,
13883,HYT ENGINEERING COMPANY PVT LTD.,,,,,,
50045013647,Forbes Marshall P.Ltd (Chakan),,,,,,
,,17,4900,4900,0,2023-09-22 05:46:37.347710+00:00,
1710073955,DelVal Flow Controls Pvt Ltd.,,,,,,
2343718,EagleBurgmann India Pvt. Ltd.,,,,,,
,,22,4900,4899,1,2023-10-04 13:21:07.303555+00:00,Manjesh
1234567,Forbes Marshall P.Ltd (Chakan),,,,,,
13911,HYT ENGINEERING COMPANY PVT LTD.,,,,,,
,,34,4506.3,1338,3168.3,2023-10-14 11:46:47.300225+00:00,Ranjeet
13911_YUGL 30,HYT ENGINEERING COMPANY PVT LTD.,,,,,,
5007501025-5-1487 DB 1,Forbes Marshall P.Ltd (Chakan),,,,,,
5007501025-5-1487 DB 2,Forbes Marshall P.Ltd (Chakan),,,,,,
300000062,BAJEL PROJECTS LIMITED,,,,,,
,,133,3011.81,1535.43,1476.38,2023-10-11 06:03:49.684970+00:00,Lakhan
,,48,1550,1549,1,2023-10-11 11:48:37.118042+00:00,Manjesh
,,45,4900,3610.89,1289.11,2023-10-11 11:51:32.388632+00:00,Manjesh
,,44,2687.84,2509.84,178,2023-10-11 11:57:33.631371+00:00,Manjesh
,,111,1338.58,255.91,1082.67,2023-10-11 12:01:16.147735+00:00,Manjesh
,,111,1082.67,1082,0.67,2023-10-13 06:03:23.154876+00:00,Ranjeet
,,19,136.84,136.55,0.29,2023-10-13 06:08:38.541548+00:00,Ranjeet
,,42,4608,813.13,3794.87,2023-10-13 06:12:22.600503+00:00,Ranjeet
,,110,4409.45,4409,0.45,2023-10-13 06:02:25.267012+00:00,Ranjeet
,,133,492.13,491,1.13,2023-10-16 06:23:03.115768+00:00,Ranjeet
,,90,2155.75,510.57,1645.18,2023-10-16 06:23:46.594088+00:00,Ranjeet
CHAMUNDA DEVI,RAVIRAJ ANODISERS,,,,,,
,,17,4900,4900,0,2023-09-22 05:46:37.347710+00:00,
5007501025-5-1487,Forbes Marshall P.Ltd (Chakan),,,,,,
5007501025-5-1487 SLR open,Forbes Marshall P.Ltd (Chakan),,,,,,
02343776/2.10.2023,EagleBurgmann India Pvt. Ltd.,,,,,,
5007501025-5-1487 SLR,Forbes Marshall P.Ltd (Chakan),,,,,,
,,17,4900,4900,0,2023-09-22 05:46:37.347710+00:00,
14109 / 2/10,Forbes Marshall P.Ltd (Chakan),,,,,,
,,7,4826,2402.5,2423.5,2023-09-23 12:02:39.187633+00:00,
14109/2.10.,Forbes Marshall P.Ltd (Chakan),,,,,,
Logo Plate Size : 207 x 81 x 1.5,Hydroteck Engineering Company,,,,,,
13980,HYT ENGINEERING COMPANY PVT LTD.,,,,,,
74334 / 2.10.23,DelVal Flow Controls Pvt Ltd.,,,,,,
,,7,4826,2402.5,2423.5,2023-09-23 12:02:39.187633+00:00,
50045014109,Forbes Marshall P.Ltd (Chakan),,,,,,
,,13,4900,3346.46,1553.54,2023-09-25 06:43:50.979481+00:00,
,,32,4900,4899,1,2023-10-07 10:45:00.524637+00:00,Lakhan
"50045014109 , Balance",Forbes Marshall P.Ltd (Chakan),,,,,,
50045014298 and 14109,Forbes Marshall P.Ltd (Chakan),,,,,,
,,24,4900,2933.07,1966.93,2023-09-29 11:42:30.811647+00:00,Manjesh
023D4153 25/08,INTERVALVE POONAWALA LTD,,,,,,
,,134,4921.26,826.77,4094.49,2023-10-16 09:45:04.007069+00:00,Manjesh
14006 HYT,HYT ENGINEERING COMPANY PVT LTD.,,,,,,
"50045014109 , Drg No 9597  and Drg No 9598",Forbes Marshall P.Ltd (Chakan),,,,,,
,,24,1966.93,629.92,1337.01,2023-10-02 06:40:17.405512+00:00,Manjesh
50045014530,Forbes Marshall P.Ltd (Chakan),,,,,,
,,135,2755.91,2755,0.91,2023-10-22 07:20:13.989796+00:00,Ranjeet
,,104,4547.24,551.18,3996.06,2023-10-22 07:21:21.881515+00:00,Ranjeet
VEL-0122-2023-24_Drg No 1837,Viswasuta Engineering LLP,,,,,,
,,38,4608,472.75,4135.25,2023-10-22 08:21:48.869518+00:00,Ranjeet
023d415325/8 7.10.2023,INTERVALVE POONAWALA LTD,,,,,,
,,85,3472.01,558,2914.01,2023-10-16 09:47:57.235562+00:00,Manjesh
50045014109/2.10.2023,Forbes Marshall P.Ltd (Chakan),,,,,,
,,112,836.62,374.02,462.6,2023-10-22 08:23:08.063180+00:00,Ranjeet
"Sr No 23J034, 23J033A, 23J033B, 200 X 125 ,  NOS",Manjushree Fintube Pvt Ltd.,,,,,,
PROCESS IN to FF01 0.5 Um,SHAVO TECHNOLOGIES PVT LTD,,,,,,
20 X 58 ARKA FM,Forbes Marshall P.Ltd (Chakan),,,,,,
,,87,4614.05,4613,1.05,2023-10-25 12:04:14.626732+00:00,Manjesh
,,7,4826,2402.5,2423.5,2023-09-23 12:02:39.187633+00:00,
"02343937, 150 x 150 x 1.2 mm",EagleBurgmann India Pvt. Ltd.,,,,,,
,,71,960.08,682,278.08,2023-10-07 05:27:50.709971+00:00,Ranjeet
"02343938, 250 x 150 x 1 mm",EagleBurgmann India Pvt. Ltd.,,,,,,
,,22,4900,4899,1,2023-10-04 13:21:07.303555+00:00,Manjesh
,,19,1435.43,1062.99,372.44,2023-10-06 06:54:16.505709+00:00,Ranjeet
55 X 20 Eaglebugman,HYT ENGINEERING COMPANY PVT LTD.,,,,,,
,,56,4998,2400.64,2597.36,2023-10-22 07:55:38.359969+00:00,Ranjeet
,,112,836.62,374.02,462.6,2023-10-22 08:23:08.063180+00:00,Ranjeet
50045012494 and 50045014109,Forbes Marshall P.Ltd (Chakan),,,,,,
,,24,4900,2933.07,1966.93,2023-09-29 11:42:30.811647+00:00,Manjesh
,,113,4921.26,413.39,4507.87,2023-10-20 07:34:31.829079+00:00,Ranjeet
1710074819,DelVal Flow Controls Pvt Ltd.,,,,,,
,,87,4614.05,4613,1.05,2023-10-25 12:04:14.626732+00:00,Manjesh
"24-130-1316678, 50045014109",Forbes Marshall P.Ltd (Chakan),,,,,,
,,38,4608,472.75,4135.25,2023-10-22 08:21:48.869518+00:00,Ranjeet
,,112,836.62,374.02,462.6,2023-10-22 08:23:08.063180+00:00,Ranjeet
"50045013467, Drg No 24-130-1306851",Forbes Marshall P.Ltd (Chakan),,,,,,
,,4,989.74,96.72,893.02,2023-10-02 12:03:37.721910+00:00,Manjesh
"02343982, EAGLE",EagleBurgmann India Pvt. Ltd.,,,,,,
,,18,4900,4899,1,2023-10-04 13:19:10.613133+00:00,Manjesh
74891 / 11.10.2023,DelVal Flow Controls Pvt Ltd.,,,,,,
,,87,4614.05,4613,1.05,2023-10-25 12:04:14.626732+00:00,Manjesh
50045013467 _ 13.10.2023,Forbes Marshall P.Ltd (Chakan),,,,,,
,,55,4998,4997,1,2023-10-20 08:28:07.908999+00:00,Manjesh
,,103,3818.9,2627.95,1190.95,2023-10-20 11:25:50.461614+00:00,Manjesh
50045014109   Drg No24-130-1266602,Forbes Marshall P.Ltd (Chakan),,,,,,
,,137,4921.26,4921,0.26,2023-10-22 08:25:19.136335+00:00,Ranjeet
POFS000057742/13.10.2023,HRS PROCESS SYSTEMS LTD.,,,,,,
,,28,4900,4899,1,2023-10-07 09:31:11.251612+00:00,Lakhan
"485x350, 265 x 450, 300 x 225, 300 x 100,",Hydroteck Engineering Company,,,,,,
"2587,  235 x 80,   8+8 = 16 Nos",METAFOLD ENGG.PVT.LTD.,,,,,,
,,112,4921.26,2165.35,2755.91,2023-10-14 11:12:44.656215+00:00,Ranjeet
50045013647 top side,Forbes Marshall P.Ltd (Chakan),,,,,,
,,87,4614.05,4613,1.05,2023-10-25 12:04:14.626732+00:00,Manjesh
RHPL / PUR / 0604,RASHMI HEATERS PVT.LTD.,,,,,,
,,85,3472.01,558,2914.01,2023-10-16 09:47:57.235562+00:00,Manjesh
"50045015321,  size : 200 x 16 mm",Forbes Marshall P.Ltd (Chakan),,,,,,
,,88,4614.05,4613,1.05,2023-10-25 12:04:41.180727+00:00,Manjesh
Drawing Number :1316150,Forbes Marshall P.Ltd (Chakan),,,,,,
,,137,4921.26,4921,0.26,2023-10-22 08:25:19.136335+00:00,Ranjeet
PO NO 1030 AND 1031,SS Techno Limited,,,,,,
,,137,4921.26,4921,0.26,2023-10-22 08:25:19.136335+00:00,Ranjeet
AP / JPO / CA/ 01441/23.24,Ador Powertron Ltd,,,,,,
1710073605 delval,DelVal Flow Controls Pvt Ltd.,,,,,,
,,12,4826,2257.19,2568.81,2023-10-03 10:32:52.851297+00:00,Manjesh
,,88,4614.05,4613,1.05,2023-10-25 12:04:41.180727+00:00,Manjesh
15321,Forbes Marshall P.Ltd (Chakan),,,,,,
,,137,4921.26,4921,0.26,2023-10-22 08:25:19.136335+00:00,Ranjeet
02344071   115 x 115 x 0.7 = 100 Nos,EagleBurgmann India Pvt. Ltd.,,,,,,
,,18,4900,4899,1,2023-10-04 13:19:10.613133+00:00,Manjesh
"PO NO 1024 - 2023, Rahul Eng 16 Nos",Rahul Engineering Global Pvt Ltd.,,,,,,
,,7,718.5,717,1.5,2023-10-02 13:32:52.467240+00:00,Manjesh
1710075173 Delval,DelVal Flow Controls Pvt Ltd.,,,,,,
,,88,4614.05,4613,1.05,2023-10-25 12:04:41.180727+00:00,Manjesh
02324-OD-665 / 11.10.23,Magwen Valves Pvt Ltd.,,,,,,
,,88,4614.05,4613,1.05,2023-10-25 12:04:41.180727+00:00,Manjesh
"200 x 125 = 12 Nos, 125 x 75 = 3 No",Manjushree Fintube Pvt Ltd.,,,,,,
,,136,4921.26,4921,0.26,2023-10-22 08:26:11.524987+00:00,Ranjeet
50045009931,Forbes Marshall P.Ltd (Chakan),,,,,,
0,RAVIRAJ ANODISERS,,,,,,
,,30,4900,489,4411,2023-10-07 10:33:51.004338+00:00,Lakhan
4500021880,Titagarh Rail Systems Limited,,,,,,
,,116,4921.26,4920.87,0.39,2023-10-28 09:55:29.038629+00:00,Manjesh
,,113,4507.87,4035.43,472.44,2023-10-28 09:58:30.917639+00:00,Ranjeet
AP/JPO/CA/01442/23-24,Ador Powertron Ltd,,,,,,
,,52,3004.69,55.34,2949.35,2023-10-20 14:33:17.164318+00:00,Manjesh
50045015779,Forbes Marshall P.Ltd (Chakan),,,,,,
PVI/PO/PO205/653/23-24,Pressure Vessels ( INDIA ),,,,,,
,,28,4900,4899,1,2023-10-07 09:31:11.251612+00:00,Lakhan
7,RAVIRAJ ANODISERS,,,,,,
,,31,4900,4899,1,2023-10-07 10:37:52.505119+00:00,Lakhan
1710075408,DelVal Flow Controls Pvt Ltd.,,,,,,
,,34,3168.3,314.96,2853.34,2023-10-27 08:59:33.203355+00:00,Manjesh
50045015494,Forbes Marshall P.Ltd (Chakan),,,,,,
,,114,4921.26,89.28,4831.98,2023-10-27 09:01:02.470184+00:00,Manjesh
,,90,1645.18,1645.18,0,2023-10-27 20:28:55.514695+00:00,Manjesh
,,91,4614.05,4614.05,0,2023-10-27 20:29:11.978890+00:00,Manjesh
5007501025-5-1501,Forbes Marshall P.Ltd (Chakan),,,,,,
,,52,3004.69,55.34,2949.35,2023-10-20 14:33:17.164318+00:00,Manjesh
,,137,4921.26,4921,0.26,2023-10-22 08:25:19.136335+00:00,Ranjeet
,,34,3168.3,314.96,2853.34,2023-10-27 08:59:33.203355+00:00,Manjesh
,,12,4826,2257.19,2568.81,2023-10-03 10:32:52.851297+00:00,Manjesh
2344071,EagleBurgmann India Pvt. Ltd.,,,,,,
IN HOUSE PROCESS ( RAVI SIR),RAVIRAJ ANODISERS,,,,,,
,,7,718.5,717,1.5,2023-10-02 13:32:52.467240+00:00,Manjesh
4500715893,Kelvion India Private Limited,,,,,,
,,7,718.5,717,1.5,2023-10-02 13:32:52.467240+00:00,Manjesh
1,Sonali Enterprises,,,,,,
,,113,4507.87,4035.43,472.44,2023-10-28 09:58:30.917639+00:00,Ranjeet
REGPL/23-24/01052,Rahul Engineering Global Pvt Ltd.,,,,,,
,,7,718.5,717,1.5,2023-10-02 13:32:52.467240+00:00,Manjesh
50045015896,Forbes Marshall P.Ltd (Chakan),,,,,,
,,52,3004.69,55.34,2949.35,2023-10-20 14:33:17.164318+00:00,Manjesh
AE/23-24/1870,Autoshell,,,,,,
,,137,4921.26,4921,0.26,2023-10-22 08:25:19.136335+00:00,Ranjeet
,,136,4921.26,4921,0.26,2023-10-22 08:26:11.524987+00:00,Ranjeet
Pui/Po205/662/23-24,Pressure Vessels ( INDIA ),,,,,,
,,28,4900,4899,1,2023-10-07 09:31:11.251612+00:00,Lakhan
REGPL/23-24/01024,Rahul Engineering Global Pvt Ltd.,,,,,,
,,17,4900,4900,0,2023-09-22 05:46:37.347710+00:00,
50045016076,Forbes Marshall P.Ltd (Chakan),,,,,,
,,158,3782.01,3782,0.01,2023-10-22 09:51:54.273054+00:00,Ranjeet
,,159,3782.01,759.5,3022.51,2023-10-22 10:17:58.270997+00:00,Ranjeet
,,52,3004.69,55.34,2949.35,2023-10-20 14:33:17.164318+00:00,Manjesh
50045015996,Forbes Marshall P.Ltd (Chakan),,,,,,
,,52,3004.69,55.34,2949.35,2023-10-20 14:33:17.164318+00:00,Manjesh
5.0045E+11,Forbes Marshall P.Ltd (Chakan),,,,,,
,,138,4921.26,4921,0.26,2023-10-22 08:26:56.493000+00:00,Ranjeet
,,136,4921.26,4921,0.26,2023-10-22 08:26:11.524987+00:00,Ranjeet
02344293/02344294,EagleBurgmann India Pvt. Ltd.,,,,,,
,,138,4921.26,4921,0.26,2023-10-22 08:26:56.493000+00:00,Ranjeet
3000000590-25-10-2023,BAJEL PROJECTS LIMITED,,,,,,
,,85,3472.01,558,2914.01,2023-10-16 09:47:57.235562+00:00,Manjesh
,,112,2755.91,629.92,2125.99,2023-10-16 09:48:31.110596+00:00,Ranjeet
,,146,3782.01,3782.01,0,2023-10-27 20:31:56.345334+00:00,Manjesh
,,147,3782.01,3782.01,0,2023-10-27 20:32:07.586925+00:00,Manjesh
,,148,3782.01,3782.01,0,2023-10-27 20:32:20.557340+00:00,Manjesh
,,149,3782.01,3782.01,0,2023-10-27 20:32:36.421525+00:00,Manjesh
,,150,3782.01,3782.01,0,2023-10-27 20:32:55.635933+00:00,Manjesh
,,151,3782.01,3782.01,0,2023-10-27 20:33:06.984588+00:00,Manjesh
,,153,3782.01,3782.01,0,2023-10-27 20:33:33.837710+00:00,Manjesh
,,154,3782.01,3782.01,0,2023-10-27 20:33:43.393071+00:00,Manjesh
,,155,3782.01,3782.01,0,2023-10-27 20:36:10.952242+00:00,Manjesh
,,155,0,0,0,2023-10-27 20:36:27.345574+00:00,Manjesh
,,156,3782.01,3782.01,0,2023-10-27 20:36:42.498943+00:00,Manjesh
,,157,3782.01,3782.01,0,2023-10-27 20:36:56.628648+00:00,Manjesh
,,92,4614.05,3309.26,1304.79,2023-10-28 08:46:12.480285+00:00,Manjesh
,,92,1304.79,1304.6,0.19,2023-10-28 08:48:35.150862+00:00,Manjesh
,,115,4921.26,4920.28,0.98,2023-10-28 09:54:23.816805+00:00,Manjesh
123,RAVIRAJ ANODISERS,,,,,,
,,34,3168.3,314.96,2853.34,2023-10-27 08:59:33.203355+00:00,Manjesh
HYT-14088,HYT ENGINEERING COMPANY PVT LTD.,,,,,,
,,112,2125.99,649.61,1476.38,2023-10-16 11:22:07.179788+00:00,Manjesh
HYT-14115,HYT ENGINEERING COMPANY PVT LTD.,,,,,,
,,103,4921.26,1102.36,3818.9,2023-10-16 10:55:25.775067+00:00,Ranjeet
3000000590,BAJEL PROJECTS LIMITED,,,,,,
,,103,4921.26,1102.36,3818.9,2023-10-16 10:55:25.775067+00:00,Ranjeet
HYT14115,HYT ENGINEERING COMPANY PVT LTD.,,,,,,
,,52,3004.69,55.34,2949.35,2023-10-20 14:33:17.164318+00:00,Manjesh
HYT14114,HYT ENGINEERING COMPANY PVT LTD.,,,,,,
,,52,3004.69,55.34,2949.35,2023-10-20 14:33:17.164318+00:00,Manjesh
HYT14088,HYT ENGINEERING COMPANY PVT LTD.,,,,,,
,,52,3004.69,55.34,2949.35,2023-10-20 14:33:17.164318+00:00,Manjesh
4500104492,Praj Industries Ltd.,,,,,,
,,10,4826,4825,1,2023-10-02 13:36:25.322772+00:00,Manjesh
312/23-24,Diamond Compressor,,,,,,
,,138,4921.26,4921,0.26,2023-10-22 08:26:56.493000+00:00,Ranjeet
02343718-1,EagleBurgmann India Pvt. Ltd.,,,,,,
,,19,1435.43,1062.99,372.44,2023-10-06 06:54:16.505709+00:00,Ranjeet
HYT - 14115,HYT ENGINEERING COMPANY PVT LTD.,,,,,,
,,55,4998,4997,1,2023-10-20 08:28:07.908999+00:00,Manjesh
23PO0015,R S Industrial Solutions,,,,,,
,,89,4614.05,4613,1.05,2023-10-07 05:32:47.535773+00:00,Ranjeet
HYT-14109,HYT ENGINEERING COMPANY PVT LTD.,,,,,,
,,4,893.02,892,1.02,2023-10-02 13:26:54.932682+00:00,Manjesh
23PO0015..,R S Industrial Solutions,,,,,,
,,36,4427.56,313.72,4113.84,2023-10-23 09:37:58.699644+00:00,Ranjeet
2344360,EagleBurgmann India Pvt. Ltd.,,,,,,
,,18,4900,4899,1,2023-10-04 13:19:10.613133+00:00,Manjesh
HYT-14137,HYT ENGINEERING COMPANY PVT LTD.,,,,,,
,,55,4998,4997,1,2023-10-20 08:28:07.908999+00:00,Manjesh
,,4,893.02,892,1.02,2023-10-02 13:26:54.932682+00:00,Manjesh
Z1PR/7000045974,ElectroMech Material Handling Systems (India) Pvt. Ltd.,,,,,,
,,7,718.5,717,1.5,2023-10-02 13:32:52.467240+00:00,Manjesh
50045016344,Forbes Marshall P.Ltd (Chakan),,,,,,
,,55,4998,4997,1,2023-10-20 08:28:07.908999+00:00,Manjesh
50045016506,Forbes Marshall P.Ltd (Chakan),,,,,,
5007501025-5-1505,Forbes Marshall P.Ltd (Chakan),,,,,,
,,36,4427.56,313.72,4113.84,2023-10-23 09:37:58.699644+00:00,Ranjeet
5007501025-5-1504,Forbes Marshall P.Ltd (Chakan),,,,,,
,,36,4427.56,313.72,4113.84,2023-10-23 09:37:58.699644+00:00,Ranjeet
50045016344/30.10.2023,Forbes Marshall P.Ltd (Chakan),,,,,,
,,138,4921.26,4921,0.26,2023-10-22 08:26:56.493000+00:00,Ranjeet
,,36,4427.56,313.72,4113.84,2023-10-23 09:37:58.699644+00:00,Ranjeet
,,104,3996.06,1141.73,2854.33,2023-10-25 07:14:45.388153+00:00,Manjesh
50045016506/31.10.2023,Forbes Marshall P.Ltd (Chakan),,,,,,
,,55,4998,4997,1,2023-10-20 08:28:07.908999+00:00,Manjesh
50045015996 / 50045016076,Forbes Marshall P.Ltd (Chakan),,,,,,
,,52,3004.69,55.34,2949.35,2023-10-20 14:33:17.164318+00:00,Manjesh
REGPL/23-24/01085,Rahul Engineering Global Pvt Ltd.,,,,,,
,,7,718.5,717,1.5,2023-10-02 13:32:52.467240+00:00,Manjesh
23PO0016,R S Industrial Solutions,,,,,,
,,7,718.5,717,1.5,2023-10-02 13:32:52.467240+00:00,Manjesh
1710075886,DelVal Flow Controls Pvt Ltd.,,,,,,
,,12,4826,2257.19,2568.81,2023-10-03 10:32:52.851297+00:00,Manjesh
,,144,3782.01,3782.01,0,2023-10-27 20:30:48.822231+00:00,Manjesh
02343563/21.9.23,EagleBurgmann India Pvt. Ltd.,,,,,,
,,104,3996.06,1141.73,2854.33,2023-10-25 07:14:45.388153+00:00,Manjesh
,,36,4113.84,137.02,3976.82,2023-10-25 08:40:29.929135+00:00,Ranjeet
,,159,3022.51,1023,1999.51,2023-10-25 08:41:35.077834+00:00,Ranjeet
,,72,3778.91,3777,1.91,2023-10-25 11:58:32.525104+00:00,Manjesh
50045016344/30.10.23,Forbes Marshall P.Ltd (Chakan),,,,,,
,,55,4998,4997,1,2023-10-20 08:28:07.908999+00:00,Manjesh
41045003789,Forbes Marshall  Arca Pvt Ltd,,,,,,
,,144,3782.01,3782.01,0,2023-10-27 20:30:48.822231+00:00,Manjesh
POFS000056084,HRS PROCESS SYSTEMS LTD.,,,,,,
,,72,3778.91,3777,1.91,2023-10-25 11:58:32.525104+00:00,Manjesh
2344463,EagleBurgmann India Pvt. Ltd.,,,,,,
,,55,4998,4997,1,2023-10-20 08:28:07.908999+00:00,Manjesh
AP/JPO/CA/01459/23-24,Ador Powertron Ltd,,,,,,
,,55,4998,4997,1,2023-10-20 08:28:07.908999+00:00,Manjesh
HYT-14135,HYT ENGINEERING COMPANY PVT LTD.,,,,,,
,,55,4998,4997,1,2023-10-20 08:28:07.908999+00:00,Manjesh
023D6115/0,INTERVALVE POONAWALA LTD,,,,,,
,,12,4826,2257.19,2568.81,2023-10-03 10:32:52.851297+00:00,Manjesh
23-24/0043,Depuro Water Engineering Private Limited.,,,,,,
,,72,3778.91,3777,1.91,2023-10-25 11:58:32.525104+00:00,Manjesh
1,RAVIRAJ ANODISERS,,,,,,
50045016737,Forbes Marshall P.Ltd (Chakan),,,,,,
,,144,3782.01,3782.01,0,2023-10-27 20:30:48.822231+00:00,Manjesh
,,72,3778.91,3777,1.91,2023-10-25 11:58:32.525104+00:00,Manjesh
,,72,1.91,1,0.91,2023-10-25 11:58:59.898684+00:00,Manjesh
,,55,4998,4997,1,2023-10-20 08:28:07.908999+00:00,Manjesh
,,104,4921.26,374.02,4547.24,2023-10-21 06:44:38.305449+00:00,Ranjeet
0188/2023-24,Viswasuta Engineering LLP,,,,,,
,,104,4921.26,374.02,4547.24,2023-10-21 06:44:38.305449+00:00,Ranjeet
2344451,EagleBurgmann India Pvt. Ltd.,,,,,,
,,18,4900,4899,1,2023-10-04 13:19:10.613133+00:00,Manjesh
9000000,RAVIRAJ ANODISERS,,,,,,
,,31,4900,4899,1,2023-10-07 10:37:52.505119+00:00,Lakhan
POFS000056084/05.07.23,HRS PROCESS SYSTEMS LTD.,,,,,,
,,72,1.91,1,0.91,2023-10-25 11:58:59.898684+00:00,Manjesh
23K042A,Manjushree Fintube Pvt Ltd.,,,,,,
,,72,1.91,1,0.91,2023-10-25 11:58:59.898684+00:00,Manjesh
AE/23-24/2060,Autoshell,,,,,,
,,73,3778.91,3777,1.91,2023-10-25 12:00:09.403990+00:00,Manjesh
AE/23-24/2059,Autoshell,,,,,,
,,72,1.91,1,0.91,2023-10-25 11:58:59.898684+00:00,Manjesh
,,73,3778.91,3777,1.91,2023-10-25 12:00:09.403990+00:00,Manjesh
AE/23-24/2058,Autoshell,,,,,,
,,72,1.91,1,0.91,2023-10-25 11:58:59.898684+00:00,Manjesh
111,RAVIRAJ ANODISERS,,,,,,
27041-27406,Ador Powertron Ltd,,,,,,
,,104,4921.26,374.02,4547.24,2023-10-21 06:44:38.305449+00:00,Ranjeet
2344557,EagleBurgmann India Pvt. Ltd.,,,,,,
,,72,3778.91,3777,1.91,2023-10-25 11:58:32.525104+00:00,Manjesh
2344559,EagleBurgmann India Pvt. Ltd.,,,,,,
,,73,3778.91,3777,1.91,2023-10-25 12:00:09.403990+00:00,Manjesh
50045017539,Forbes Marshall P.Ltd (Chakan),,,,,,
,,74,3778.91,3777,1.91,2023-10-25 12:00:35.610712+00:00,Manjesh
,,75,3778.91,3777,1.91,2023-10-25 12:01:00.027188+00:00,Manjesh
,,77,3778.91,3777,1.91,2023-10-25 12:01:44.884591+00:00,Manjesh
,,73,3778.91,3777,1.91,2023-10-25 12:00:09.403990+00:00,Manjesh
50045016878,Forbes Marshall P.Ltd (Chakan),,,,,,
,,114,1485.52,1082.68,402.84,2023-10-28 11:31:22.230091+00:00,Manjesh
50045017257,Forbes Marshall P.Ltd (Chakan),,,,,,
,,7,718.5,717,1.5,2023-10-02 13:32:52.467240+00:00,Manjesh
50045017274,Forbes Marshall P.Ltd (Chakan),,,,,,
,,45,1289.11,68.51,1220.6,2023-10-29 06:40:35.770131+00:00,Manjesh
4500104889,Praj Industries Ltd.,,,,,,
,,7,718.5,717,1.5,2023-10-02 13:32:52.467240+00:00,Manjesh
GEN/232400877,Zeal-Tech Automation,,,,,,
,,42,1071.82,226.92,844.9,2023-11-01 03:48:04.227516+00:00,Manjesh
50045017769,Forbes Marshall P.Ltd (Chakan),,,,,,
,,45,1289.11,68.51,1220.6,2023-10-29 06:40:35.770131+00:00,Manjesh
50045017372,Forbes Marshall P.Ltd (Chakan),,,,,,
POFS000058313,HRS PROCESS SYSTEMS LTD.,,,,,,
,,28,4900,4899,1,2023-10-07 09:31:11.251612+00:00,Lakhan
EMAIL/21.11.23,Sonali Enterprises,,,,,,
,,139,4035.43,147.56,3887.87,2023-11-01 03:54:42.105796+00:00,Manjesh
,,139,3887.87,128.03,3759.84,2023-11-01 03:55:08.542552+00:00,Manjesh
,,101,4551.74,748.03,3803.71,2023-11-01 03:57:56.036107+00:00,Manjesh
1637 / 1638 / 1636 / 23-24,Ador Powertron Ltd,,,,,,
,,114,1485.52,1082.68,402.84,2023-10-28 11:31:22.230091+00:00,Manjesh
EMAIL/20.11.23,Quadrogen India Private Limited,,,,,,
,,7,718.5,717,1.5,2023-10-02 13:32:52.467240+00:00,Manjesh
MEPL/23-24/3225,METAFOLD ENGG.PVT.LTD.,,,,,,
,,113,4507.87,4035.43,472.44,2023-10-28 09:58:30.917639+00:00,Ranjeet
1229/1230,SS Techno Limited,,,,,,
,,78,3778.91,3777,1.91,2023-10-25 12:02:10.621788+00:00,Manjesh
50045017829,Forbes Marshall P.Ltd (Chakan),,,,,,
,,114,1485.52,1082.68,402.84,2023-10-28 11:31:22.230091+00:00,Manjesh
23PO0018,R S Industrial Solutions,,,,,,
,,89,4614.05,4613,1.05,2023-10-07 05:32:47.535773+00:00,Ranjeet
14189,HYT ENGINEERING COMPANY PVT LTD.,,,,,,
,,4,893.02,892,1.02,2023-10-02 13:26:54.932682+00:00,Manjesh
,,93,4614.05,4613.86,0.19,2023-10-29 06:56:44.755889+00:00,Manjesh
1377BAPS23REV0,BIOASPIRE PROCESS SOLUTION PVT LTD,,,,,,
,,89,4614.05,4613,1.05,2023-10-07 05:32:47.535773+00:00,Ranjeet
41045004128,Forbes Marshall  Arca Pvt Ltd,,,,,,
50045018141,Forbes Marshall P.Ltd (Chakan),,,,,,
,,93,4614.05,4613.86,0.19,2023-10-29 06:56:44.755889+00:00,Manjesh
1710073605,DelVal Flow Controls Pvt Ltd.,,,,,,
,,145,3782.01,3782.01,0,2023-10-27 20:31:42.789269+00:00,Manjesh
SPCP/PO-23/00666,SYNO-PCP PUMPS PRIVATE LIMITED,,,,,,
,,78,3778.91,3777,1.91,2023-10-25 12:02:10.621788+00:00,Manjesh
,,79,3778.91,0,3778.91,2023-10-25 12:02:37.239921+00:00,Manjesh
23402223/22401806,EagleBurgmann India Pvt. Ltd.,,,,,,
,,93,4614.05,4613.86,0.19,2023-10-29 06:56:44.755889+00:00,Manjesh
4500722480,Kelvion India Private Limited,,,,,,
1710076811,DelVal Flow Controls Pvt Ltd.,,,,,,
1710076650,DelVal Flow Controls Pvt Ltd.,,,,,,
,,145,3782.01,3782.01,0,2023-10-27 20:31:42.789269+00:00,Manjesh
EMAIL,Hydroteck Engineering Company,,,,,,
,,4,893.02,892,1.02,2023-10-02 13:26:54.932682+00:00,Manjesh
2201/2199,Autoshell,,,,,,
,,79,3778.91,0,3778.91,2023-10-25 12:02:37.239921+00:00,Manjesh
,,80,3778.91,3777,1.91,2023-10-25 12:02:55.509296+00:00,Manjesh
REGPL/23-24/01167&1166,Rahul Engineering Global Pvt Ltd.,,,,,,
,,28,4900,4899,1,2023-10-07 09:31:11.251612+00:00,Lakhan
EMAIL / 25.11.2023,Manjushree Fintube Pvt Ltd.,,,,,,
,,79,3778.91,0,3778.91,2023-10-25 12:02:37.239921+00:00,Manjesh
50045018521,Forbes Marshall P.Ltd (Chakan),,,,,,
,,93,4614.05,4613.86,0.19,2023-10-29 06:56:44.755889+00:00,Manjesh
,,34,2853.34,728.35,2124.99,2023-10-30 04:29:54.523020+00:00,Manjesh
1710077182,DelVal Flow Controls Pvt Ltd.,,,,,,
,,104,2854.33,944.88,1909.45,2023-10-28 10:12:33.870119+00:00,Manjesh
,,12,4826,2257.19,2568.81,2023-10-03 10:32:52.851297+00:00,Manjesh
,,114,4831.98,3346.46,1485.52,2023-10-28 10:49:41.327826+00:00,Manjesh
,,37,4900,4900,0,2023-10-28 11:03:52.790325+00:00,Manjesh
3000000854,BAJEL PROJECTS LIMITED,,,,,,
,,112,1476.38,639.76,836.62,2023-10-16 13:15:14.387312+00:00,Manjesh
,,36,3976.82,798.41,3178.41,2023-11-01 09:32:12.634871+00:00,Manjesh
,,114,402.84,402,0.84,2023-11-01 09:43:40.445299+00:00,Manjesh
,,117,1988.19,1987.99,0.2,2023-11-01 09:59:43.864766+00:00,Manjesh
,,118,4921.26,1377.95,3543.31,2023-11-01 12:00:30.785510+00:00,Manjesh
,,104,174.69,174.6,0.09,2023-11-01 12:10:22.510148+00:00,Manjesh
,,139,3759.84,629.92,3129.92,2023-11-01 12:16:18.823797+00:00,Manjesh
,,140,4921.26,1299.21,3622.05,2023-11-03 08:38:29.769963+00:00,Manjesh
,,101,1854.89,393.7,1461.19,2023-11-03 09:03:17.316410+00:00,Manjesh
,,140,3622.05,1338.58,2283.47,2023-11-03 10:27:05.255537+00:00,Manjesh
,,101,1461.19,208.32,1252.87,2023-11-03 10:36:54.294370+00:00,Manjesh
,,140,2283.47,944.88,1338.59,2023-11-03 10:39:12.749184+00:00,Manjesh
,,140,1338.59,511.81,826.78,2023-11-03 10:46:24.212882+00:00,Manjesh
,,71,278.08,124,154.08,2023-11-04 01:45:25.547790+00:00,Manjesh
,,71,154.08,154.06,0.02,2023-11-04 01:51:14.914806+00:00,Manjesh
,,112,462.6,462.4,0.2,2023-11-04 02:09:44.766004+00:00,Ranjeet
,,121,1200.78,71.61,1129.17,2023-11-05 03:53:58.704927+00:00,Manjesh
,,140,826.78,374.02,452.76,2023-11-05 04:03:11.434155+00:00,Manjesh
,,42,844.9,844,0.9,2023-11-05 06:32:42.901621+00:00,Manjesh
,,105,4921.26,1023.62,3897.64,2023-11-05 06:33:07.342373+00:00,Manjesh
,,56,2597.36,355.88,2241.48,2023-11-05 09:24:13.200460+00:00,Manjesh
,,105,3897.64,2755.91,1141.73,2023-11-06 07:01:37.464565+00:00,Manjesh
,,101,1252.87,1252.86,0.01,2023-11-06 07:04:23.209601+00:00,Manjesh
,,38,3757.05,359.29,3397.76,2023-11-06 08:25:01.360736+00:00,Lakhan
4500724193,Kelvion India Private Limited,,,,,,
,,80,3778.91,3777,1.91,2023-10-25 12:02:55.509296+00:00,Manjesh
2324-OD-731,Magwen Valves Pvt Ltd.,,,,,,
,,12,4826,2257.19,2568.81,2023-10-03 10:32:52.851297+00:00,Manjesh
VERBAL,RAVIRAJ ANODISERS,,,,,,
50045018735,Forbes Marshall P.Ltd (Chakan),,,,,,
,,82,3778.91,3777,1.91,2023-10-25 12:03:31.713859+00:00,Manjesh
,,37,4900,4900,0,2023-10-28 11:03:52.790325+00:00,Manjesh
,,34,2853.34,728.35,2124.99,2023-10-30 04:29:54.523020+00:00,Manjesh
,,145,3782.01,3782.01,0,2023-10-27 20:31:42.789269+00:00,Manjesh
,,80,3778.91,3777,1.91,2023-10-25 12:02:55.509296+00:00,Manjesh
POFS000058516,HRS PROCESS SYSTEMS LTD.,,,,,,
4500105112,Praj Industries Ltd.,,,,,,
AP/JPO/CA/01596/23-24,Ador Powertron Ltd,,,,,,
,,34,2853.34,728.35,2124.99,2023-10-30 04:29:54.523020+00:00,Manjesh
VERBAL04.12.2023,Quadrogen India Private Limited,,,,,,
23PO0019,R S Industrial Solutions,,,,,,
,,89,4614.05,4613,1.05,2023-10-07 05:32:47.535773+00:00,Ranjeet
PP/22-23/015/110,Pilon Engineering Pvt. Ltd.,,,,,,
,,34,2853.34,728.35,2124.99,2023-10-30 04:29:54.523020+00:00,Manjesh
VERBAL-06.12.2023,Hydroteck Engineering Company,,,,,,
,,4,893.02,892,1.02,2023-10-02 13:26:54.932682+00:00,Manjesh
Z1DO/1100046527,ElectroMech Material Handling Systems (India) Pvt. Ltd.,,,,,,
,,34,2853.34,728.35,2124.99,2023-10-30 04:29:54.523020+00:00,Manjesh
,,113,4507.87,4035.43,472.44,2023-10-28 09:58:30.917639+00:00,Ranjeet
1710077615,DelVal Flow Controls Pvt Ltd.,,,,,,
,,12,4826,2257.19,2568.81,2023-10-03 10:32:52.851297+00:00,Manjesh
,,127,4843.76,4843.75,0.01,2023-11-20 05:45:33.508850+00:00,Lakhan
,,126,1801.88,1801.87,0.01,2023-11-20 05:46:21.405595+00:00,Lakhan
POS2324/1017,M E Energy Private Limited,,,,,,
,,4,893.02,892,1.02,2023-10-02 13:26:54.932682+00:00,Manjesh
pofs0000058670,HRS PROCESS SYSTEMS LTD.,,,,,,
14315,HYT ENGINEERING COMPANY PVT LTD.,,,,,,
,,34,4506.3,1338,3168.3,2023-10-14 11:46:47.300225+00:00,Ranjeet
,,113,472.44,471.46,0.98,2023-10-28 10:03:50.465246+00:00,Manjesh
50045019031,Forbes Marshall P.Ltd (Chakan),,,,,,
,,34,2124.99,114.39,2010.6,2023-10-30 04:32:09.015196+00:00,Manjesh
GEN/232400877/09.11.2023,Zeal-Tech Automation,,,,,,
,,183,3782.01,3782,0.01,2023-11-18 10:12:23.463495+00:00,Lakhan
,,180,3782.01,3782,0.01,2023-11-18 10:45:56.839945+00:00,Lakhan
,,179,3782.01,3782,0.01,2023-11-18 10:46:41.282074+00:00,Lakhan
023D6510,INTERVALVE POONAWALA LTD,,,,,,
,,12,4826,2257.19,2568.81,2023-10-03 10:32:52.851297+00:00,Manjesh
VERBAL/10.12.2023,Manjushree Fintube Pvt Ltd.,,,,,,
,,80,3778.91,3777,1.91,2023-10-25 12:02:55.509296+00:00,Manjesh
POS2324/0967,M E Energy Private Limited,,,,,,
POS2324/0995,M E Energy Private Limited,,,,,,
POS2324/0966,M E Energy Private Limited,,,,,,
50045019167,Forbes Marshall P.Ltd (Chakan),,,,,,
,,34,2124.99,114.39,2010.6,2023-10-30 04:32:09.015196+00:00,Manjesh
,,34,2853.34,728.35,2124.99,2023-10-30 04:29:54.523020+00:00,Manjesh
2345103,EagleBurgmann India Pvt. Ltd.,,,,,,
,,19,1435.43,1062.99,372.44,2023-10-06 06:54:16.505709+00:00,Ranjeet
2345104,EagleBurgmann India Pvt. Ltd.,,,,,,
,,34,2853.34,728.35,2124.99,2023-10-30 04:29:54.523020+00:00,Manjesh
2345106,EagleBurgmann India Pvt. Ltd.,,,,,,
,,19,1435.43,1062.99,372.44,2023-10-06 06:54:16.505709+00:00,Ranjeet
2345107,EagleBurgmann India Pvt. Ltd.,,,,,,
,,19,1435.43,1062.99,372.44,2023-10-06 06:54:16.505709+00:00,Ranjeet
2345108,EagleBurgmann India Pvt. Ltd.,,,,,,
,,22,4900,4899,1,2023-10-04 13:21:07.303555+00:00,Manjesh
2345109,EagleBurgmann India Pvt. Ltd.,,,,,,
,,19,1435.43,1062.99,372.44,2023-10-06 06:54:16.505709+00:00,Ranjeet
EMAIL/11.12.2023,Glatt Systems Pvt. Ltd.,,,,,,
1,RAVIRAJ ANODISERS,,,,,,
50045019470,Forbes Marshall P.Ltd (Chakan),,,,,,
,,104,1909.45,235.6,1673.85,2023-10-30 04:54:20.377122+00:00,Manjesh
,,104,1673.85,148.8,1525.05,2023-10-30 04:56:36.288361+00:00,Manjesh
,,34,2010.6,1476.38,534.22,2023-10-30 04:51:21.025510+00:00,Manjesh
4500725042,Kelvion India Private Limited,,,,,,
,,123,1102.36,1102.35,0.01,2023-11-20 05:47:00.838172+00:00,Lakhan
DILIP KUTE,Sonali Enterprises,,,,,,
,,123,1338.58,236.22,1102.36,2023-11-18 07:17:38.190100+00:00,Manjesh
50045019521,Forbes Marshall P.Ltd (Chakan),,,,,,
,,34,2124.99,114.39,2010.6,2023-10-30 04:32:09.015196+00:00,Manjesh
,,12,4826,2257.19,2568.81,2023-10-03 10:32:52.851297+00:00,Manjesh
50045019001,Forbes Marshall P.Ltd (Chakan),,,,,,
,,80,3778.91,3777,1.91,2023-10-25 12:02:55.509296+00:00,Manjesh
2345227,EagleBurgmann India Pvt. Ltd.,,,,,,
,,36,2204.69,223.2,1981.49,2023-11-26 04:12:46.131996+00:00,Manjesh
PO-000140,TrojanHorse Strategic Advertising,,,,,,
,,175,4921.26,3716.91,1204.35,2023-11-18 08:12:05.550229+00:00,Manjesh
23PO0020,R S Industrial Solutions,,,,,,
,,168,4232.28,334.65,3897.63,2023-12-04 06:48:10.006711+00:00,Manjesh
POS2324/1073,M E Energy Private Limited,,,,,,
,,38,3226.64,131.44,3095.2,2023-12-04 06:54:10.640628+00:00,Manjesh
,,130,3797.51,393.7,3403.81,2023-12-05 05:44:15.608010+00:00,Manjesh
,,142,1220.47,1220.47,0,2023-12-05 05:44:41.398837+00:00,Manjesh
,,168,3188.96,570.87,2618.09,2023-12-06 02:56:44.729163+00:00,Ranjeet
AP/JPO/CA/01853/23-24,Ador Powertron Ltd,,,,,,
,,34,2853.34,728.35,2124.99,2023-10-30 04:29:54.523020+00:00,Manjesh
AP/JPO/CA/01748/23-24,Ador Powertron Ltd,,,,,,
,,175,4921.26,3716.91,1204.35,2023-11-18 08:12:05.550229+00:00,Manjesh
023D6789/0,INTERVALVE POONAWALA LTD,,,,,,
,,12,4826,2257.19,2568.81,2023-10-03 10:32:52.851297+00:00,Manjesh
41045004546,Forbes Marshall  Arca Pvt Ltd,,,,,,
,,123,1102.36,1102.35,0.01,2023-11-20 05:47:00.838172+00:00,Lakhan
SAUDI SAMPLE PLATE,RAVIRAJ ANODISERS,,,,,,
,,34,2124.99,114.39,2010.6,2023-10-30 04:32:09.015196+00:00,Manjesh
HYT-14339,HYT ENGINEERING COMPANY PVT LTD.,,,,,,
,,34,2124.99,114.39,2010.6,2023-10-30 04:32:09.015196+00:00,Manjesh
,,34,2010.6,1476.38,534.22,2023-10-30 04:51:21.025510+00:00,Manjesh
HYT-14346,HYT ENGINEERING COMPANY PVT LTD.,,,,,,
,,34,2124.99,114.39,2010.6,2023-10-30 04:32:09.015196+00:00,Manjesh
50045020170,Forbes Marshall P.Ltd (Chakan),,,,,,
HYT-14353,HYT ENGINEERING COMPANY PVT LTD.,,,,,,
,,34,2010.6,1476.38,534.22,2023-10-30 04:51:21.025510+00:00,Manjesh
50045015896-1,Forbes Marshall P.Ltd (Chakan),,,,,,
,,36,1981.49,1981.48,0.01,2023-11-26 04:13:12.622806+00:00,Manjesh
1483,Ador Powertron Ltd,,,,,,
,,34,2010.6,1476.38,534.22,2023-10-30 04:51:21.025510+00:00,Manjesh
,,113,4507.87,4035.43,472.44,2023-10-28 09:58:30.917639+00:00,Ranjeet
763,RASHMI HEATERS PVT.LTD.,,,,,,
,,122,3031.49,826.77,2204.72,2023-11-07 03:03:19.111574+00:00,Manjesh
,,121,935.73,610.24,325.49,2023-11-07 10:35:34.541953+00:00,Manjesh
4500728050,Kelvion India Private Limited,,,,,,
,,80,3778.91,3777,1.91,2023-10-25 12:02:55.509296+00:00,Manjesh
,,168,3188.96,570.87,2618.09,2023-12-06 02:56:44.729163+00:00,Ranjeet
14427,HYT ENGINEERING COMPANY PVT LTD.,,,,,,
,,113,472.44,471.46,0.98,2023-10-28 10:03:50.465246+00:00,Manjesh
02345227/22.12.2023,EagleBurgmann India Pvt. Ltd.,,,,,,
SAMPLE LOI,Precitech Equipments India Pvt. Ltd,,,,,,
,,34,2010.6,1476.38,534.22,2023-10-30 04:51:21.025510+00:00,Manjesh
RRA SAMPLE,Ador Powertron Ltd,,,,,,
,,34,4506.3,1338,3168.3,2023-10-14 11:46:47.300225+00:00,Ranjeet
1710078281,DelVal Flow Controls Pvt Ltd.,,,,,,
,,12,4826,2257.19,2568.81,2023-10-03 10:32:52.851297+00:00,Manjesh
,,165,590.55,590.54,0.01,2023-11-20 11:12:24.248444+00:00,Manjesh
EMAIL-23.12.2023,Hydroteck Engineering Company,,,,,,
2345353,EagleBurgmann India Pvt. Ltd.,,,,,,
,,34,2010.6,1476.38,534.22,2023-10-30 04:51:21.025510+00:00,Manjesh
PP/23-24/12&13/124,Pilon Engineering Pvt. Ltd.,,,,,,
,,34,2010.6,1476.38,534.22,2023-10-30 04:51:21.025510+00:00,Manjesh
HYT-14430,HYT ENGINEERING COMPANY PVT LTD.,,,,,,
,,34,2010.6,1476.38,534.22,2023-10-30 04:51:21.025510+00:00,Manjesh
POFS000056084/25.12.2023,HRS PROCESS SYSTEMS LTD.,,,,,,
,,80,3778.91,3777,1.91,2023-10-25 12:02:55.509296+00:00,Manjesh
HYT-14315,HYT ENGINEERING COMPANY PVT LTD.,,,,,,
,,34,2010.6,1476.38,534.22,2023-10-30 04:51:21.025510+00:00,Manjesh
,,113,472.44,471.46,0.98,2023-10-28 10:03:50.465246+00:00,Manjesh
LOI 25.12.2023,ElectroMech Material Handling Systems (India) Pvt. Ltd.,,,,,,
,,34,2010.6,1476.38,534.22,2023-10-30 04:51:21.025510+00:00,Manjesh
EMAIL25.12.2023,Manjushree Fintube Pvt Ltd.,,,,,,
,,80,3778.91,3777,1.91,2023-10-25 12:02:55.509296+00:00,Manjesh
50045020728,Forbes Marshall P.Ltd (Chakan),,,,,,
,,49,2551.25,44.64,2506.61,2023-11-26 04:14:56.433940+00:00,Manjesh
,,166,4921.26,826.77,4094.49,2023-11-26 04:16:23.290462+00:00,Manjesh
,,166,4094.49,1180.48,2914.01,2023-11-26 04:16:44.586877+00:00,Manjesh
SSI/RA/23-24/281,Saishruti Industries Private Limited,,,,,,
,,36,2204.69,223.2,1981.49,2023-11-26 04:12:46.131996+00:00,Manjesh
NE/23-24/001,NAMOKAR ENGINEERING,,,,,,
,,165,590.55,590.54,0.01,2023-11-20 11:12:24.248444+00:00,Manjesh
4500728989,Kelvion India Private Limited,,,,,,
,,80,3778.91,3777,1.91,2023-10-25 12:02:55.509296+00:00,Manjesh
,,168,3188.96,570.87,2618.09,2023-12-06 02:56:44.729163+00:00,Ranjeet
215,Viswasuta Engineering LLP,,,,,,
,,35,3187.4,590.55,2596.85,2023-11-26 04:17:17.998197+00:00,Manjesh
,,80,3778.91,3777,1.91,2023-10-25 12:02:55.509296+00:00,Manjesh
50045020801,Forbes Marshall P.Ltd (Chakan),,,,,,
,,141,1948.82,1948.81,0.01,2023-11-29 10:31:39.022390+00:00,Manjesh
,,142,4921.26,807.09,4114.17,2023-11-29 10:32:06.360246+00:00,Manjesh
,,142,4114.17,2893.7,1220.47,2023-11-29 10:33:37.951841+00:00,Manjesh
,,159,1999.51,130.2,1869.31,2023-11-26 04:24:31.344506+00:00,Manjesh
PT/23-24/038,PRASAHITYUTA TECHNOLOGIES,,,,,,
,,35,3187.4,590.55,2596.85,2023-11-26 04:17:17.998197+00:00,Manjesh
14316,HYT ENGINEERING COMPANY PVT LTD.,,,,,,
,,113,472.44,471.46,0.98,2023-10-28 10:03:50.465246+00:00,Manjesh
,,34,4506.3,1338,3168.3,2023-10-14 11:46:47.300225+00:00,Ranjeet
3000001135,BAJEL PROJECTS LIMITED,,,,,,
,,140,452.76,452.75,0.01,2023-11-07 10:39:31.276474+00:00,Manjesh
,,122,2204.72,1437.01,767.71,2023-11-07 11:43:14.104751+00:00,Manjesh
,,122,767.71,767.52,0.19,2023-11-07 11:44:41.862667+00:00,Manjesh
,,123,4921.26,807.09,4114.17,2023-11-07 11:46:00.998110+00:00,Manjesh
,,123,4114.17,1377.95,2736.22,2023-11-07 11:46:45.045887+00:00,Manjesh
,,83,3518.51,558,2960.51,2023-11-07 11:55:45.804159+00:00,Manjesh
,,83,2960.51,976.5,1984.01,2023-11-07 12:30:01.848148+00:00,Manjesh
,,83,1984.01,169.26,1814.75,2023-11-07 12:30:30.208630+00:00,Manjesh
,,121,325.49,325.48,0.01,2023-11-08 08:42:13.126625+00:00,Manjesh
,,123,2736.22,1397.64,1338.58,2023-11-08 09:43:56.468030+00:00,Manjesh
,,182,3782.01,3782,0.01,2023-11-18 10:11:48.693431+00:00,Lakhan
,,42,3794.87,2723.05,1071.82,2023-10-17 11:23:01.078386+00:00,Ranjeet
,,36,4900,472.44,4427.56,2023-10-17 11:23:35.982712+00:00,Ranjeet
,,35,1553.54,314.96,1238.58,2023-12-06 12:22:34.718932+00:00,Manjesh
,,38,3095.2,567.3,2527.9,2023-12-06 12:23:56.482223+00:00,Manjesh
,,176,3385.19,240.25,3144.94,2023-12-06 12:29:08.170222+00:00,Manjesh
,,162,4921.26,4921.26,0,2023-12-06 12:36:54.682917+00:00,Manjesh
,,176,3144.94,77.5,3067.44,2023-12-08 07:02:34.345970+00:00,Manjesh
,,86,4519.19,341.16,4178.03,2023-12-09 09:49:59.764004+00:00,Manjesh
,,160,3782.01,279,3503.01,2023-12-09 10:27:28.887517+00:00,Manjesh
,,35,1238.58,905.51,333.07,2023-12-09 12:13:12.345470+00:00,Manjesh
,,38,2527.9,198.4,2329.5,2023-12-10 08:15:13.695933+00:00,Manjesh
,,176,3067.44,113,2954.44,2023-12-11 08:21:10.184283+00:00,Manjesh
,,253,4882.51,2881,2001.51,2023-12-11 08:34:19.289512+00:00,Manjesh
,,45,1220.6,349.68,870.92,2023-12-12 12:50:49.724925+00:00,Ranjeet
,,45,870.92,483.6,387.32,2023-12-12 12:51:16.810216+00:00,Manjesh
,,45,387.32,387.32,0,2023-12-12 12:52:23.124430+00:00,Ranjeet
1710079061,DelVal Flow Controls Pvt Ltd.,,,,,,
,,165,590.55,590.54,0.01,2023-11-20 11:12:24.248444+00:00,Manjesh
SCPL/PO/23-24/01027,SDTORK CONTROLS PVT LTD,,,,,,
,,35,3187.4,590.55,2596.85,2023-11-26 04:17:17.998197+00:00,Manjesh
AE/23-24/2454,Autoshell,,,,,,
,,35,3187.4,590.55,2596.85,2023-11-26 04:17:17.998197+00:00,Manjesh
POP-2324-0579,ELINWG India Pvt. Ltd,,,,,,
,,165,590.55,590.54,0.01,2023-11-20 11:12:24.248444+00:00,Manjesh
,,35,3187.4,590.55,2596.85,2023-11-26 04:17:17.998197+00:00,Manjesh
,,165,0.01,0.01,0,2023-11-20 11:13:44.866167+00:00,Manjesh
HYT-14301,HYT ENGINEERING COMPANY PVT LTD.,,,,,,
,,125,4843.76,4843.75,0.01,2023-11-18 08:33:50.411960+00:00,Manjesh
,,142,4114.17,2893.7,1220.47,2023-11-29 10:33:37.951841+00:00,Manjesh
2742,EUREKA ENGINEERING ENTERPRISES,,,,,,
,,255,4882.51,2007.87,2874.64,2023-12-13 09:19:48.777890+00:00,Manjesh
POFS000059027,HRS PROCESS SYSTEMS LTD.,,,,,,
,,28,4900,4899,1,2023-10-07 09:31:11.251612+00:00,Lakhan
,,35,3187.4,590.55,2596.85,2023-11-26 04:17:17.998197+00:00,Manjesh
ATM-2324-155,Attomo Industries LLP,,,,,,
,,142,4114.17,2893.7,1220.47,2023-11-29 10:33:37.951841+00:00,Manjesh
RRA SAMPLE 03.01.2024,UNIVERSAL ENGINEERING WORKS,,,,,,
,,35,3187.4,590.55,2596.85,2023-11-26 04:17:17.998197+00:00,Manjesh
2345524,EagleBurgmann India Pvt. Ltd.,,,,,,
50045021243,Forbes Marshall P.Ltd (Chakan),,,,,,
,,121,0.01,0.01,0,2023-11-26 04:31:24.518468+00:00,Manjesh
,,47,4900,629.92,4270.08,2023-11-26 06:12:19.783116+00:00,Manjesh
,,142,4114.17,2893.7,1220.47,2023-11-29 10:33:37.951841+00:00,Manjesh
,,161,4921.26,4921.25,0.01,2023-11-29 10:36:23.966440+00:00,Manjesh
,,165,0.01,0.01,0,2023-11-20 11:13:44.866167+00:00,Manjesh
,,12,2568.81,1673.23,895.58,2023-10-06 08:39:04.565324+00:00,Ranjeet
95/30-12-23,THORAT FILTRATION PVT LTD,,,,,,
3000001200,BAJEL PROJECTS LIMITED,,,,,,
,,254,4882.51,4882.51,0,2023-12-13 09:32:08.472609+00:00,Manjesh
,,163,3208.66,3208.66,0,2023-12-13 09:36:14.877678+00:00,Manjesh
,,247,3782.01,3781,1.01,2023-12-13 12:15:02.966249+00:00,Manjesh
,,246,3782.01,3781,1.01,2023-12-13 12:15:29.694134+00:00,Manjesh
,,245,3782.01,3781,1.01,2023-12-13 12:15:56.450093+00:00,Manjesh
,,255,4882.51,2007.87,2874.64,2023-12-13 09:19:48.777890+00:00,Manjesh
HYT-14445,HYT ENGINEERING COMPANY PVT LTD.,,,,,,
,,161,4921.26,4921.25,0.01,2023-11-29 10:36:23.966440+00:00,Manjesh
REGPL/23-24/01362,Rahul Engineering Global Pvt Ltd.,,,,,,
POFS000056084//07.01.2024,HRS PROCESS SYSTEMS LTD.,,,,,,
2345549,EagleBurgmann India Pvt. Ltd.,,,,,,
,,12,2568.81,1673.23,895.58,2023-10-06 08:39:04.565324+00:00,Ranjeet
EMAIL / 08.01.2024,Manjushree Fintube Pvt Ltd.,,,,,,
SCPL/PO/23-24/01050,SDTORK CONTROLS PVT LTD,,,,,,
,,164,2893.7,492.13,2401.57,2023-11-24 10:33:16.206515+00:00,Manjesh
PO001470,SS Techno Limited,,,,,,
,,128,4030.01,4030.01,0,2023-11-28 04:29:27.414377+00:00,Manjesh
50045019552,Forbes Marshall P.Ltd (Chakan),,,,,,
,,167,4921.26,4920,1.26,2023-12-01 10:24:14.196347+00:00,Manjesh
,,52,2824.57,78,2746.57,2023-12-02 08:51:11.166889+00:00,Manjesh
,,131,4843.76,4842,1.76,2023-12-02 10:09:30.242308+00:00,Manjesh
,,168,3412.94,223.98,3188.96,2023-12-04 06:49:07.377597+00:00,Manjesh
,,132,4843.76,4843.75,0.01,2023-12-03 07:22:51.706356+00:00,Manjesh
,,166,2402.2,158.1,2244.1,2023-11-28 04:22:45.277033+00:00,Manjesh
HYT-14309,HYT ENGINEERING COMPANY PVT LTD.,,,,,,
,,130,1582.56,445.63,1136.93,2023-12-22 03:50:20.716523+00:00,Manjesh
,,176,4585.99,527.47,4058.52,2023-12-04 06:10:47.459348+00:00,Manjesh
HYT-14547,HYT ENGINEERING COMPANY PVT LTD.,,,,,,
AP/JPO/CA/02177/23-24,Ador Powertron Ltd,,,,,,
,,132,4843.76,4843.75,0.01,2023-12-03 07:22:51.706356+00:00,Manjesh
,,176,4585.99,527.47,4058.52,2023-12-04 06:10:47.459348+00:00,Manjesh
EAMIL 10.01.2024,Alphatech Engineering,,,,,,
,,163,4921.26,1712.6,3208.66,2023-12-03 09:49:30.336255+00:00,Manjesh
,,176,4921.26,335.27,4585.99,2023-12-03 10:19:18.895122+00:00,Manjesh
,,166,1495.76,1494,1.76,2023-12-03 11:18:39.273863+00:00,Manjesh
,,168,4921.26,688.98,4232.28,2023-12-03 11:34:09.781246+00:00,Manjesh
,,176,4585.99,527.47,4058.52,2023-12-04 06:10:47.459348+00:00,Manjesh
23PO0021,R S Industrial Solutions,,,,,,
45000202717,Titagarh Rail Systems Limited,,,,,,
WEPL/23-24/658,Wooshin Engineering Pvt Ltd.,,,,,,
,,124,4921.26,4921.25,0.01,2023-11-18 08:14:32.683209+00:00,Manjesh
,,113,4507.87,4035.43,472.44,2023-10-28 09:58:30.917639+00:00,Ranjeet
50045021484,Forbes Marshall P.Ltd (Chakan),,,,,,
,,176,4058.52,160.74,3897.78,2023-12-04 06:11:31.556944+00:00,Manjesh
RRA HYT,RAVIRAJ ANODISERS,,,,,,
,,169,4921.26,3317.01,1604.25,2023-12-13 12:28:19.486873+00:00,Manjesh
,,174,4921.26,238.08,4683.18,2023-12-13 12:30:45.076524+00:00,Manjesh
HYT-14567,HYT ENGINEERING COMPANY PVT LTD.,,,,,,
,,125,4843.76,4843.75,0.01,2023-11-18 08:33:50.411960+00:00,Manjesh
471978099,BOBST INDIA PRIVATE LIMITED,,,,,,
,,168,3412.94,223.98,3188.96,2023-12-04 06:49:07.377597+00:00,Manjesh
VERBAL 12.01.2024,RAVIRAJ ANODISERS,,,,,,
HYT-14472,HYT ENGINEERING COMPANY PVT LTD.,,,,,,
,,163,4921.26,1712.6,3208.66,2023-12-03 09:49:30.336255+00:00,Manjesh
,,176,4921.26,335.27,4585.99,2023-12-03 10:19:18.895122+00:00,Manjesh
,,166,1495.76,1494,1.76,2023-12-03 11:18:39.273863+00:00,Manjesh
RHPL/PUR/0763 14.01.2024,RASHMI HEATERS PVT.LTD.,,,,,,
,,165,0.01,0.01,0,2023-11-20 11:13:44.866167+00:00,Manjesh
,,164,2893.7,492.13,2401.57,2023-11-24 10:33:16.206515+00:00,Manjesh
,,174,4683.18,234.36,4448.82,2023-12-13 12:31:04.842021+00:00,Manjesh
,,174,4448.82,472.44,3976.38,2023-12-13 12:31:32.933676+00:00,Manjesh
Z1PR/7000045974 / 15.01.2024,ElectroMech Material Handling Systems (India) Pvt. Ltd.,,,,,,
,,38,3397.76,171.12,3226.64,2023-12-04 06:53:42.540083+00:00,Manjesh
DES/RA/TATA-ONGC/M-010/24 R-0,DOKOMO ENGINEERING SERVICES,,,,,,
,,38,1100.35,1100.34,0.01,2023-12-22 11:58:21.249358+00:00,Manjesh
,,270,4921.26,4921.25,0.01,2023-12-22 12:15:47.095842+00:00,Manjesh
,,170,3453.56,115.32,3338.24,2023-12-22 12:21:59.269283+00:00,Manjesh
,,257,4882.51,2245.95,2636.56,2023-12-23 04:06:51.926116+00:00,Ranjeet
,,170,3338.24,357.12,2981.12,2023-12-24 06:16:50.497120+00:00,Manjesh
,,170,2981.12,177.17,2803.95,2023-12-24 06:17:19.997242+00:00,Manjesh
,,130,1136.93,465,671.93,2023-12-25 06:21:23.782319+00:00,Manjesh
,,170,2803.95,413.39,2390.56,2023-12-25 09:40:21.071025+00:00,Manjesh
,,170,2390.56,1496.06,894.5,2023-12-25 09:43:01.996026+00:00,Manjesh
,,170,894.5,130.2,764.3,2023-12-25 09:43:50.539419+00:00,Manjesh
,,174,3636.93,503.75,3133.18,2023-12-25 09:46:10.289497+00:00,Manjesh
,,130,671.93,100.75,571.18,2023-12-25 09:49:14.265188+00:00,Manjesh
,,141,4921.26,1141.73,3779.53,2023-11-24 10:37:32.371779+00:00,Manjesh
,,141,3779.53,1830.71,1948.82,2023-11-24 10:42:03.471482+00:00,Manjesh
,,185,3782.01,3782,0.01,2023-11-26 04:09:12.971114+00:00,Manjesh
SCPL/PO/23-24/01060,SDTORK CONTROLS PVT LTD,,,,,,
,,166,2402.2,158.1,2244.1,2023-11-28 04:22:45.277033+00:00,Manjesh
,,166,2244.1,748.34,1495.76,2023-11-28 04:23:13.736515+00:00,Manjesh
50045021678,Forbes Marshall P.Ltd (Chakan),,,,,,
,,168,3412.94,223.98,3188.96,2023-12-04 06:49:07.377597+00:00,Manjesh
023D8316 & 023D8390,INTERVALVE POONAWALA LTD,,,,,,
EMAIL/18.01.2024,Manjushree Fintube Pvt Ltd.,,,,,,
,,166,2244.1,748.34,1495.76,2023-11-28 04:23:13.736515+00:00,Manjesh
2345854,EagleBurgmann India Pvt. Ltd.,,,,,,
,,38,3397.76,171.12,3226.64,2023-12-04 06:53:42.540083+00:00,Manjesh
,,176,4585.99,527.47,4058.52,2023-12-04 06:10:47.459348+00:00,Manjesh
,,176,3897.78,177.94,3719.84,2023-12-04 06:12:25.296713+00:00,Manjesh
,,28,4900,4899,1,2023-10-07 09:31:11.251612+00:00,Lakhan
,,12,2568.81,1673.23,895.58,2023-10-06 08:39:04.565324+00:00,Ranjeet
MNCAS/PO/23-24/1191/R0,MNCAS India Private Limited,,,,,,
,,166,2244.1,748.34,1495.76,2023-11-28 04:23:13.736515+00:00,Manjesh
4500733157/17.01.2024,Ador Powertron Ltd,,,,,,
4500733157,Kelvion India Private Limited,,,,,,
,,28,4900,4899,1,2023-10-07 09:31:11.251612+00:00,Lakhan
,,38,3397.76,171.12,3226.64,2023-12-04 06:53:42.540083+00:00,Manjesh
,,129,4843.76,4146.26,697.5,2023-11-28 04:31:51.650333+00:00,Manjesh
50045022513,Forbes Marshall P.Ltd (Chakan),,,,,,
,,185,3782.01,3782,0.01,2023-11-26 04:09:12.971114+00:00,Manjesh
,,176,3897.78,177.94,3719.84,2023-12-04 06:12:25.296713+00:00,Manjesh
,,166,2244.1,748.34,1495.76,2023-11-28 04:23:13.736515+00:00,Manjesh
,,168,3412.94,223.98,3188.96,2023-12-04 06:49:07.377597+00:00,Manjesh
,,38,3397.76,171.12,3226.64,2023-12-04 06:53:42.540083+00:00,Manjesh
JBA/GST/1686/23-24,J.B. ADVANI & CO PVT. LTD,,,,,,
,,124,4921.26,4921.25,0.01,2023-11-18 08:14:32.683209+00:00,Manjesh
,,168,2618.09,161.2,2456.89,2023-12-13 12:23:12.388176+00:00,Manjesh
,,44,178,178,0,2023-12-13 12:34:11.211834+00:00,Manjesh
50045022681,Forbes Marshall P.Ltd (Chakan),,,,,,
,,128,4843.76,813.75,4030.01,2023-11-28 04:28:33.383037+00:00,Manjesh
,,128,4030.01,4030.01,0,2023-11-28 04:29:27.414377+00:00,Manjesh
,,268,4921.26,1437.01,3484.25,2023-12-16 03:38:43.572734+00:00,Manjesh
,,313,4960.01,2718,2242.01,2023-12-18 08:31:46.405933+00:00,Manjesh
50045022845,Forbes Marshall P.Ltd (Chakan),,,,,,
,,128,4843.76,813.75,4030.01,2023-11-28 04:28:33.383037+00:00,Manjesh
,,128,4030.01,4030.01,0,2023-11-28 04:29:27.414377+00:00,Manjesh
,,268,4921.26,1437.01,3484.25,2023-12-16 03:38:43.572734+00:00,Manjesh
,,168,4921.26,688.98,4232.28,2023-12-03 11:34:09.781246+00:00,Manjesh
,,176,3897.78,177.94,3719.84,2023-12-04 06:12:25.296713+00:00,Manjesh
,,129,4843.76,4146.26,697.5,2023-11-28 04:31:51.650333+00:00,Manjesh
,,130,4843.76,1046.25,3797.51,2023-11-28 10:37:43.239074+00:00,Manjesh
,,313,4960.01,2718,2242.01,2023-12-18 08:31:46.405933+00:00,Manjesh
,,38,3397.76,171.12,3226.64,2023-12-04 06:53:42.540083+00:00,Manjesh
,,129,697.5,329.38,368.12,2023-11-28 10:38:49.572390+00:00,Manjesh
HYT-14603,HYT ENGINEERING COMPANY PVT LTD.,,,,,,
,,130,1582.56,445.63,1136.93,2023-12-22 03:50:20.716523+00:00,Manjesh
,,176,3897.78,177.94,3719.84,2023-12-04 06:12:25.296713+00:00,Manjesh
EMAIL / 17.01.2024,Hydroteck Engineering Company,,,,,,
,,130,1582.56,445.63,1136.93,2023-12-22 03:50:20.716523+00:00,Manjesh
POFS000056084/25.01.2024,HRS PROCESS SYSTEMS LTD.,,,,,,
,,129,4843.76,4146.26,697.5,2023-11-28 04:31:51.650333+00:00,Manjesh
POFS000056084 / 25.01.2024,HRS PROCESS SYSTEMS LTD.,,,,,,
POFS000056084-1 / 25.01.2024,HRS PROCESS SYSTEMS LTD.,,,,,,
Z1PR/7000045974/13.10.2021,ElectroMech Material Handling Systems (India) Pvt. Ltd.,,,,,,
,,168,3412.94,223.98,3188.96,2023-12-04 06:49:07.377597+00:00,Manjesh
,,38,3397.76,171.12,3226.64,2023-12-04 06:53:42.540083+00:00,Manjesh
PO2324/1287,M E Energy Private Limited,,,,,,
,,130,1582.56,445.63,1136.93,2023-12-22 03:50:20.716523+00:00,Manjesh
POP-2324-0645,ELINWG India Pvt. Ltd,,,,,,
,,185,3782.01,3782,0.01,2023-11-26 04:09:12.971114+00:00,Manjesh
SPCP/PO-24/00708,SYNO-PCP PUMPS PRIVATE LIMITED,,,,,,
,,185,3782.01,3782,0.01,2023-11-26 04:09:12.971114+00:00,Manjesh
2345987,EagleBurgmann India Pvt. Ltd.,,,,,,
,,12,2568.81,1673.23,895.58,2023-10-06 08:39:04.565324+00:00,Ranjeet
PP/23-24/12&13/128,Pilon Engineering Pvt. Ltd.,,,,,,
,,176,3897.78,177.94,3719.84,2023-12-04 06:12:25.296713+00:00,Manjesh
SCPL/PO/23-24/01086,SDTORK CONTROLS PVT LTD,,,,,,
,,185,3782.01,3782,0.01,2023-11-26 04:09:12.971114+00:00,Manjesh
,,186,3782.01,3782,0.01,2023-11-26 04:09:35.770673+00:00,Manjesh
EMAIL / 18.01.2024,RASHMI HEATERS PVT.LTD.,,,,,,
,,176,3897.78,177.94,3719.84,2023-12-04 06:12:25.296713+00:00,Manjesh
2346053,EagleBurgmann India Pvt. Ltd.,,,,,,
023D7153,INTERVALVE POONAWALA LTD,,,,,,
023D6809,INTERVALVE POONAWALA LTD,,,,,,
,,121,1129.17,193.44,935.73,2023-11-06 08:53:43.501757+00:00,Manjesh
,,122,3641.73,610.24,3031.49,2023-11-07 03:01:51.004357+00:00,Manjesh
,,122,3031.49,826.77,2204.72,2023-11-07 03:03:19.111574+00:00,Manjesh
023D7457,INTERVALVE POONAWALA LTD,,,,,,
,,122,4921.26,1279.53,3641.73,2023-11-06 08:51:46.880379+00:00,Lakhan
Z1DO/1100047443,ElectroMech Material Handling Systems (India) Pvt. Ltd.,,,,,,
,,130,1582.56,445.63,1136.93,2023-12-22 03:50:20.716523+00:00,Manjesh
4500735508,Kelvion India Private Limited,,,,,,
,,130,4843.76,1046.25,3797.51,2023-11-28 10:37:43.239074+00:00,Manjesh
EMAIL / 27.01.2024,Sonali Enterprises,,,,,,
,,168,2618.09,161.2,2456.89,2023-12-13 12:23:12.388176+00:00,Manjesh
REGPL/23-24/01491,Rahul Engineering Global Pvt Ltd.,,,,,,
,,168,3412.94,223.98,3188.96,2023-12-04 06:49:07.377597+00:00,Manjesh
POS2324/1316,M E Energy Private Limited,,,,,,
,,130,1582.56,445.63,1136.93,2023-12-22 03:50:20.716523+00:00,Manjesh
AE/23-24/2733,Autoshell,,,,,,
,,130,4843.76,1046.25,3797.51,2023-11-28 10:37:43.239074+00:00,Manjesh
AE/23-24/2734,Autoshell,,,,,,
,,130,4843.76,1046.25,3797.51,2023-11-28 10:37:43.239074+00:00,Manjesh
50045023207,Forbes Marshall P.Ltd (Chakan),,,,,,
,,186,3782.01,3782,0.01,2023-11-26 04:09:35.770673+00:00,Manjesh
,,130,4843.76,1046.25,3797.51,2023-11-28 10:37:43.239074+00:00,Manjesh
REGPL/23-24/01458,Rahul Engineering Global Pvt Ltd.,,,,,,
,,168,3412.94,223.98,3188.96,2023-12-04 06:49:07.377597+00:00,Manjesh
23PO0023,R S Industrial Solutions,,,,,,
3000001441,BAJEL PROJECTS LIMITED,,,,,,
,,176,2954.44,446.56,2507.88,2023-12-13 12:37:23.542992+00:00,Manjesh
,,52,2746.57,78.12,2668.45,2023-12-13 12:44:08.426865+00:00,Manjesh
,,240,3472.01,3472.01,0,2023-12-15 11:02:39.325431+00:00,Manjesh
,,305,4921.26,1299.21,3622.05,2023-12-16 03:38:07.196693+00:00,Manjesh
,,170,764.3,195.3,569,2023-12-26 02:44:38.971457+00:00,Manjesh
,,268,3484.25,3484.24,0.01,2023-12-27 06:51:55.761952+00:00,Manjesh
,,313,982.17,982.16,0.01,2023-12-27 06:52:48.584076+00:00,Manjesh
,,271,4921.26,4921.25,0.01,2023-12-27 06:54:26.147600+00:00,Manjesh
,,272,4921.26,4921.25,0.01,2023-12-27 06:55:00.624629+00:00,Manjesh
,,177,4921.26,413.39,4507.87,2023-12-27 06:57:51.514971+00:00,Manjesh
,,130,299.93,174.38,125.55,2023-12-27 06:59:02.584426+00:00,Manjesh
,,171,4921.26,4921.25,0.01,2023-12-27 11:12:04.403649+00:00,Manjesh
,,130,125.55,125.55,0,2023-12-27 12:07:22.084308+00:00,Manjesh
,,274,4921.26,472.44,4448.82,2023-12-27 12:07:46.968421+00:00,Manjesh
,,160,3389.7,1410.5,1979.2,2023-12-27 12:10:49.319957+00:00,Manjesh
,,257,2636.56,546.84,2089.72,2023-12-29 11:02:42.014634+00:00,Manjesh
,,274,4448.82,1692.91,2755.91,2023-12-29 11:31:52.937551+00:00,Manjesh
50045023383,Forbes Marshall P.Ltd (Chakan),,,,,,
,,186,3782.01,3782,0.01,2023-11-26 04:09:35.770673+00:00,Manjesh
,,313,4960.01,2718,2242.01,2023-12-18 08:31:46.405933+00:00,Manjesh
,,311,4960.01,4960,0.01,2023-12-18 08:34:25.320548+00:00,Manjesh
,,130,4843.76,1046.25,3797.51,2023-11-28 10:37:43.239074+00:00,Manjesh
EMAIL / 02.02.2024,Sonali Enterprises,,,,,,
,,168,2618.09,161.2,2456.89,2023-12-13 12:23:12.388176+00:00,Manjesh
50045023460,Forbes Marshall P.Ltd (Chakan),,,,,,
,,311,4960.01,4960,0.01,2023-12-18 08:34:25.320548+00:00,Manjesh
,,168,3412.94,223.98,3188.96,2023-12-04 06:49:07.377597+00:00,Manjesh
MEPL/23-24/4419,METAFOLD ENGG.PVT.LTD.,,,,,,
,,105,1141.73,1141.7,0.03,2023-11-18 06:49:05.140584+00:00,Manjesh
,,106,4921.26,4921.25,0.01,2023-11-18 07:11:32.614939+00:00,Lakhan
,,164,4921.26,2027.56,2893.7,2023-11-18 07:14:04.988550+00:00,Lakhan
asas232,HYT ENGINEERING COMPANY PVT LTD.,,,,,,
ewewds,Forbes Marshall P.Ltd (Chakan),,,,,,
