CREATE TABLE IF NOT EXISTS "auth_group" ("id" integer NOT NULL PRIMARY KEY AUTOINCREMENT, "name" varchar(150) NOT NULL UNIQUE);
CREATE UNIQUE INDEX "django_content_type_app_label_model_76bd3d3b_uniq" ON "django_content_type" ("app_label", "model");
CREATE UNIQUE INDEX "auth_group_permissions_group_id_permission_id_0cd325b0_uniq" ON "auth_group_permissions" ("group_id", "permission_id");
CREATE INDEX IF NOT EXISTS "auth_group_permissions_group_id_b120cbf9" ON "auth_group_permissions" ("group_id");
CREATE INDEX IF NOT EXISTS "auth_group_permissions_permission_id_84c5c92e" ON "auth_group_permissions" ("permission_id");
CREATE UNIQUE INDEX "auth_permission_content_type_id_codename_01ab375a_uniq" ON "auth_permission" ("content_type_id", "codename");
CREATE INDEX IF NOT EXISTS "auth_permission_content_type_id_2f476e4b" ON "auth_permission" ("content_type_id");
CREATE UNIQUE INDEX "users_user_groups_user_id_group_id_b88eab82_uniq" ON "users_user_groups" ("user_id", "group_id");
CREATE INDEX IF NOT EXISTS "users_user_groups_user_id_5f6f5a90" ON "users_user_groups" ("user_id");
CREATE INDEX IF NOT EXISTS "users_user_groups_group_id_9afc8d0e" ON "users_user_groups" ("group_id");
CREATE UNIQUE INDEX "users_user_user_permissions_user_id_permission_id_43338c45_uniq" ON "users_user_user_permissions" ("user_id", "permission_id");
CREATE INDEX IF NOT EXISTS "users_user_user_permissions_user_id_20aca447" ON "users_user_user_permissions" ("user_id");
CREATE INDEX IF NOT EXISTS "users_user_user_permissions_permission_id_0b93982e" ON "users_user_user_permissions" ("permission_id");
CREATE INDEX IF NOT EXISTS "django_admin_log_content_type_id_c4bce8eb" ON "django_admin_log" ("content_type_id");
CREATE INDEX IF NOT EXISTS "django_admin_log_user_id_c564eba6" ON "django_admin_log" ("user_id");
CREATE INDEX IF NOT EXISTS "django_session_expire_date_a5c62663" ON "django_session" ("expire_date");
CREATE INDEX IF NOT EXISTS "transactions_request_material_category_id_84a65bcb" ON "transactions_request_material" ("category_id");
CREATE INDEX IF NOT EXISTS "transactions_request_material_customer_name_id_595ce75f" ON "transactions_request_material" ("customer_name_id");
CREATE INDEX IF NOT EXISTS "transactions_request_material_size_id_0af0ed04" ON "transactions_request_material" ("size_id");
CREATE INDEX IF NOT EXISTS "transactions_stock_product_id_a5d05ba3" ON "transactions_stock" ("product_id");
CREATE INDEX IF NOT EXISTS "transactions_left_over_stock_product_id_496e6726" ON "transactions_left_over_stock" ("product_id");
CREATE INDEX IF NOT EXISTS "transactions_scratch_stock_product_id_fc013c5d" ON "transactions_scratch_stock" ("product_id");
CREATE INDEX IF NOT EXISTS "store_product_category_id_574bae65" ON "store_product" ("category_id");
CREATE INDEX IF NOT EXISTS "store_product_size_id_838e791c" ON "store_product" ("size_id");
CREATE INDEX IF NOT EXISTS "store_product_grade_id_e91b7efe" ON "store_product" ("grade_id");
CREATE INDEX IF NOT EXISTS "store_product_thickness_id_15f9ec05" ON "store_product" ("thickness_id");
CREATE INDEX IF NOT EXISTS "transactions_project_material_project_id_90779194" ON "transactions_project_material" ("project_id");
CREATE INDEX IF NOT EXISTS "transactions_project_material_product_id_ab5b686d" ON "transactions_project_material" ("product_id");
CREATE INDEX IF NOT EXISTS "store_product_qr_shelf_product_qr_id_856813f2" ON "store_product_qr_shelf" ("product_qr_id");
CREATE INDEX IF NOT EXISTS "store_product_qr_shelf_shelf_id_fae05d95" ON "store_product_qr_shelf" ("shelf_id");
CREATE INDEX IF NOT EXISTS "transactions_project_employee_name_id_7b0a05fb" ON "transactions_project" ("employee_name_id");
CREATE INDEX IF NOT EXISTS "transactions_project_customer_id_486874c1" ON "transactions_project" ("customer_id");
CREATE INDEX IF NOT EXISTS "transactions_material_history_previous_size_id_acf43c9f" ON "transactions_material_history" ("previous_size_id");
CREATE INDEX IF NOT EXISTS "transactions_material_history_used_size_id_5945fcdb" ON "transactions_material_history" ("used_size_id");
CREATE INDEX IF NOT EXISTS "transactions_material_history_left_size_id_c03bef36" ON "transactions_material_history" ("left_size_id");
CREATE INDEX IF NOT EXISTS "transactions_material_history_product_qr_id_84d50666" ON "transactions_material_history" ("product_qr_id");
CREATE INDEX IF NOT EXISTS "transactions_material_history_project_id_e3029f67" ON "transactions_material_history" ("project_id");
CREATE INDEX IF NOT EXISTS "transactions_project_matarial_qr_project_material_id_20ed3eaa" ON "transactions_project_matarial_qr" ("project_material_id");
CREATE INDEX IF NOT EXISTS "transactions_project_matarial_qr_product_qr_id_ab37a9e8" ON "transactions_project_matarial_qr" ("product_qr_id");
CREATE INDEX IF NOT EXISTS "transactions_project_matarial_qr_cutter_id_07e273ff" ON "transactions_project_matarial_qr" ("cutter_id");
CREATE INDEX IF NOT EXISTS "transactions_project_matarial_production_item_code_id_a555bfd9" ON "transactions_project_matarial_production" ("item_code_id");
CREATE INDEX IF NOT EXISTS "transactions_project_matarial_production_project_matarial_qr_id_1abd37c8" ON "transactions_project_matarial_production" ("project_matarial_qr_id");
CREATE INDEX IF NOT EXISTS "transactions_project_matarial_production_project_id_2cad15c4" ON "transactions_project_matarial_production" ("project_id");
CREATE INDEX IF NOT EXISTS "store_product_qr_product_id_19457833" ON "store_product_qr" ("product_id");
CREATE INDEX IF NOT EXISTS "store_product_qr_supplier_id_3be6e7c2" ON "store_product_qr" ("supplier_id");
CREATE TABLE IF NOT EXISTS "auth_group_permissions" ("id" integer NOT NULL PRIMARY KEY AUTOINCREMENT, "group_id" integer NOT NULL REFERENCES "auth_group" ("id") DEFERRABLE INITIALLY DEFERRED, "permission_id" integer NOT NULL REFERENCES "auth_permission" ("id") DEFERRABLE INITIALLY DEFERRED);
CREATE UNIQUE INDEX "django_content_type_app_label_model_76bd3d3b_uniq" ON "django_content_type" ("app_label", "model");
CREATE UNIQUE INDEX "auth_group_permissions_group_id_permission_id_0cd325b0_uniq" ON "auth_group_permissions" ("group_id", "permission_id");
CREATE INDEX IF NOT EXISTS "auth_group_permissions_group_id_b120cbf9" ON "auth_group_permissions" ("group_id");
CREATE INDEX IF NOT EXISTS "auth_group_permissions_permission_id_84c5c92e" ON "auth_group_permissions" ("permission_id");
CREATE UNIQUE INDEX "auth_permission_content_type_id_codename_01ab375a_uniq" ON "auth_permission" ("content_type_id", "codename");
CREATE INDEX IF NOT EXISTS "auth_permission_content_type_id_2f476e4b" ON "auth_permission" ("content_type_id");
CREATE UNIQUE INDEX "users_user_groups_user_id_group_id_b88eab82_uniq" ON "users_user_groups" ("user_id", "group_id");
CREATE INDEX IF NOT EXISTS "users_user_groups_user_id_5f6f5a90" ON "users_user_groups" ("user_id");
CREATE INDEX IF NOT EXISTS "users_user_groups_group_id_9afc8d0e" ON "users_user_groups" ("group_id");
CREATE UNIQUE INDEX "users_user_user_permissions_user_id_permission_id_43338c45_uniq" ON "users_user_user_permissions" ("user_id", "permission_id");
CREATE INDEX IF NOT EXISTS "users_user_user_permissions_user_id_20aca447" ON "users_user_user_permissions" ("user_id");
CREATE INDEX IF NOT EXISTS "users_user_user_permissions_permission_id_0b93982e" ON "users_user_user_permissions" ("permission_id");
CREATE INDEX IF NOT EXISTS "django_admin_log_content_type_id_c4bce8eb" ON "django_admin_log" ("content_type_id");
CREATE INDEX IF NOT EXISTS "django_admin_log_user_id_c564eba6" ON "django_admin_log" ("user_id");
CREATE INDEX IF NOT EXISTS "django_session_expire_date_a5c62663" ON "django_session" ("expire_date");
CREATE INDEX IF NOT EXISTS "transactions_request_material_category_id_84a65bcb" ON "transactions_request_material" ("category_id");
CREATE INDEX IF NOT EXISTS "transactions_request_material_customer_name_id_595ce75f" ON "transactions_request_material" ("customer_name_id");
CREATE INDEX IF NOT EXISTS "transactions_request_material_size_id_0af0ed04" ON "transactions_request_material" ("size_id");
CREATE INDEX IF NOT EXISTS "transactions_stock_product_id_a5d05ba3" ON "transactions_stock" ("product_id");
CREATE INDEX IF NOT EXISTS "transactions_left_over_stock_product_id_496e6726" ON "transactions_left_over_stock" ("product_id");
CREATE INDEX IF NOT EXISTS "transactions_scratch_stock_product_id_fc013c5d" ON "transactions_scratch_stock" ("product_id");
CREATE INDEX IF NOT EXISTS "store_product_category_id_574bae65" ON "store_product" ("category_id");
CREATE INDEX IF NOT EXISTS "store_product_size_id_838e791c" ON "store_product" ("size_id");
CREATE INDEX IF NOT EXISTS "store_product_grade_id_e91b7efe" ON "store_product" ("grade_id");
CREATE INDEX IF NOT EXISTS "store_product_thickness_id_15f9ec05" ON "store_product" ("thickness_id");
CREATE INDEX IF NOT EXISTS "transactions_project_material_project_id_90779194" ON "transactions_project_material" ("project_id");
CREATE INDEX IF NOT EXISTS "transactions_project_material_product_id_ab5b686d" ON "transactions_project_material" ("product_id");
CREATE INDEX IF NOT EXISTS "store_product_qr_shelf_product_qr_id_856813f2" ON "store_product_qr_shelf" ("product_qr_id");
CREATE INDEX IF NOT EXISTS "store_product_qr_shelf_shelf_id_fae05d95" ON "store_product_qr_shelf" ("shelf_id");
CREATE INDEX IF NOT EXISTS "transactions_project_employee_name_id_7b0a05fb" ON "transactions_project" ("employee_name_id");
CREATE INDEX IF NOT EXISTS "transactions_project_customer_id_486874c1" ON "transactions_project" ("customer_id");
CREATE INDEX IF NOT EXISTS "transactions_material_history_previous_size_id_acf43c9f" ON "transactions_material_history" ("previous_size_id");
CREATE INDEX IF NOT EXISTS "transactions_material_history_used_size_id_5945fcdb" ON "transactions_material_history" ("used_size_id");
CREATE INDEX IF NOT EXISTS "transactions_material_history_left_size_id_c03bef36" ON "transactions_material_history" ("left_size_id");
CREATE INDEX IF NOT EXISTS "transactions_material_history_product_qr_id_84d50666" ON "transactions_material_history" ("product_qr_id");
CREATE INDEX IF NOT EXISTS "transactions_material_history_project_id_e3029f67" ON "transactions_material_history" ("project_id");
CREATE INDEX IF NOT EXISTS "transactions_project_matarial_qr_project_material_id_20ed3eaa" ON "transactions_project_matarial_qr" ("project_material_id");
CREATE INDEX IF NOT EXISTS "transactions_project_matarial_qr_product_qr_id_ab37a9e8" ON "transactions_project_matarial_qr" ("product_qr_id");
CREATE INDEX IF NOT EXISTS "transactions_project_matarial_qr_cutter_id_07e273ff" ON "transactions_project_matarial_qr" ("cutter_id");
CREATE INDEX IF NOT EXISTS "transactions_project_matarial_production_item_code_id_a555bfd9" ON "transactions_project_matarial_production" ("item_code_id");
CREATE INDEX IF NOT EXISTS "transactions_project_matarial_production_project_matarial_qr_id_1abd37c8" ON "transactions_project_matarial_production" ("project_matarial_qr_id");
CREATE INDEX IF NOT EXISTS "transactions_project_matarial_production_project_id_2cad15c4" ON "transactions_project_matarial_production" ("project_id");
CREATE INDEX IF NOT EXISTS "store_product_qr_product_id_19457833" ON "store_product_qr" ("product_id");
CREATE INDEX IF NOT EXISTS "store_product_qr_supplier_id_3be6e7c2" ON "store_product_qr" ("supplier_id");
CREATE TABLE IF NOT EXISTS "auth_permission" ("id" integer NOT NULL PRIMARY KEY AUTOINCREMENT, "content_type_id" integer NOT NULL REFERENCES "django_content_type" ("id") DEFERRABLE INITIALLY DEFERRED, "codename" varchar(100) NOT NULL, "name" varchar(255) NOT NULL);
INSERT INTO "auth_permission" VALUES(1,1,'add_logentry','Can add log entry');
INSERT INTO "auth_permission" VALUES(2,1,'change_logentry','Can change log entry');
INSERT INTO "auth_permission" VALUES(3,1,'delete_logentry','Can delete log entry');
INSERT INTO "auth_permission" VALUES(4,1,'view_logentry','Can view log entry');
INSERT INTO "auth_permission" VALUES(5,2,'add_permission','Can add permission');
INSERT INTO "auth_permission" VALUES(6,2,'change_permission','Can change permission');
INSERT INTO "auth_permission" VALUES(7,2,'delete_permission','Can delete permission');
INSERT INTO "auth_permission" VALUES(8,2,'view_permission','Can view permission');
INSERT INTO "auth_permission" VALUES(9,3,'add_group','Can add group');
INSERT INTO "auth_permission" VALUES(10,3,'change_group','Can change group');
INSERT INTO "auth_permission" VALUES(11,3,'delete_group','Can delete group');
INSERT INTO "auth_permission" VALUES(12,3,'view_group','Can view group');
INSERT INTO "auth_permission" VALUES(13,4,'add_contenttype','Can add content type');
INSERT INTO "auth_permission" VALUES(14,4,'change_contenttype','Can change content type');
INSERT INTO "auth_permission" VALUES(15,4,'delete_contenttype','Can delete content type');
INSERT INTO "auth_permission" VALUES(16,4,'view_contenttype','Can view content type');
INSERT INTO "auth_permission" VALUES(17,5,'add_session','Can add session');
INSERT INTO "auth_permission" VALUES(18,5,'change_session','Can change session');
INSERT INTO "auth_permission" VALUES(19,5,'delete_session','Can delete session');
INSERT INTO "auth_permission" VALUES(20,5,'view_session','Can view session');
INSERT INTO "auth_permission" VALUES(21,6,'add_category','Can add category');
INSERT INTO "auth_permission" VALUES(22,6,'change_category','Can change category');
INSERT INTO "auth_permission" VALUES(23,6,'delete_category','Can delete category');
INSERT INTO "auth_permission" VALUES(24,6,'view_category','Can view category');
INSERT INTO "auth_permission" VALUES(25,7,'add_customer','Can add customer');
INSERT INTO "auth_permission" VALUES(26,7,'change_customer','Can change customer');
INSERT INTO "auth_permission" VALUES(27,7,'delete_customer','Can delete customer');
INSERT INTO "auth_permission" VALUES(28,7,'view_customer','Can view customer');
INSERT INTO "auth_permission" VALUES(29,8,'add_dealer','Can add dealer');
INSERT INTO "auth_permission" VALUES(30,8,'change_dealer','Can change dealer');
INSERT INTO "auth_permission" VALUES(31,8,'delete_dealer','Can delete dealer');
INSERT INTO "auth_permission" VALUES(32,8,'view_dealer','Can view dealer');
INSERT INTO "auth_permission" VALUES(33,9,'add_godown','Can add godown');
INSERT INTO "auth_permission" VALUES(34,9,'change_godown','Can change godown');
INSERT INTO "auth_permission" VALUES(35,9,'delete_godown','Can delete godown');
INSERT INTO "auth_permission" VALUES(36,9,'view_godown','Can view godown');
INSERT INTO "auth_permission" VALUES(37,10,'add_grade','Can add grade');
INSERT INTO "auth_permission" VALUES(38,10,'change_grade','Can change grade');
INSERT INTO "auth_permission" VALUES(39,10,'delete_grade','Can delete grade');
INSERT INTO "auth_permission" VALUES(40,10,'view_grade','Can view grade');
INSERT INTO "auth_permission" VALUES(41,11,'add_thickness','Can add thickness');
INSERT INTO "auth_permission" VALUES(42,11,'change_thickness','Can change thickness');
INSERT INTO "auth_permission" VALUES(43,11,'delete_thickness','Can delete thickness');
INSERT INTO "auth_permission" VALUES(44,11,'view_thickness','Can view thickness');
INSERT INTO "auth_permission" VALUES(45,12,'add_size','Can add size');
INSERT INTO "auth_permission" VALUES(46,12,'change_size','Can change size');
INSERT INTO "auth_permission" VALUES(47,12,'delete_size','Can delete size');
INSERT INTO "auth_permission" VALUES(48,12,'view_size','Can view size');
INSERT INTO "auth_permission" VALUES(49,13,'add_product','Can add product');
INSERT INTO "auth_permission" VALUES(50,13,'change_product','Can change product');
INSERT INTO "auth_permission" VALUES(51,13,'delete_product','Can delete product');
INSERT INTO "auth_permission" VALUES(52,13,'view_product','Can view product');
INSERT INTO "auth_permission" VALUES(53,14,'add_product_qr','Can add product_qr');
INSERT INTO "auth_permission" VALUES(54,14,'change_product_qr','Can change product_qr');
INSERT INTO "auth_permission" VALUES(55,14,'delete_product_qr','Can delete product_qr');
INSERT INTO "auth_permission" VALUES(56,14,'view_product_qr','Can view product_qr');
INSERT INTO "auth_permission" VALUES(57,15,'add_employee','Can add employee');
INSERT INTO "auth_permission" VALUES(58,15,'change_employee','Can change employee');
INSERT INTO "auth_permission" VALUES(59,15,'delete_employee','Can delete employee');
INSERT INTO "auth_permission" VALUES(60,15,'view_employee','Can view employee');
INSERT INTO "auth_permission" VALUES(61,16,'add_item_code','Can add item_code');
INSERT INTO "auth_permission" VALUES(62,16,'change_item_code','Can change item_code');
INSERT INTO "auth_permission" VALUES(63,16,'delete_item_code','Can delete item_code');
INSERT INTO "auth_permission" VALUES(64,16,'view_item_code','Can view item_code');
INSERT INTO "auth_permission" VALUES(65,17,'add_cutter','Can add cutter');
INSERT INTO "auth_permission" VALUES(66,17,'change_cutter','Can change cutter');
INSERT INTO "auth_permission" VALUES(67,17,'delete_cutter','Can delete cutter');
INSERT INTO "auth_permission" VALUES(68,17,'view_cutter','Can view cutter');
INSERT INTO "auth_permission" VALUES(69,18,'add_user','Can add user');
INSERT INTO "auth_permission" VALUES(70,18,'change_user','Can change user');
INSERT INTO "auth_permission" VALUES(71,18,'delete_user','Can delete user');
INSERT INTO "auth_permission" VALUES(72,18,'view_user','Can view user');
INSERT INTO "auth_permission" VALUES(73,19,'add_stock','Can add stock');
INSERT INTO "auth_permission" VALUES(74,19,'change_stock','Can change stock');
INSERT INTO "auth_permission" VALUES(75,19,'delete_stock','Can delete stock');
INSERT INTO "auth_permission" VALUES(76,19,'view_stock','Can view stock');
INSERT INTO "auth_permission" VALUES(77,20,'add_request_material','Can add request_material');
INSERT INTO "auth_permission" VALUES(78,20,'change_request_material','Can change request_material');
INSERT INTO "auth_permission" VALUES(79,20,'delete_request_material','Can delete request_material');
INSERT INTO "auth_permission" VALUES(80,20,'view_request_material','Can view request_material');
INSERT INTO "auth_permission" VALUES(81,21,'add_project','Can add project');
INSERT INTO "auth_permission" VALUES(82,21,'change_project','Can change project');
INSERT INTO "auth_permission" VALUES(83,21,'delete_project','Can delete project');
INSERT INTO "auth_permission" VALUES(84,21,'view_project','Can view project');
INSERT INTO "auth_permission" VALUES(85,22,'add_project_material','Can add project_material');
INSERT INTO "auth_permission" VALUES(86,22,'change_project_material','Can change project_material');
INSERT INTO "auth_permission" VALUES(87,22,'delete_project_material','Can delete project_material');
INSERT INTO "auth_permission" VALUES(88,22,'view_project_material','Can view project_material');
INSERT INTO "auth_permission" VALUES(89,23,'add_project_matarial_qr','Can add project_matarial_qr');
INSERT INTO "auth_permission" VALUES(90,23,'change_project_matarial_qr','Can change project_matarial_qr');
INSERT INTO "auth_permission" VALUES(91,23,'delete_project_matarial_qr','Can delete project_matarial_qr');
INSERT INTO "auth_permission" VALUES(92,23,'view_project_matarial_qr','Can view project_matarial_qr');
INSERT INTO "auth_permission" VALUES(93,24,'add_material_history','Can add material_history');
INSERT INTO "auth_permission" VALUES(94,24,'change_material_history','Can change material_history');
INSERT INTO "auth_permission" VALUES(95,24,'delete_material_history','Can delete material_history');
INSERT INTO "auth_permission" VALUES(96,24,'view_material_history','Can view material_history');
INSERT INTO "auth_permission" VALUES(97,25,'add_left_over_stock','Can add left_over_stock');
INSERT INTO "auth_permission" VALUES(98,25,'change_left_over_stock','Can change left_over_stock');
INSERT INTO "auth_permission" VALUES(99,25,'delete_left_over_stock','Can delete left_over_stock');
INSERT INTO "auth_permission" VALUES(100,25,'view_left_over_stock','Can view left_over_stock');
INSERT INTO "auth_permission" VALUES(101,26,'add_scratch_stock','Can add scratch_stock');
INSERT INTO "auth_permission" VALUES(102,26,'change_scratch_stock','Can change scratch_stock');
INSERT INTO "auth_permission" VALUES(103,26,'delete_scratch_stock','Can delete scratch_stock');
INSERT INTO "auth_permission" VALUES(104,26,'view_scratch_stock','Can view scratch_stock');
INSERT INTO "auth_permission" VALUES(105,27,'add_project_matarial_production','Can add project_matarial_production');
INSERT INTO "auth_permission" VALUES(106,27,'change_project_matarial_production','Can change project_matarial_production');
INSERT INTO "auth_permission" VALUES(107,27,'delete_project_matarial_production','Can delete project_matarial_production');
INSERT INTO "auth_permission" VALUES(108,27,'view_project_matarial_production','Can view project_matarial_production');
INSERT INTO "auth_permission" VALUES(109,28,'add_alert','Can add alert');
INSERT INTO "auth_permission" VALUES(110,28,'change_alert','Can change alert');
INSERT INTO "auth_permission" VALUES(111,28,'delete_alert','Can delete alert');
INSERT INTO "auth_permission" VALUES(112,28,'view_alert','Can view alert');
INSERT INTO "auth_permission" VALUES(113,29,'add_product_qr_shelf','Can add product_qr_shelf');
INSERT INTO "auth_permission" VALUES(114,29,'change_product_qr_shelf','Can change product_qr_shelf');
INSERT INTO "auth_permission" VALUES(115,29,'delete_product_qr_shelf','Can delete product_qr_shelf');
INSERT INTO "auth_permission" VALUES(116,29,'view_product_qr_shelf','Can view product_qr_shelf');
INSERT INTO "auth_permission" VALUES(117,30,'add_shelf','Can add shelf');
INSERT INTO "auth_permission" VALUES(118,30,'change_shelf','Can change shelf');
INSERT INTO "auth_permission" VALUES(119,30,'delete_shelf','Can delete shelf');
INSERT INTO "auth_permission" VALUES(120,30,'view_shelf','Can view shelf');
CREATE UNIQUE INDEX "django_content_type_app_label_model_76bd3d3b_uniq" ON "django_content_type" ("app_label", "model");
CREATE UNIQUE INDEX "auth_group_permissions_group_id_permission_id_0cd325b0_uniq" ON "auth_group_permissions" ("group_id", "permission_id");
CREATE INDEX IF NOT EXISTS "auth_group_permissions_group_id_b120cbf9" ON "auth_group_permissions" ("group_id");
CREATE INDEX IF NOT EXISTS "auth_group_permissions_permission_id_84c5c92e" ON "auth_group_permissions" ("permission_id");
CREATE UNIQUE INDEX "auth_permission_content_type_id_codename_01ab375a_uniq" ON "auth_permission" ("content_type_id", "codename");
CREATE INDEX IF NOT EXISTS "auth_permission_content_type_id_2f476e4b" ON "auth_permission" ("content_type_id");
CREATE UNIQUE INDEX "users_user_groups_user_id_group_id_b88eab82_uniq" ON "users_user_groups" ("user_id", "group_id");
CREATE INDEX IF NOT EXISTS "users_user_groups_user_id_5f6f5a90" ON "users_user_groups" ("user_id");
CREATE INDEX IF NOT EXISTS "users_user_groups_group_id_9afc8d0e" ON "users_user_groups" ("group_id");
CREATE UNIQUE INDEX "users_user_user_permissions_user_id_permission_id_43338c45_uniq" ON "users_user_user_permissions" ("user_id", "permission_id");
CREATE INDEX IF NOT EXISTS "users_user_user_permissions_user_id_20aca447" ON "users_user_user_permissions" ("user_id");
CREATE INDEX IF NOT EXISTS "users_user_user_permissions_permission_id_0b93982e" ON "users_user_user_permissions" ("permission_id");
CREATE INDEX IF NOT EXISTS "django_admin_log_content_type_id_c4bce8eb" ON "django_admin_log" ("content_type_id");
CREATE INDEX IF NOT EXISTS "django_admin_log_user_id_c564eba6" ON "django_admin_log" ("user_id");
CREATE INDEX IF NOT EXISTS "django_session_expire_date_a5c62663" ON "django_session" ("expire_date");
CREATE INDEX IF NOT EXISTS "transactions_request_material_category_id_84a65bcb" ON "transactions_request_material" ("category_id");
CREATE INDEX IF NOT EXISTS "transactions_request_material_customer_name_id_595ce75f" ON "transactions_request_material" ("customer_name_id");
CREATE INDEX IF NOT EXISTS "transactions_request_material_size_id_0af0ed04" ON "transactions_request_material" ("size_id");
CREATE INDEX IF NOT EXISTS "transactions_stock_product_id_a5d05ba3" ON "transactions_stock" ("product_id");
CREATE INDEX IF NOT EXISTS "transactions_left_over_stock_product_id_496e6726" ON "transactions_left_over_stock" ("product_id");
CREATE INDEX IF NOT EXISTS "transactions_scratch_stock_product_id_fc013c5d" ON "transactions_scratch_stock" ("product_id");
CREATE INDEX IF NOT EXISTS "store_product_category_id_574bae65" ON "store_product" ("category_id");
CREATE INDEX IF NOT EXISTS "store_product_size_id_838e791c" ON "store_product" ("size_id");
CREATE INDEX IF NOT EXISTS "store_product_grade_id_e91b7efe" ON "store_product" ("grade_id");
CREATE INDEX IF NOT EXISTS "store_product_thickness_id_15f9ec05" ON "store_product" ("thickness_id");
CREATE INDEX IF NOT EXISTS "transactions_project_material_project_id_90779194" ON "transactions_project_material" ("project_id");
CREATE INDEX IF NOT EXISTS "transactions_project_material_product_id_ab5b686d" ON "transactions_project_material" ("product_id");
CREATE INDEX IF NOT EXISTS "store_product_qr_shelf_product_qr_id_856813f2" ON "store_product_qr_shelf" ("product_qr_id");
CREATE INDEX IF NOT EXISTS "store_product_qr_shelf_shelf_id_fae05d95" ON "store_product_qr_shelf" ("shelf_id");
CREATE INDEX IF NOT EXISTS "transactions_project_employee_name_id_7b0a05fb" ON "transactions_project" ("employee_name_id");
CREATE INDEX IF NOT EXISTS "transactions_project_customer_id_486874c1" ON "transactions_project" ("customer_id");
CREATE INDEX IF NOT EXISTS "transactions_material_history_previous_size_id_acf43c9f" ON "transactions_material_history" ("previous_size_id");
CREATE INDEX IF NOT EXISTS "transactions_material_history_used_size_id_5945fcdb" ON "transactions_material_history" ("used_size_id");
CREATE INDEX IF NOT EXISTS "transactions_material_history_left_size_id_c03bef36" ON "transactions_material_history" ("left_size_id");
CREATE INDEX IF NOT EXISTS "transactions_material_history_product_qr_id_84d50666" ON "transactions_material_history" ("product_qr_id");
CREATE INDEX IF NOT EXISTS "transactions_material_history_project_id_e3029f67" ON "transactions_material_history" ("project_id");
CREATE INDEX IF NOT EXISTS "transactions_project_matarial_qr_project_material_id_20ed3eaa" ON "transactions_project_matarial_qr" ("project_material_id");
CREATE INDEX IF NOT EXISTS "transactions_project_matarial_qr_product_qr_id_ab37a9e8" ON "transactions_project_matarial_qr" ("product_qr_id");
CREATE INDEX IF NOT EXISTS "transactions_project_matarial_qr_cutter_id_07e273ff" ON "transactions_project_matarial_qr" ("cutter_id");
CREATE INDEX IF NOT EXISTS "transactions_project_matarial_production_item_code_id_a555bfd9" ON "transactions_project_matarial_production" ("item_code_id");
CREATE INDEX IF NOT EXISTS "transactions_project_matarial_production_project_matarial_qr_id_1abd37c8" ON "transactions_project_matarial_production" ("project_matarial_qr_id");
CREATE INDEX IF NOT EXISTS "transactions_project_matarial_production_project_id_2cad15c4" ON "transactions_project_matarial_production" ("project_id");
CREATE INDEX IF NOT EXISTS "store_product_qr_product_id_19457833" ON "store_product_qr" ("product_id");
CREATE INDEX IF NOT EXISTS "store_product_qr_supplier_id_3be6e7c2" ON "store_product_qr" ("supplier_id");
CREATE TABLE IF NOT EXISTS "django_admin_log" ("id" integer NOT NULL PRIMARY KEY AUTOINCREMENT, "action_time" datetime NOT NULL, "object_id" text NULL, "object_repr" varchar(200) NOT NULL, "change_message" text NOT NULL, "content_type_id" integer NULL REFERENCES "django_content_type" ("id") DEFERRABLE INITIALLY DEFERRED, "user_id" integer NOT NULL REFERENCES "users_user" ("id") DEFERRABLE INITIALLY DEFERRED, "action_flag" smallint unsigned NOT NULL CHECK ("action_flag" >= 0));
INSERT INTO "django_admin_log" VALUES(1,'2023-09-09 10:09:42.033678','3','material_history object (3)','',24,1,3);
INSERT INTO "django_admin_log" VALUES(2,'2023-09-09 10:09:42.057474','2','material_history object (2)','',24,1,3);
INSERT INTO "django_admin_log" VALUES(3,'2023-09-09 10:09:42.300428','1','material_history object (1)','',24,1,3);
INSERT INTO "django_admin_log" VALUES(4,'2023-09-09 10:31:48.449133','13','product_qr object (13)','',14,1,3);
INSERT INTO "django_admin_log" VALUES(5,'2023-09-09 10:31:48.659696','12','product_qr object (12)','',14,1,3);
INSERT INTO "django_admin_log" VALUES(6,'2023-09-09 10:31:48.897651','11','product_qr object (11)','',14,1,3);
INSERT INTO "django_admin_log" VALUES(7,'2023-09-09 10:31:48.916455','10','product_qr object (10)','',14,1,3);
INSERT INTO "django_admin_log" VALUES(8,'2023-09-09 10:31:49.117614','9','product_qr object (9)','',14,1,3);
INSERT INTO "django_admin_log" VALUES(9,'2023-09-09 10:31:49.142096','8','product_qr object (8)','',14,1,3);
INSERT INTO "django_admin_log" VALUES(10,'2023-09-09 10:31:49.404492','7','product_qr object (7)','',14,1,3);
INSERT INTO "django_admin_log" VALUES(11,'2023-09-09 10:31:49.659119','6','product_qr object (6)','',14,1,3);
INSERT INTO "django_admin_log" VALUES(12,'2023-09-09 10:31:49.680507','5','product_qr object (5)','',14,1,3);
INSERT INTO "django_admin_log" VALUES(13,'2023-09-09 10:31:49.921188','4','product_qr object (4)','',14,1,3);
INSERT INTO "django_admin_log" VALUES(14,'2023-09-09 10:31:49.944245','3','product_qr object (3)','',14,1,3);
INSERT INTO "django_admin_log" VALUES(15,'2023-09-09 10:31:50.343880','2','product_qr object (2)','',14,1,3);
INSERT INTO "django_admin_log" VALUES(16,'2023-09-09 10:31:50.509934','1','product_qr object (1)','',14,1,3);
INSERT INTO "django_admin_log" VALUES(17,'2023-09-11 20:15:38.317815','2','designer','[{"added": {}}]',18,1,1);
INSERT INTO "django_admin_log" VALUES(18,'2023-09-12 08:48:14.824741','22','product_qr object (22)','',14,1,3);
INSERT INTO "django_admin_log" VALUES(19,'2023-09-12 08:48:15.657523','21','product_qr object (21)','',14,1,3);
INSERT INTO "django_admin_log" VALUES(20,'2023-09-12 08:48:15.680863','20','product_qr object (20)','',14,1,3);
INSERT INTO "django_admin_log" VALUES(21,'2023-09-12 08:48:15.702139','19','product_qr object (19)','',14,1,3);
INSERT INTO "django_admin_log" VALUES(22,'2023-09-12 08:48:15.727118','18','product_qr object (18)','',14,1,3);
INSERT INTO "django_admin_log" VALUES(23,'2023-09-12 08:48:15.749425','17','product_qr object (17)','',14,1,3);
INSERT INTO "django_admin_log" VALUES(24,'2023-09-12 08:48:15.781246','16','product_qr object (16)','',14,1,3);
INSERT INTO "django_admin_log" VALUES(25,'2023-09-12 08:48:15.803255','15','product_qr object (15)','',14,1,3);
INSERT INTO "django_admin_log" VALUES(26,'2023-09-12 08:48:15.828120','14','product_qr object (14)','',14,1,3);
INSERT INTO "django_admin_log" VALUES(27,'2023-09-12 08:48:21.104356','6','xcxcxc','',21,1,3);
INSERT INTO "django_admin_log" VALUES(28,'2023-09-12 08:48:21.340383','5','dvdv','',21,1,3);
INSERT INTO "django_admin_log" VALUES(29,'2023-09-12 08:48:21.557375','4','dvdv','',21,1,3);
INSERT INTO "django_admin_log" VALUES(30,'2023-09-12 08:48:21.578314','3','asas','',21,1,3);
INSERT INTO "django_admin_log" VALUES(31,'2023-09-12 08:48:21.601588','2','NGUF 167, 197, 180, 205','',21,1,3);
INSERT INTO "django_admin_log" VALUES(32,'2023-09-12 08:48:21.624071','1','abc','',21,1,3);
INSERT INTO "django_admin_log" VALUES(33,'2023-09-12 08:49:58.124581','5','stock object (5)','',19,1,3);
INSERT INTO "django_admin_log" VALUES(34,'2023-09-12 08:49:58.343175','4','stock object (4)','',19,1,3);
INSERT INTO "django_admin_log" VALUES(35,'2023-09-12 08:49:58.573152','3','stock object (3)','',19,1,3);
INSERT INTO "django_admin_log" VALUES(36,'2023-09-12 08:49:58.806402','2','stock object (2)','',19,1,3);
INSERT INTO "django_admin_log" VALUES(37,'2023-09-12 08:49:59.167054','1','stock object (1)','',19,1,3);
INSERT INTO "django_admin_log" VALUES(38,'2023-09-12 08:50:09.073599','1','left_over_stock object (1)','',25,1,3);
INSERT INTO "django_admin_log" VALUES(39,'2023-09-12 09:51:21.263747','11','left_over_stock object (11)','',25,1,3);
INSERT INTO "django_admin_log" VALUES(40,'2023-09-12 09:51:21.274107','10','left_over_stock object (10)','',25,1,3);
INSERT INTO "django_admin_log" VALUES(41,'2023-09-12 09:51:21.283101','9','left_over_stock object (9)','',25,1,3);
INSERT INTO "django_admin_log" VALUES(42,'2023-09-12 09:51:21.290625','8','left_over_stock object (8)','',25,1,3);
INSERT INTO "django_admin_log" VALUES(43,'2023-09-12 09:51:21.298693','7','left_over_stock object (7)','',25,1,3);
INSERT INTO "django_admin_log" VALUES(44,'2023-09-12 09:51:21.305694','6','left_over_stock object (6)','',25,1,3);
INSERT INTO "django_admin_log" VALUES(45,'2023-09-12 09:51:21.311840','5','left_over_stock object (5)','',25,1,3);
INSERT INTO "django_admin_log" VALUES(46,'2023-09-12 09:51:21.415430','4','left_over_stock object (4)','',25,1,3);
INSERT INTO "django_admin_log" VALUES(47,'2023-09-12 09:51:21.423237','3','left_over_stock object (3)','',25,1,3);
INSERT INTO "django_admin_log" VALUES(48,'2023-09-12 09:51:21.431272','2','left_over_stock object (2)','',25,1,3);
INSERT INTO "django_admin_log" VALUES(49,'2023-09-12 09:52:00.196681','22','material_history object (22)','',24,1,3);
INSERT INTO "django_admin_log" VALUES(50,'2023-09-12 09:52:00.207227','21','material_history object (21)','',24,1,3);
INSERT INTO "django_admin_log" VALUES(51,'2023-09-12 09:52:00.217190','20','material_history object (20)','',24,1,3);
INSERT INTO "django_admin_log" VALUES(52,'2023-09-12 09:52:00.226268','19','material_history object (19)','',24,1,3);
INSERT INTO "django_admin_log" VALUES(53,'2023-09-12 09:52:00.234308','18','material_history object (18)','',24,1,3);
INSERT INTO "django_admin_log" VALUES(54,'2023-09-12 09:52:00.242299','17','material_history object (17)','',24,1,3);
INSERT INTO "django_admin_log" VALUES(55,'2023-09-12 09:52:00.250302','16','material_history object (16)','',24,1,3);
INSERT INTO "django_admin_log" VALUES(56,'2023-09-12 09:52:00.260905','15','material_history object (15)','',24,1,3);
INSERT INTO "django_admin_log" VALUES(57,'2023-09-12 09:52:00.268637','14','material_history object (14)','',24,1,3);
INSERT INTO "django_admin_log" VALUES(58,'2023-09-12 09:52:00.276905','13','material_history object (13)','',24,1,3);
INSERT INTO "django_admin_log" VALUES(59,'2023-09-12 09:52:00.285114','12','material_history object (12)','',24,1,3);
INSERT INTO "django_admin_log" VALUES(60,'2023-09-12 09:52:00.293616','11','material_history object (11)','',24,1,3);
INSERT INTO "django_admin_log" VALUES(61,'2023-09-12 09:52:00.302515','10','material_history object (10)','',24,1,3);
INSERT INTO "django_admin_log" VALUES(62,'2023-09-12 09:52:00.309986','9','material_history object (9)','',24,1,3);
INSERT INTO "django_admin_log" VALUES(63,'2023-09-12 09:52:00.319214','8','material_history object (8)','',24,1,3);
INSERT INTO "django_admin_log" VALUES(64,'2023-09-12 09:52:00.329097','7','material_history object (7)','',24,1,3);
INSERT INTO "django_admin_log" VALUES(65,'2023-09-12 09:52:00.337949','6','material_history object (6)','',24,1,3);
INSERT INTO "django_admin_log" VALUES(66,'2023-09-12 09:52:00.346242','5','material_history object (5)','',24,1,3);
INSERT INTO "django_admin_log" VALUES(67,'2023-09-12 18:56:33.720037','12','left_over_stock object (12)','',25,1,3);
INSERT INTO "django_admin_log" VALUES(68,'2023-09-12 18:56:48.183337','6','Stainless Steel','',23,1,3);
INSERT INTO "django_admin_log" VALUES(69,'2023-09-12 18:57:36.365577','7','Aluminium','[{"changed": {"fields": ["Product qr"]}}]',23,1,2);
INSERT INTO "django_admin_log" VALUES(70,'2023-09-12 18:59:46.901453','8','Aluminium','[{"changed": {"fields": ["Product qr"]}}]',23,1,2);
INSERT INTO "django_admin_log" VALUES(71,'2023-09-12 19:02:18.297656','30','product object (30)','',13,1,3);
INSERT INTO "django_admin_log" VALUES(72,'2023-09-12 19:02:18.309072','29','product object (29)','',13,1,3);
INSERT INTO "django_admin_log" VALUES(73,'2023-09-12 19:02:18.320314','28','product object (28)','',13,1,3);
INSERT INTO "django_admin_log" VALUES(74,'2023-09-12 19:02:18.332768','27','product object (27)','',13,1,3);
INSERT INTO "django_admin_log" VALUES(75,'2023-09-12 19:02:18.344200','26','product object (26)','',13,1,3);
INSERT INTO "django_admin_log" VALUES(76,'2023-09-12 19:02:18.355582','25','product object (25)','',13,1,3);
INSERT INTO "django_admin_log" VALUES(77,'2023-09-12 19:02:18.367552','24','product object (24)','',13,1,3);
INSERT INTO "django_admin_log" VALUES(78,'2023-09-12 19:02:18.379521','23','product object (23)','',13,1,3);
INSERT INTO "django_admin_log" VALUES(79,'2023-09-12 19:02:18.393227','22','product object (22)','',13,1,3);
INSERT INTO "django_admin_log" VALUES(80,'2023-09-12 19:02:18.407362','21','product object (21)','',13,1,3);
INSERT INTO "django_admin_log" VALUES(81,'2023-09-12 19:02:18.424870','20','product object (20)','',13,1,3);
INSERT INTO "django_admin_log" VALUES(82,'2023-09-12 19:02:18.440370','19','product object (19)','',13,1,3);
INSERT INTO "django_admin_log" VALUES(83,'2023-09-12 19:02:18.455999','18','product object (18)','',13,1,3);
INSERT INTO "django_admin_log" VALUES(84,'2023-09-12 19:02:18.472251','17','product object (17)','',13,1,3);
INSERT INTO "django_admin_log" VALUES(85,'2023-09-12 19:02:18.488971','16','product object (16)','',13,1,3);
INSERT INTO "django_admin_log" VALUES(86,'2023-09-12 19:02:18.504290','15','product object (15)','',13,1,3);
INSERT INTO "django_admin_log" VALUES(87,'2023-09-12 19:02:18.520467','14','product object (14)','',13,1,3);
INSERT INTO "django_admin_log" VALUES(88,'2023-09-12 19:02:18.537971','13','product object (13)','',13,1,3);
INSERT INTO "django_admin_log" VALUES(89,'2023-09-12 19:02:18.556220','12','product object (12)','',13,1,3);
INSERT INTO "django_admin_log" VALUES(90,'2023-09-12 19:02:18.570639','11','product object (11)','',13,1,3);
INSERT INTO "django_admin_log" VALUES(91,'2023-09-12 19:02:18.586403','10','product object (10)','',13,1,3);
INSERT INTO "django_admin_log" VALUES(92,'2023-09-12 19:02:18.604144','9','product object (9)','',13,1,3);
INSERT INTO "django_admin_log" VALUES(93,'2023-09-12 19:02:18.619295','8','product object (8)','',13,1,3);
INSERT INTO "django_admin_log" VALUES(94,'2023-09-12 19:02:18.636518','7','product object (7)','',13,1,3);
INSERT INTO "django_admin_log" VALUES(95,'2023-09-12 19:02:18.652684','6','product object (6)','',13,1,3);
INSERT INTO "django_admin_log" VALUES(96,'2023-09-12 19:02:18.669500','5','product object (5)','',13,1,3);
INSERT INTO "django_admin_log" VALUES(97,'2023-09-12 19:02:18.684487','4','product object (4)','',13,1,3);
INSERT INTO "django_admin_log" VALUES(98,'2023-09-12 19:02:18.700560','3','product object (3)','',13,1,3);
INSERT INTO "django_admin_log" VALUES(99,'2023-09-12 19:02:18.718789','2','product object (2)','',13,1,3);
INSERT INTO "django_admin_log" VALUES(100,'2023-09-12 19:02:18.732570','1','product object (1)','',13,1,3);
INSERT INTO "django_admin_log" VALUES(101,'2023-09-12 19:03:40.284380','9','Stainless Steel','[{"changed": {"fields": ["Product qr"]}}]',23,1,2);
INSERT INTO "django_admin_log" VALUES(102,'2023-09-12 19:16:39.291267','9','Stainless Steel','',23,1,3);
INSERT INTO "django_admin_log" VALUES(103,'2023-09-12 19:16:44.921321','15','left_over_stock object (15)','',25,1,3);
INSERT INTO "django_admin_log" VALUES(104,'2023-09-12 19:16:49.528368','36','material_history object (36)','',24,1,3);
INSERT INTO "django_admin_log" VALUES(105,'2023-09-12 19:16:49.539369','35','material_history object (35)','',24,1,3);
INSERT INTO "django_admin_log" VALUES(106,'2023-09-12 19:16:49.551138','34','material_history object (34)','',24,1,3);
INSERT INTO "django_admin_log" VALUES(107,'2023-09-12 19:16:49.567168','33','material_history object (33)','',24,1,3);
INSERT INTO "django_admin_log" VALUES(108,'2023-09-12 19:16:54.483325','33','product object (33)','',13,1,3);
INSERT INTO "django_admin_log" VALUES(109,'2023-09-12 19:16:54.497522','32','product object (32)','',13,1,3);
INSERT INTO "django_admin_log" VALUES(110,'2023-09-12 19:16:54.509545','31','product object (31)','',13,1,3);
INSERT INTO "django_admin_log" VALUES(111,'2023-09-12 19:17:35.819008','35','product_qr object (35)','',14,1,3);
INSERT INTO "django_admin_log" VALUES(112,'2023-09-12 19:17:35.829588','34','product_qr object (34)','',14,1,3);
INSERT INTO "django_admin_log" VALUES(113,'2023-09-12 19:17:35.838783','33','product_qr object (33)','',14,1,3);
INSERT INTO "django_admin_log" VALUES(114,'2023-09-12 19:19:02.515629','10','Stainless Steel','[{"changed": {"fields": ["Product qr"]}}]',23,1,2);
INSERT INTO "django_admin_log" VALUES(115,'2023-09-12 19:30:32.035078','37','product object (37)','',13,1,3);
INSERT INTO "django_admin_log" VALUES(116,'2023-09-12 19:30:32.046230','36','product object (36)','',13,1,3);
INSERT INTO "django_admin_log" VALUES(117,'2023-09-12 19:30:32.054859','35','product object (35)','',13,1,3);
INSERT INTO "django_admin_log" VALUES(118,'2023-09-12 19:30:32.063677','34','product object (34)','',13,1,3);
INSERT INTO "django_admin_log" VALUES(119,'2023-09-12 19:32:00.024322','11','Stainless Steel','[{"changed": {"fields": ["Product qr"]}}]',23,1,2);
INSERT INTO "django_admin_log" VALUES(120,'2023-09-12 19:34:30.226766','39','product object (39)','',13,1,3);
INSERT INTO "django_admin_log" VALUES(121,'2023-09-12 19:34:30.237995','38','product object (38)','',13,1,3);
INSERT INTO "django_admin_log" VALUES(122,'2023-09-12 19:36:09.849529','12','Stainless Steel','[{"changed": {"fields": ["Product qr"]}}]',23,1,2);
INSERT INTO "django_admin_log" VALUES(123,'2023-09-12 19:40:55.487279','41','product object (41)','',13,1,3);
INSERT INTO "django_admin_log" VALUES(124,'2023-09-12 19:40:55.500284','40','product object (40)','',13,1,3);
INSERT INTO "django_admin_log" VALUES(125,'2023-09-12 20:01:24.765376','13','Stainless Steel','[{"changed": {"fields": ["Product qr"]}}]',23,1,2);
INSERT INTO "django_admin_log" VALUES(126,'2023-09-12 20:04:20.271605','39','product_qr object (39)','',14,1,3);
INSERT INTO "django_admin_log" VALUES(127,'2023-09-12 20:32:12.870930','43','product object (43)','',13,1,3);
INSERT INTO "django_admin_log" VALUES(128,'2023-09-12 20:32:12.880490','42','product object (42)','',13,1,3);
INSERT INTO "django_admin_log" VALUES(129,'2023-09-12 20:33:49.339627','14','Stainless Steel','[{"changed": {"fields": ["Product qr"]}}]',23,1,2);
INSERT INTO "django_admin_log" VALUES(130,'2023-09-12 20:36:13.655190','45','product object (45)','',13,1,3);
INSERT INTO "django_admin_log" VALUES(131,'2023-09-12 20:36:13.664793','44','product object (44)','',13,1,3);
INSERT INTO "django_admin_log" VALUES(132,'2023-09-12 20:37:15.037815','15','Stainless Steel','[{"changed": {"fields": ["Product qr"]}}]',23,1,2);
INSERT INTO "django_admin_log" VALUES(133,'2023-09-12 20:40:25.797996','47','product object (47)','',13,1,3);
INSERT INTO "django_admin_log" VALUES(134,'2023-09-12 20:40:25.808587','46','product object (46)','',13,1,3);
INSERT INTO "django_admin_log" VALUES(135,'2023-09-12 20:41:14.430092','16','Stainless Steel','[{"changed": {"fields": ["Product qr"]}}]',23,1,2);
INSERT INTO "django_admin_log" VALUES(136,'2023-09-13 06:10:48.464941','50','product object (50)','',13,1,3);
INSERT INTO "django_admin_log" VALUES(137,'2023-09-13 06:10:48.472468','49','product object (49)','',13,1,3);
INSERT INTO "django_admin_log" VALUES(138,'2023-09-13 06:10:48.478231','48','product object (48)','',13,1,3);
INSERT INTO "django_admin_log" VALUES(139,'2023-09-13 06:11:58.626053','17','Stainless Steel','[{"changed": {"fields": ["Product qr"]}}]',23,1,2);
INSERT INTO "django_admin_log" VALUES(140,'2023-09-13 06:15:18.241299','52','product object (52)','',13,1,3);
INSERT INTO "django_admin_log" VALUES(141,'2023-09-13 06:15:18.251321','51','product object (51)','',13,1,3);
INSERT INTO "django_admin_log" VALUES(142,'2023-09-13 06:16:12.020607','18','Stainless Steel','[{"changed": {"fields": ["Product qr"]}}]',23,1,2);
INSERT INTO "django_admin_log" VALUES(143,'2023-09-13 06:19:24.654557','1','scratch_stock object (1)','',26,1,3);
INSERT INTO "django_admin_log" VALUES(144,'2023-09-13 18:22:04.177831','19','Stainless Steel','[{"changed": {"fields": ["Product qr"]}}]',23,1,2);
INSERT INTO "django_admin_log" VALUES(145,'2023-09-13 18:28:19.098372','24','stock object (24)','[{"changed": {"fields": ["Product"]}}]',19,1,2);
INSERT INTO "django_admin_log" VALUES(146,'2023-09-13 18:34:52.814743','20','Stainless Steel','[{"changed": {"fields": ["Product qr"]}}]',23,1,2);
INSERT INTO "django_admin_log" VALUES(147,'2023-09-14 07:18:53.845949','21','11','[{"changed": {"fields": ["Completed"]}}]',21,1,2);
INSERT INTO "django_admin_log" VALUES(148,'2023-09-15 19:20:20.827341','1','A','[{"added": {}}]',30,1,1);
INSERT INTO "django_admin_log" VALUES(149,'2023-09-15 19:21:52.016195','65','product object (65)','',13,1,3);
INSERT INTO "django_admin_log" VALUES(150,'2023-09-15 19:21:52.022753','64','product object (64)','',13,1,3);
INSERT INTO "django_admin_log" VALUES(151,'2023-09-15 19:21:52.027780','63','product object (63)','',13,1,3);
INSERT INTO "django_admin_log" VALUES(152,'2023-09-15 19:21:52.033821','62','product object (62)','',13,1,3);
INSERT INTO "django_admin_log" VALUES(153,'2023-09-15 19:21:52.038830','61','product object (61)','',13,1,3);
INSERT INTO "django_admin_log" VALUES(154,'2023-09-15 19:21:52.043250','60','product object (60)','',13,1,3);
INSERT INTO "django_admin_log" VALUES(155,'2023-09-15 19:21:52.048376','59','product object (59)','',13,1,3);
INSERT INTO "django_admin_log" VALUES(156,'2023-09-15 19:21:52.052422','58','product object (58)','',13,1,3);
INSERT INTO "django_admin_log" VALUES(157,'2023-09-15 19:21:52.057430','57','product object (57)','',13,1,3);
INSERT INTO "django_admin_log" VALUES(158,'2023-09-15 19:21:52.062436','56','product object (56)','',13,1,3);
INSERT INTO "django_admin_log" VALUES(159,'2023-09-15 19:21:52.066435','55','product object (55)','',13,1,3);
INSERT INTO "django_admin_log" VALUES(160,'2023-09-15 19:21:52.071594','54','product object (54)','',13,1,3);
INSERT INTO "django_admin_log" VALUES(161,'2023-09-15 19:21:52.076519','53','product object (53)','',13,1,3);
INSERT INTO "django_admin_log" VALUES(162,'2023-09-15 19:22:04.775965','61','product_qr object (61)','',14,1,3);
INSERT INTO "django_admin_log" VALUES(163,'2023-09-15 19:22:04.782933','60','product_qr object (60)','',14,1,3);
INSERT INTO "django_admin_log" VALUES(164,'2023-09-15 19:22:04.788273','59','product_qr object (59)','',14,1,3);
INSERT INTO "django_admin_log" VALUES(165,'2023-09-15 19:22:04.792311','58','product_qr object (58)','',14,1,3);
INSERT INTO "django_admin_log" VALUES(166,'2023-09-15 19:22:04.797262','57','product_qr object (57)','',14,1,3);
INSERT INTO "django_admin_log" VALUES(167,'2023-09-15 19:22:04.801264','56','product_qr object (56)','',14,1,3);
INSERT INTO "django_admin_log" VALUES(168,'2023-09-15 19:22:04.805984','55','product_qr object (55)','',14,1,3);
INSERT INTO "django_admin_log" VALUES(169,'2023-09-15 19:22:04.810001','54','product_qr object (54)','',14,1,3);
INSERT INTO "django_admin_log" VALUES(170,'2023-09-15 19:22:04.814336','53','product_qr object (53)','',14,1,3);
INSERT INTO "django_admin_log" VALUES(171,'2023-09-15 19:22:04.818269','52','product_qr object (52)','',14,1,3);
INSERT INTO "django_admin_log" VALUES(172,'2023-09-15 19:22:04.824260','51','product_qr object (51)','',14,1,3);
INSERT INTO "django_admin_log" VALUES(173,'2023-09-15 19:22:04.827720','50','product_qr object (50)','',14,1,3);
INSERT INTO "django_admin_log" VALUES(174,'2023-09-15 19:22:04.832048','49','product_qr object (49)','',14,1,3);
INSERT INTO "django_admin_log" VALUES(175,'2023-09-15 19:22:04.837173','48','product_qr object (48)','',14,1,3);
INSERT INTO "django_admin_log" VALUES(176,'2023-09-15 19:24:43.522789','63','product_qr object (63)','',14,1,3);
INSERT INTO "django_admin_log" VALUES(177,'2023-09-15 19:24:43.529164','62','product_qr object (62)','',14,1,3);
INSERT INTO "django_admin_log" VALUES(178,'2023-09-15 19:26:45.761317','2','product_qr_shelf object (2)','[{"changed": {"fields": ["Shelf"]}}]',29,1,2);
INSERT INTO "django_admin_log" VALUES(179,'2023-09-15 19:44:11.571170','2','zxcvbn','[{"added": {}}]',30,1,1);
INSERT INTO "django_admin_log" VALUES(180,'2023-09-15 19:47:55.166650','2','product_qr_shelf object (2)','[{"changed": {"fields": ["Shelf"]}}]',29,1,2);
INSERT INTO "django_admin_log" VALUES(181,'2023-09-15 19:50:59.235254','3','is_cutter','[{"added": {}}]',18,1,1);
INSERT INTO "django_admin_log" VALUES(182,'2023-09-15 19:59:10.421481','25','Stainless Steel','[{"changed": {"fields": ["Product qr"]}}]',23,1,2);
INSERT INTO "django_admin_log" VALUES(183,'2023-09-15 20:13:14.809842','26','Stainless Steel','[{"changed": {"fields": ["Product qr"]}}]',23,1,2);
INSERT INTO "django_admin_log" VALUES(184,'2023-09-17 07:59:02.027302','27','Stainless Steel','[{"changed": {"fields": ["Product qr"]}}]',23,1,2);
INSERT INTO "django_admin_log" VALUES(185,'2023-09-17 10:43:43.557034','4','desigener','[{"added": {}}]',18,1,1);
INSERT INTO "django_admin_log" VALUES(186,'2023-09-17 12:04:15.184193','5','cutter','[{"added": {}}]',18,1,1);
INSERT INTO "django_admin_log" VALUES(187,'2023-09-18 20:25:33.088750','40','use sheet no 64','',21,1,3);
INSERT INTO "django_admin_log" VALUES(188,'2023-09-18 20:25:33.097275','39','sdsd','',21,1,3);
INSERT INTO "django_admin_log" VALUES(189,'2023-09-18 20:25:33.102800','38','sdsd','',21,1,3);
INSERT INTO "django_admin_log" VALUES(190,'2023-09-18 20:25:33.109653','37','sdsd','',21,1,3);
INSERT INTO "django_admin_log" VALUES(191,'2023-09-18 20:25:33.115020','36','sdsd','',21,1,3);
INSERT INTO "django_admin_log" VALUES(192,'2023-09-18 20:25:33.119439','35','sdsd','',21,1,3);
INSERT INTO "django_admin_log" VALUES(193,'2023-09-18 20:25:33.124816','34','sdsd','',21,1,3);
INSERT INTO "django_admin_log" VALUES(194,'2023-09-18 20:25:33.130559','33','sdsd','',21,1,3);
INSERT INTO "django_admin_log" VALUES(195,'2023-09-18 20:25:33.135734','32','sdsd','',21,1,3);
INSERT INTO "django_admin_log" VALUES(196,'2023-09-18 20:25:33.140076','31','sdsd','',21,1,3);
INSERT INTO "django_admin_log" VALUES(197,'2023-09-18 20:25:33.144709','30','sdsd','',21,1,3);
INSERT INTO "django_admin_log" VALUES(198,'2023-09-18 20:25:33.150891','29','sdsd','',21,1,3);
INSERT INTO "django_admin_log" VALUES(199,'2023-09-18 20:25:33.156698','28','sdsd','',21,1,3);
INSERT INTO "django_admin_log" VALUES(200,'2023-09-18 20:25:33.162066','27','sdsd','',21,1,3);
INSERT INTO "django_admin_log" VALUES(201,'2023-09-18 20:25:33.166580','26','sdsd','',21,1,3);
INSERT INTO "django_admin_log" VALUES(202,'2023-09-18 20:25:33.172068','25','sdsd','',21,1,3);
INSERT INTO "django_admin_log" VALUES(203,'2023-09-18 20:25:33.178847','24','sdsd','',21,1,3);
INSERT INTO "django_admin_log" VALUES(204,'2023-09-18 20:25:33.184779','23','sdsd','',21,1,3);
INSERT INTO "django_admin_log" VALUES(205,'2023-09-18 20:25:33.190221','22','sdsd','',21,1,3);
INSERT INTO "django_admin_log" VALUES(206,'2023-09-18 20:25:33.194869','21','11','',21,1,3);
INSERT INTO "django_admin_log" VALUES(207,'2023-09-18 20:25:33.200611','20','sdsd','',21,1,3);
INSERT INTO "django_admin_log" VALUES(208,'2023-09-18 20:25:33.206515','19','wd','',21,1,3);
INSERT INTO "django_admin_log" VALUES(209,'2023-09-18 20:25:33.212293','18','sdsdd','',21,1,3);
INSERT INTO "django_admin_log" VALUES(210,'2023-09-18 20:25:33.215962','17','sdsd','',21,1,3);
INSERT INTO "django_admin_log" VALUES(211,'2023-09-18 20:25:33.221334','16','sdsd','',21,1,3);
INSERT INTO "django_admin_log" VALUES(212,'2023-09-18 20:25:33.227866','15','sdsd','',21,1,3);
INSERT INTO "django_admin_log" VALUES(213,'2023-09-18 20:25:33.233834','14','sdsd','',21,1,3);
INSERT INTO "django_admin_log" VALUES(214,'2023-09-18 20:25:33.239329','13','sdsd','',21,1,3);
INSERT INTO "django_admin_log" VALUES(215,'2023-09-18 20:25:33.246559','12','sdsd','',21,1,3);
INSERT INTO "django_admin_log" VALUES(216,'2023-09-18 20:25:33.252892','11','sdsd','',21,1,3);
INSERT INTO "django_admin_log" VALUES(217,'2023-09-18 20:25:33.257894','10','sdsd','',21,1,3);
INSERT INTO "django_admin_log" VALUES(218,'2023-09-18 20:25:33.263223','9','22','',21,1,3);
INSERT INTO "django_admin_log" VALUES(219,'2023-09-18 20:25:33.267859','8','sds','',21,1,3);
INSERT INTO "django_admin_log" VALUES(220,'2023-09-18 20:25:33.273050','7','use sheet no 25','',21,1,3);
INSERT INTO "django_admin_log" VALUES(221,'2023-09-19 20:15:32.852791','30','Stainless Steel','[{"changed": {"fields": ["Product qr"]}}]',23,1,2);
INSERT INTO "django_admin_log" VALUES(222,'2023-09-21 18:22:59.767544','33','Stainless Steel','[{"changed": {"fields": ["Product qr"]}}]',23,1,2);
INSERT INTO "django_admin_log" VALUES(223,'2023-09-24 17:25:32.719795','1','admin','[{"changed": {"fields": ["Is reception"]}}]',18,1,2);
INSERT INTO "django_admin_log" VALUES(224,'2023-09-24 19:32:35.561868','32','stock object (32)','',19,1,3);
INSERT INTO "django_admin_log" VALUES(225,'2023-09-24 19:32:35.573618','31','stock object (31)','',19,1,3);
INSERT INTO "django_admin_log" VALUES(226,'2023-09-24 19:32:35.587229','30','stock object (30)','',19,1,3);
INSERT INTO "django_admin_log" VALUES(227,'2023-09-24 19:32:35.598995','29','stock object (29)','',19,1,3);
INSERT INTO "django_admin_log" VALUES(228,'2023-09-24 19:32:35.610130','28','stock object (28)','',19,1,3);
INSERT INTO "django_admin_log" VALUES(229,'2023-09-24 19:32:35.621302','27','stock object (27)','',19,1,3);
INSERT INTO "django_admin_log" VALUES(230,'2023-09-24 19:35:54.465497','34','stock object (34)','',19,1,3);
INSERT INTO "django_admin_log" VALUES(231,'2023-09-24 19:35:54.473784','33','stock object (33)','',19,1,3);
INSERT INTO "django_admin_log" VALUES(232,'2023-09-24 19:45:13.787101','416','product_qr object (416)','[]',14,1,2);
INSERT INTO "django_admin_log" VALUES(233,'2023-09-26 07:12:02.783358','41','Stainless Steel','[{"changed": {"fields": ["Product qr"]}}]',23,1,2);
CREATE UNIQUE INDEX "django_content_type_app_label_model_76bd3d3b_uniq" ON "django_content_type" ("app_label", "model");
CREATE UNIQUE INDEX "auth_group_permissions_group_id_permission_id_0cd325b0_uniq" ON "auth_group_permissions" ("group_id", "permission_id");
CREATE INDEX IF NOT EXISTS "auth_group_permissions_group_id_b120cbf9" ON "auth_group_permissions" ("group_id");
CREATE INDEX IF NOT EXISTS "auth_group_permissions_permission_id_84c5c92e" ON "auth_group_permissions" ("permission_id");
CREATE UNIQUE INDEX "auth_permission_content_type_id_codename_01ab375a_uniq" ON "auth_permission" ("content_type_id", "codename");
CREATE INDEX IF NOT EXISTS "auth_permission_content_type_id_2f476e4b" ON "auth_permission" ("content_type_id");
CREATE UNIQUE INDEX "users_user_groups_user_id_group_id_b88eab82_uniq" ON "users_user_groups" ("user_id", "group_id");
CREATE INDEX IF NOT EXISTS "users_user_groups_user_id_5f6f5a90" ON "users_user_groups" ("user_id");
CREATE INDEX IF NOT EXISTS "users_user_groups_group_id_9afc8d0e" ON "users_user_groups" ("group_id");
CREATE UNIQUE INDEX "users_user_user_permissions_user_id_permission_id_43338c45_uniq" ON "users_user_user_permissions" ("user_id", "permission_id");
CREATE INDEX IF NOT EXISTS "users_user_user_permissions_user_id_20aca447" ON "users_user_user_permissions" ("user_id");
CREATE INDEX IF NOT EXISTS "users_user_user_permissions_permission_id_0b93982e" ON "users_user_user_permissions" ("permission_id");
CREATE INDEX IF NOT EXISTS "django_admin_log_content_type_id_c4bce8eb" ON "django_admin_log" ("content_type_id");
CREATE INDEX IF NOT EXISTS "django_admin_log_user_id_c564eba6" ON "django_admin_log" ("user_id");
CREATE INDEX IF NOT EXISTS "django_session_expire_date_a5c62663" ON "django_session" ("expire_date");
CREATE INDEX IF NOT EXISTS "transactions_request_material_category_id_84a65bcb" ON "transactions_request_material" ("category_id");
CREATE INDEX IF NOT EXISTS "transactions_request_material_customer_name_id_595ce75f" ON "transactions_request_material" ("customer_name_id");
CREATE INDEX IF NOT EXISTS "transactions_request_material_size_id_0af0ed04" ON "transactions_request_material" ("size_id");
CREATE INDEX IF NOT EXISTS "transactions_stock_product_id_a5d05ba3" ON "transactions_stock" ("product_id");
CREATE INDEX IF NOT EXISTS "transactions_left_over_stock_product_id_496e6726" ON "transactions_left_over_stock" ("product_id");
CREATE INDEX IF NOT EXISTS "transactions_scratch_stock_product_id_fc013c5d" ON "transactions_scratch_stock" ("product_id");
CREATE INDEX IF NOT EXISTS "store_product_category_id_574bae65" ON "store_product" ("category_id");
CREATE INDEX IF NOT EXISTS "store_product_size_id_838e791c" ON "store_product" ("size_id");
CREATE INDEX IF NOT EXISTS "store_product_grade_id_e91b7efe" ON "store_product" ("grade_id");
CREATE INDEX IF NOT EXISTS "store_product_thickness_id_15f9ec05" ON "store_product" ("thickness_id");
CREATE INDEX IF NOT EXISTS "transactions_project_material_project_id_90779194" ON "transactions_project_material" ("project_id");
CREATE INDEX IF NOT EXISTS "transactions_project_material_product_id_ab5b686d" ON "transactions_project_material" ("product_id");
CREATE INDEX IF NOT EXISTS "store_product_qr_shelf_product_qr_id_856813f2" ON "store_product_qr_shelf" ("product_qr_id");
CREATE INDEX IF NOT EXISTS "store_product_qr_shelf_shelf_id_fae05d95" ON "store_product_qr_shelf" ("shelf_id");
CREATE INDEX IF NOT EXISTS "transactions_project_employee_name_id_7b0a05fb" ON "transactions_project" ("employee_name_id");
CREATE INDEX IF NOT EXISTS "transactions_project_customer_id_486874c1" ON "transactions_project" ("customer_id");
CREATE INDEX IF NOT EXISTS "transactions_material_history_previous_size_id_acf43c9f" ON "transactions_material_history" ("previous_size_id");
CREATE INDEX IF NOT EXISTS "transactions_material_history_used_size_id_5945fcdb" ON "transactions_material_history" ("used_size_id");
CREATE INDEX IF NOT EXISTS "transactions_material_history_left_size_id_c03bef36" ON "transactions_material_history" ("left_size_id");
CREATE INDEX IF NOT EXISTS "transactions_material_history_product_qr_id_84d50666" ON "transactions_material_history" ("product_qr_id");
CREATE INDEX IF NOT EXISTS "transactions_material_history_project_id_e3029f67" ON "transactions_material_history" ("project_id");
CREATE INDEX IF NOT EXISTS "transactions_project_matarial_qr_project_material_id_20ed3eaa" ON "transactions_project_matarial_qr" ("project_material_id");
CREATE INDEX IF NOT EXISTS "transactions_project_matarial_qr_product_qr_id_ab37a9e8" ON "transactions_project_matarial_qr" ("product_qr_id");
CREATE INDEX IF NOT EXISTS "transactions_project_matarial_qr_cutter_id_07e273ff" ON "transactions_project_matarial_qr" ("cutter_id");
CREATE INDEX IF NOT EXISTS "transactions_project_matarial_production_item_code_id_a555bfd9" ON "transactions_project_matarial_production" ("item_code_id");
CREATE INDEX IF NOT EXISTS "transactions_project_matarial_production_project_matarial_qr_id_1abd37c8" ON "transactions_project_matarial_production" ("project_matarial_qr_id");
CREATE INDEX IF NOT EXISTS "transactions_project_matarial_production_project_id_2cad15c4" ON "transactions_project_matarial_production" ("project_id");
CREATE INDEX IF NOT EXISTS "store_product_qr_product_id_19457833" ON "store_product_qr" ("product_id");
CREATE INDEX IF NOT EXISTS "store_product_qr_supplier_id_3be6e7c2" ON "store_product_qr" ("supplier_id");
CREATE TABLE IF NOT EXISTS "django_content_type" ("id" integer NOT NULL PRIMARY KEY AUTOINCREMENT, "app_label" varchar(100) NOT NULL, "model" varchar(100) NOT NULL);
INSERT INTO "django_content_type" VALUES(1,'admin','logentry');
INSERT INTO "django_content_type" VALUES(2,'auth','permission');
INSERT INTO "django_content_type" VALUES(3,'auth','group');
INSERT INTO "django_content_type" VALUES(4,'contenttypes','contenttype');
INSERT INTO "django_content_type" VALUES(5,'sessions','session');
INSERT INTO "django_content_type" VALUES(6,'store','category');
INSERT INTO "django_content_type" VALUES(7,'store','customer');
INSERT INTO "django_content_type" VALUES(8,'store','dealer');
INSERT INTO "django_content_type" VALUES(9,'store','godown');
INSERT INTO "django_content_type" VALUES(10,'store','grade');
INSERT INTO "django_content_type" VALUES(11,'store','thickness');
INSERT INTO "django_content_type" VALUES(12,'store','size');
INSERT INTO "django_content_type" VALUES(13,'store','product');
INSERT INTO "django_content_type" VALUES(14,'store','product_qr');
INSERT INTO "django_content_type" VALUES(15,'store','employee');
INSERT INTO "django_content_type" VALUES(16,'store','item_code');
INSERT INTO "django_content_type" VALUES(17,'store','cutter');
INSERT INTO "django_content_type" VALUES(18,'users','user');
INSERT INTO "django_content_type" VALUES(19,'transactions','stock');
INSERT INTO "django_content_type" VALUES(20,'transactions','request_material');
INSERT INTO "django_content_type" VALUES(21,'transactions','project');
INSERT INTO "django_content_type" VALUES(22,'transactions','project_material');
INSERT INTO "django_content_type" VALUES(23,'transactions','project_matarial_qr');
INSERT INTO "django_content_type" VALUES(24,'transactions','material_history');
INSERT INTO "django_content_type" VALUES(25,'transactions','left_over_stock');
INSERT INTO "django_content_type" VALUES(26,'transactions','scratch_stock');
INSERT INTO "django_content_type" VALUES(27,'transactions','project_matarial_production');
INSERT INTO "django_content_type" VALUES(28,'transactions','alert');
INSERT INTO "django_content_type" VALUES(29,'store','product_qr_shelf');
INSERT INTO "django_content_type" VALUES(30,'store','shelf');
CREATE UNIQUE INDEX "django_content_type_app_label_model_76bd3d3b_uniq" ON "django_content_type" ("app_label", "model");
CREATE UNIQUE INDEX "auth_group_permissions_group_id_permission_id_0cd325b0_uniq" ON "auth_group_permissions" ("group_id", "permission_id");
CREATE INDEX IF NOT EXISTS "auth_group_permissions_group_id_b120cbf9" ON "auth_group_permissions" ("group_id");
CREATE INDEX IF NOT EXISTS "auth_group_permissions_permission_id_84c5c92e" ON "auth_group_permissions" ("permission_id");
CREATE UNIQUE INDEX "auth_permission_content_type_id_codename_01ab375a_uniq" ON "auth_permission" ("content_type_id", "codename");
CREATE INDEX IF NOT EXISTS "auth_permission_content_type_id_2f476e4b" ON "auth_permission" ("content_type_id");
CREATE UNIQUE INDEX "users_user_groups_user_id_group_id_b88eab82_uniq" ON "users_user_groups" ("user_id", "group_id");
CREATE INDEX IF NOT EXISTS "users_user_groups_user_id_5f6f5a90" ON "users_user_groups" ("user_id");
CREATE INDEX IF NOT EXISTS "users_user_groups_group_id_9afc8d0e" ON "users_user_groups" ("group_id");
CREATE UNIQUE INDEX "users_user_user_permissions_user_id_permission_id_43338c45_uniq" ON "users_user_user_permissions" ("user_id", "permission_id");
CREATE INDEX IF NOT EXISTS "users_user_user_permissions_user_id_20aca447" ON "users_user_user_permissions" ("user_id");
CREATE INDEX IF NOT EXISTS "users_user_user_permissions_permission_id_0b93982e" ON "users_user_user_permissions" ("permission_id");
CREATE INDEX IF NOT EXISTS "django_admin_log_content_type_id_c4bce8eb" ON "django_admin_log" ("content_type_id");
CREATE INDEX IF NOT EXISTS "django_admin_log_user_id_c564eba6" ON "django_admin_log" ("user_id");
CREATE INDEX IF NOT EXISTS "django_session_expire_date_a5c62663" ON "django_session" ("expire_date");
CREATE INDEX IF NOT EXISTS "transactions_request_material_category_id_84a65bcb" ON "transactions_request_material" ("category_id");
CREATE INDEX IF NOT EXISTS "transactions_request_material_customer_name_id_595ce75f" ON "transactions_request_material" ("customer_name_id");
CREATE INDEX IF NOT EXISTS "transactions_request_material_size_id_0af0ed04" ON "transactions_request_material" ("size_id");
CREATE INDEX IF NOT EXISTS "transactions_stock_product_id_a5d05ba3" ON "transactions_stock" ("product_id");
CREATE INDEX IF NOT EXISTS "transactions_left_over_stock_product_id_496e6726" ON "transactions_left_over_stock" ("product_id");
CREATE INDEX IF NOT EXISTS "transactions_scratch_stock_product_id_fc013c5d" ON "transactions_scratch_stock" ("product_id");
CREATE INDEX IF NOT EXISTS "store_product_category_id_574bae65" ON "store_product" ("category_id");
CREATE INDEX IF NOT EXISTS "store_product_size_id_838e791c" ON "store_product" ("size_id");
CREATE INDEX IF NOT EXISTS "store_product_grade_id_e91b7efe" ON "store_product" ("grade_id");
CREATE INDEX IF NOT EXISTS "store_product_thickness_id_15f9ec05" ON "store_product" ("thickness_id");
CREATE INDEX IF NOT EXISTS "transactions_project_material_project_id_90779194" ON "transactions_project_material" ("project_id");
CREATE INDEX IF NOT EXISTS "transactions_project_material_product_id_ab5b686d" ON "transactions_project_material" ("product_id");
CREATE INDEX IF NOT EXISTS "store_product_qr_shelf_product_qr_id_856813f2" ON "store_product_qr_shelf" ("product_qr_id");
CREATE INDEX IF NOT EXISTS "store_product_qr_shelf_shelf_id_fae05d95" ON "store_product_qr_shelf" ("shelf_id");
CREATE INDEX IF NOT EXISTS "transactions_project_employee_name_id_7b0a05fb" ON "transactions_project" ("employee_name_id");
CREATE INDEX IF NOT EXISTS "transactions_project_customer_id_486874c1" ON "transactions_project" ("customer_id");
CREATE INDEX IF NOT EXISTS "transactions_material_history_previous_size_id_acf43c9f" ON "transactions_material_history" ("previous_size_id");
CREATE INDEX IF NOT EXISTS "transactions_material_history_used_size_id_5945fcdb" ON "transactions_material_history" ("used_size_id");
CREATE INDEX IF NOT EXISTS "transactions_material_history_left_size_id_c03bef36" ON "transactions_material_history" ("left_size_id");
CREATE INDEX IF NOT EXISTS "transactions_material_history_product_qr_id_84d50666" ON "transactions_material_history" ("product_qr_id");
CREATE INDEX IF NOT EXISTS "transactions_material_history_project_id_e3029f67" ON "transactions_material_history" ("project_id");
CREATE INDEX IF NOT EXISTS "transactions_project_matarial_qr_project_material_id_20ed3eaa" ON "transactions_project_matarial_qr" ("project_material_id");
CREATE INDEX IF NOT EXISTS "transactions_project_matarial_qr_product_qr_id_ab37a9e8" ON "transactions_project_matarial_qr" ("product_qr_id");
CREATE INDEX IF NOT EXISTS "transactions_project_matarial_qr_cutter_id_07e273ff" ON "transactions_project_matarial_qr" ("cutter_id");
CREATE INDEX IF NOT EXISTS "transactions_project_matarial_production_item_code_id_a555bfd9" ON "transactions_project_matarial_production" ("item_code_id");
CREATE INDEX IF NOT EXISTS "transactions_project_matarial_production_project_matarial_qr_id_1abd37c8" ON "transactions_project_matarial_production" ("project_matarial_qr_id");
CREATE INDEX IF NOT EXISTS "transactions_project_matarial_production_project_id_2cad15c4" ON "transactions_project_matarial_production" ("project_id");
CREATE INDEX IF NOT EXISTS "store_product_qr_product_id_19457833" ON "store_product_qr" ("product_id");
CREATE INDEX IF NOT EXISTS "store_product_qr_supplier_id_3be6e7c2" ON "store_product_qr" ("supplier_id");
CREATE TABLE IF NOT EXISTS "django_migrations" ("id" integer NOT NULL PRIMARY KEY AUTOINCREMENT, "app" varchar(255) NOT NULL, "name" varchar(255) NOT NULL, "applied" datetime NOT NULL);
INSERT INTO "django_migrations" VALUES(1,'contenttypes','0001_initial','2023-09-09 08:56:00.290452');
INSERT INTO "django_migrations" VALUES(2,'contenttypes','0002_remove_content_type_name','2023-09-09 08:56:00.318321');
INSERT INTO "django_migrations" VALUES(3,'auth','0001_initial','2023-09-09 08:56:00.360164');
INSERT INTO "django_migrations" VALUES(4,'auth','0002_alter_permission_name_max_length','2023-09-09 08:56:00.388845');
INSERT INTO "django_migrations" VALUES(5,'auth','0003_alter_user_email_max_length','2023-09-09 08:56:00.411582');
INSERT INTO "django_migrations" VALUES(6,'auth','0004_alter_user_username_opts','2023-09-09 08:56:00.432242');
INSERT INTO "django_migrations" VALUES(7,'auth','0005_alter_user_last_login_null','2023-09-09 08:56:00.453885');
INSERT INTO "django_migrations" VALUES(8,'auth','0006_require_contenttypes_0002','2023-09-09 08:56:00.470595');
INSERT INTO "django_migrations" VALUES(9,'auth','0007_alter_validators_add_error_messages','2023-09-09 08:56:00.494019');
INSERT INTO "django_migrations" VALUES(10,'auth','0008_alter_user_username_max_length','2023-09-09 08:56:00.517194');
INSERT INTO "django_migrations" VALUES(11,'auth','0009_alter_user_last_name_max_length','2023-09-09 08:56:00.538582');
INSERT INTO "django_migrations" VALUES(12,'auth','0010_alter_group_name_max_length','2023-09-09 08:56:00.559841');
INSERT INTO "django_migrations" VALUES(13,'auth','0011_update_proxy_permissions','2023-09-09 08:56:00.583549');
INSERT INTO "django_migrations" VALUES(14,'auth','0012_alter_user_first_name_max_length','2023-09-09 08:56:00.602840');
INSERT INTO "django_migrations" VALUES(15,'users','0001_initial','2023-09-09 08:56:00.645916');
INSERT INTO "django_migrations" VALUES(16,'admin','0001_initial','2023-09-09 08:56:00.699075');
INSERT INTO "django_migrations" VALUES(17,'admin','0002_logentry_remove_auto_add','2023-09-09 08:56:00.729922');
INSERT INTO "django_migrations" VALUES(18,'admin','0003_logentry_add_action_flag_choices','2023-09-09 08:56:00.767624');
INSERT INTO "django_migrations" VALUES(19,'sessions','0001_initial','2023-09-09 08:56:00.805669');
INSERT INTO "django_migrations" VALUES(20,'store','0001_initial','2023-09-09 08:56:00.862726');
INSERT INTO "django_migrations" VALUES(21,'store','0002_remove_category_godown','2023-09-09 08:56:00.890432');
INSERT INTO "django_migrations" VALUES(22,'store','0003_rename_godown_product_shelf_remove_product_name_and_more','2023-09-09 08:56:00.943681');
INSERT INTO "django_migrations" VALUES(23,'store','0004_remove_product_piece_product_qr_code','2023-09-09 08:56:00.984558');
INSERT INTO "django_migrations" VALUES(24,'store','0005_alter_product_category_alter_product_grade_and_more','2023-09-09 08:56:01.050394');
INSERT INTO "django_migrations" VALUES(25,'store','0006_grade_category_thickness_category','2023-09-09 08:56:01.084937');
INSERT INTO "django_migrations" VALUES(26,'store','0007_remove_product_qr_code_remove_product_shelf_and_more','2023-09-09 08:56:01.144854');
INSERT INTO "django_migrations" VALUES(27,'store','0008_delete_product_qr','2023-09-09 08:56:01.165136');
INSERT INTO "django_migrations" VALUES(28,'store','0009_product_shelf_product_qr','2023-09-09 08:56:01.216909');
INSERT INTO "django_migrations" VALUES(29,'store','0010_alter_product_qr_product','2023-09-09 08:56:01.248126');
INSERT INTO "django_migrations" VALUES(30,'store','0011_alter_size_category','2023-09-09 08:56:01.278640');
INSERT INTO "django_migrations" VALUES(31,'store','0012_employee_product_qr_date_of_pur_product_qr_supplier','2023-09-09 08:56:01.328861');
INSERT INTO "django_migrations" VALUES(32,'store','0013_alter_product_qr_date_of_pur','2023-09-09 08:56:01.356846');
INSERT INTO "django_migrations" VALUES(33,'store','0014_alter_product_qr_date_of_pur','2023-09-09 08:56:01.383442');
INSERT INTO "django_migrations" VALUES(34,'store','0015_alter_product_qr_date_of_pur','2023-09-09 08:56:01.416218');
INSERT INTO "django_migrations" VALUES(35,'store','0016_product_qr_is_fix','2023-09-09 08:56:01.453086');
INSERT INTO "django_migrations" VALUES(36,'store','0017_product_qr_moved_to_scratch','2023-09-09 08:56:01.497098');
INSERT INTO "django_migrations" VALUES(37,'store','0018_product_qr_moved_to_left_over','2023-09-09 08:56:01.534462');
INSERT INTO "django_migrations" VALUES(38,'store','0019_item_code','2023-09-09 08:56:01.558119');
INSERT INTO "django_migrations" VALUES(39,'store','0020_remove_grade_category_remove_size_category_and_more','2023-09-09 08:56:01.633862');
INSERT INTO "django_migrations" VALUES(40,'store','0021_cutter','2023-09-09 08:56:01.683351');
INSERT INTO "django_migrations" VALUES(41,'store','0022_product_qr_linked_sheet','2023-09-09 08:56:01.714452');
INSERT INTO "django_migrations" VALUES(42,'store','0023_remove_product_qr_linked_sheet','2023-09-09 08:56:01.744775');
INSERT INTO "django_migrations" VALUES(43,'store','0024_alter_size_name','2023-09-09 08:56:01.789333');
INSERT INTO "django_migrations" VALUES(44,'store','0025_product_qr_uploaded_file','2023-09-09 08:56:01.826097');
INSERT INTO "django_migrations" VALUES(45,'store','0026_alter_product_qr_uploaded_file','2023-09-09 08:56:01.861975');
INSERT INTO "django_migrations" VALUES(46,'store','0027_alter_product_qr_uploaded_file','2023-09-09 08:56:01.903160');
INSERT INTO "django_migrations" VALUES(47,'store','0028_alter_size_name','2023-09-09 08:56:01.941969');
INSERT INTO "django_migrations" VALUES(48,'store','0029_alter_product_category_alter_product_grade_and_more','2023-09-09 08:56:02.084542');
INSERT INTO "django_migrations" VALUES(49,'transactions','0001_initial','2023-09-09 08:56:02.160128');
INSERT INTO "django_migrations" VALUES(50,'transactions','0002_project_material_delete_inward','2023-09-09 08:56:02.223728');
INSERT INTO "django_migrations" VALUES(51,'transactions','0003_remove_project_material_category1_and_more','2023-09-09 08:56:02.435527');
INSERT INTO "django_migrations" VALUES(52,'transactions','0004_project_material_quantity','2023-09-09 08:56:02.471351');
INSERT INTO "django_migrations" VALUES(53,'transactions','0005_alter_project_material_product','2023-09-09 08:56:02.501461');
INSERT INTO "django_migrations" VALUES(54,'transactions','0006_alter_project_material_product','2023-09-09 08:56:02.528814');
INSERT INTO "django_migrations" VALUES(55,'transactions','0007_alter_project_material_project','2023-09-09 08:56:02.558991');
INSERT INTO "django_migrations" VALUES(56,'transactions','0008_alter_project_material_project','2023-09-09 08:56:02.586764');
INSERT INTO "django_migrations" VALUES(57,'transactions','0009_product_qr','2023-09-09 08:56:02.633374');
INSERT INTO "django_migrations" VALUES(58,'transactions','0010_project_matarial_qr_delete_product_qr','2023-09-09 08:56:02.694146');
INSERT INTO "django_migrations" VALUES(59,'transactions','0011_alter_project_matarial_qr_project_material','2023-09-09 08:56:02.728760');
INSERT INTO "django_migrations" VALUES(60,'transactions','0012_remove_project_matarial_qr_qr_code_and_more','2023-09-09 08:56:02.777876');
INSERT INTO "django_migrations" VALUES(61,'transactions','0013_project_completed','2023-09-09 08:56:02.804440');
INSERT INTO "django_migrations" VALUES(62,'transactions','0014_material_history','2023-09-09 08:56:02.853761');
INSERT INTO "django_migrations" VALUES(63,'transactions','0015_remove_material_history_project_material_and_more','2023-09-09 08:56:03.000814');
INSERT INTO "django_migrations" VALUES(64,'transactions','0016_project_employee_alter_project_customer','2023-09-09 08:56:03.048833');
INSERT INTO "django_migrations" VALUES(65,'transactions','0017_remove_stock_godown_stock_product_and_more','2023-09-09 08:56:03.130484');
INSERT INTO "django_migrations" VALUES(66,'transactions','0018_left_over_stock','2023-09-09 08:56:03.193367');
INSERT INTO "django_migrations" VALUES(67,'transactions','0019_scratch_stock','2023-09-09 08:56:03.255612');
INSERT INTO "django_migrations" VALUES(68,'transactions','0020_alter_left_over_stock_quantity_and_more','2023-09-09 08:56:03.341378');
INSERT INTO "django_migrations" VALUES(69,'transactions','0021_remove_project_employee_name','2023-09-09 08:56:03.385117');
INSERT INTO "django_migrations" VALUES(70,'transactions','0022_remove_project_employee_project_employee_name','2023-09-09 08:56:03.458490');
INSERT INTO "django_migrations" VALUES(71,'transactions','0023_left_over_stock_product','2023-09-09 08:56:03.513886');
INSERT INTO "django_migrations" VALUES(72,'transactions','0024_remove_left_over_stock_product_qr','2023-09-09 08:56:03.560685');
INSERT INTO "django_migrations" VALUES(73,'transactions','0025_remove_scratch_stock_product_qr_and_more','2023-09-09 08:56:03.646317');
INSERT INTO "django_migrations" VALUES(74,'transactions','0026_alter_project_material_project','2023-09-09 08:56:03.696583');
INSERT INTO "django_migrations" VALUES(75,'transactions','0027_alter_material_history_left_size_and_more','2023-09-09 08:56:03.866709');
INSERT INTO "django_migrations" VALUES(76,'transactions','0028_project_matarial_qr_is_work_done','2023-09-09 08:56:03.916281');
INSERT INTO "django_migrations" VALUES(77,'transactions','0029_project_matarial_qr_item_code_and_more','2023-09-09 08:56:04.056572');
INSERT INTO "django_migrations" VALUES(78,'transactions','0030_remove_project_customer_project_customer_name','2023-09-09 08:56:04.126953');
INSERT INTO "django_migrations" VALUES(79,'transactions','0031_rename_customer_name_project_customer','2023-09-09 08:56:04.160138');
INSERT INTO "django_migrations" VALUES(80,'transactions','0032_project_matarial_qr_cutter','2023-09-09 08:56:04.212347');
INSERT INTO "django_migrations" VALUES(81,'transactions','0033_remove_project_matarial_qr_is_work_done_and_more','2023-09-09 08:56:04.405427');
INSERT INTO "django_migrations" VALUES(82,'transactions','0034_alert','2023-09-11 19:59:38.189097');
INSERT INTO "django_migrations" VALUES(83,'transactions','0035_project_order_id','2023-09-11 19:59:38.310577');
INSERT INTO "django_migrations" VALUES(84,'users','0002_user_is_reception','2023-09-11 19:59:38.971077');
INSERT INTO "django_migrations" VALUES(85,'users','0003_rename_is_buyer_user_is_accounts_and_more','2023-09-11 19:59:39.419426');
INSERT INTO "django_migrations" VALUES(86,'store','0030_alter_product_shelf','2023-09-11 21:37:30.708329');
INSERT INTO "django_migrations" VALUES(87,'store','0031_remove_product_shelf_remove_product_qr_shelf','2023-09-12 09:39:03.630699');
INSERT INTO "django_migrations" VALUES(88,'users','0004_user_is_cutter','2023-09-13 08:46:33.473019');
INSERT INTO "django_migrations" VALUES(89,'store','0032_product_qr_date','2023-09-14 07:29:07.267282');
INSERT INTO "django_migrations" VALUES(90,'store','0033_alter_product_qr_date','2023-09-14 09:33:20.752137');
INSERT INTO "django_migrations" VALUES(91,'store','0034_remove_product_qr_date','2023-09-14 19:57:24.422662');
INSERT INTO "django_migrations" VALUES(92,'store','0035_product_qr_date','2023-09-15 10:00:02.393742');
INSERT INTO "django_migrations" VALUES(93,'transactions','0036_project_material_sheet_no','2023-09-15 11:36:46.462952');
INSERT INTO "django_migrations" VALUES(94,'store','0036_shelf_product_qr_shelf','2023-09-15 16:20:13.571354');
INSERT INTO "django_migrations" VALUES(95,'store','0037_alter_product_qr_shelf_shelf','2023-09-15 19:23:38.547514');
INSERT INTO "django_migrations" VALUES(96,'store','0038_alter_shelf_name','2023-09-15 20:06:15.543861');
INSERT INTO "django_migrations" VALUES(97,'transactions','0037_alter_project_matarial_qr_product_qr','2023-09-15 20:06:15.565775');
INSERT INTO "django_migrations" VALUES(98,'store','0039_product_qr_finish','2023-09-16 11:14:59.727269');
INSERT INTO "django_migrations" VALUES(99,'transactions','0038_material_history_updated_at','2023-09-17 12:35:17.558533');
INSERT INTO "django_migrations" VALUES(100,'transactions','0039_alter_project_order_id','2023-09-18 20:26:43.695699');
INSERT INTO "django_migrations" VALUES(101,'transactions','0040_project_matarial_qr_project','2023-09-19 11:01:36.264968');
INSERT INTO "django_migrations" VALUES(102,'transactions','0041_remove_project_matarial_qr_project','2023-09-19 20:11:56.821510');
INSERT INTO "django_migrations" VALUES(103,'transactions','0042_material_history_project','2023-09-19 20:17:28.402084');
INSERT INTO "django_migrations" VALUES(104,'transactions','0043_alter_material_history_project','2023-09-19 20:18:10.148098');
INSERT INTO "django_migrations" VALUES(105,'transactions','0044_project_matarial_production_project','2023-09-19 20:20:59.014215');
INSERT INTO "django_migrations" VALUES(106,'transactions','0045_project_matarial_qr_project','2023-09-20 09:52:24.298493');
INSERT INTO "django_migrations" VALUES(107,'transactions','0046_remove_project_matarial_qr_project','2023-09-20 09:56:37.452047');
INSERT INTO "django_migrations" VALUES(108,'transactions','0047_remove_project_matarial_production_project','2023-09-20 10:36:08.017834');
INSERT INTO "django_migrations" VALUES(109,'transactions','0048_project_matarial_production_project','2023-09-20 10:36:08.067728');
INSERT INTO "django_migrations" VALUES(110,'store','0040_product_qr_is_updated','2023-09-21 18:21:46.024717');
INSERT INTO "django_migrations" VALUES(111,'store','0041_remove_product_qr_is_updated','2023-09-23 09:55:44.220734');
INSERT INTO "django_migrations" VALUES(112,'store','0042_size_mm1_size_mm2','2023-09-23 12:53:00.024604');
CREATE UNIQUE INDEX "django_content_type_app_label_model_76bd3d3b_uniq" ON "django_content_type" ("app_label", "model");
CREATE UNIQUE INDEX "auth_group_permissions_group_id_permission_id_0cd325b0_uniq" ON "auth_group_permissions" ("group_id", "permission_id");
CREATE INDEX IF NOT EXISTS "auth_group_permissions_group_id_b120cbf9" ON "auth_group_permissions" ("group_id");
CREATE INDEX IF NOT EXISTS "auth_group_permissions_permission_id_84c5c92e" ON "auth_group_permissions" ("permission_id");
CREATE UNIQUE INDEX "auth_permission_content_type_id_codename_01ab375a_uniq" ON "auth_permission" ("content_type_id", "codename");
CREATE INDEX IF NOT EXISTS "auth_permission_content_type_id_2f476e4b" ON "auth_permission" ("content_type_id");
CREATE UNIQUE INDEX "users_user_groups_user_id_group_id_b88eab82_uniq" ON "users_user_groups" ("user_id", "group_id");
CREATE INDEX IF NOT EXISTS "users_user_groups_user_id_5f6f5a90" ON "users_user_groups" ("user_id");
CREATE INDEX IF NOT EXISTS "users_user_groups_group_id_9afc8d0e" ON "users_user_groups" ("group_id");
CREATE UNIQUE INDEX "users_user_user_permissions_user_id_permission_id_43338c45_uniq" ON "users_user_user_permissions" ("user_id", "permission_id");
CREATE INDEX IF NOT EXISTS "users_user_user_permissions_user_id_20aca447" ON "users_user_user_permissions" ("user_id");
CREATE INDEX IF NOT EXISTS "users_user_user_permissions_permission_id_0b93982e" ON "users_user_user_permissions" ("permission_id");
CREATE INDEX IF NOT EXISTS "django_admin_log_content_type_id_c4bce8eb" ON "django_admin_log" ("content_type_id");
CREATE INDEX IF NOT EXISTS "django_admin_log_user_id_c564eba6" ON "django_admin_log" ("user_id");
CREATE INDEX IF NOT EXISTS "django_session_expire_date_a5c62663" ON "django_session" ("expire_date");
CREATE INDEX IF NOT EXISTS "transactions_request_material_category_id_84a65bcb" ON "transactions_request_material" ("category_id");
CREATE INDEX IF NOT EXISTS "transactions_request_material_customer_name_id_595ce75f" ON "transactions_request_material" ("customer_name_id");
CREATE INDEX IF NOT EXISTS "transactions_request_material_size_id_0af0ed04" ON "transactions_request_material" ("size_id");
CREATE INDEX IF NOT EXISTS "transactions_stock_product_id_a5d05ba3" ON "transactions_stock" ("product_id");
CREATE INDEX IF NOT EXISTS "transactions_left_over_stock_product_id_496e6726" ON "transactions_left_over_stock" ("product_id");
CREATE INDEX IF NOT EXISTS "transactions_scratch_stock_product_id_fc013c5d" ON "transactions_scratch_stock" ("product_id");
CREATE INDEX IF NOT EXISTS "store_product_category_id_574bae65" ON "store_product" ("category_id");
CREATE INDEX IF NOT EXISTS "store_product_size_id_838e791c" ON "store_product" ("size_id");
CREATE INDEX IF NOT EXISTS "store_product_grade_id_e91b7efe" ON "store_product" ("grade_id");
CREATE INDEX IF NOT EXISTS "store_product_thickness_id_15f9ec05" ON "store_product" ("thickness_id");
CREATE INDEX IF NOT EXISTS "transactions_project_material_project_id_90779194" ON "transactions_project_material" ("project_id");
CREATE INDEX IF NOT EXISTS "transactions_project_material_product_id_ab5b686d" ON "transactions_project_material" ("product_id");
CREATE INDEX IF NOT EXISTS "store_product_qr_shelf_product_qr_id_856813f2" ON "store_product_qr_shelf" ("product_qr_id");
CREATE INDEX IF NOT EXISTS "store_product_qr_shelf_shelf_id_fae05d95" ON "store_product_qr_shelf" ("shelf_id");
CREATE INDEX IF NOT EXISTS "transactions_project_employee_name_id_7b0a05fb" ON "transactions_project" ("employee_name_id");
CREATE INDEX IF NOT EXISTS "transactions_project_customer_id_486874c1" ON "transactions_project" ("customer_id");
CREATE INDEX IF NOT EXISTS "transactions_material_history_previous_size_id_acf43c9f" ON "transactions_material_history" ("previous_size_id");
CREATE INDEX IF NOT EXISTS "transactions_material_history_used_size_id_5945fcdb" ON "transactions_material_history" ("used_size_id");
CREATE INDEX IF NOT EXISTS "transactions_material_history_left_size_id_c03bef36" ON "transactions_material_history" ("left_size_id");
CREATE INDEX IF NOT EXISTS "transactions_material_history_product_qr_id_84d50666" ON "transactions_material_history" ("product_qr_id");
CREATE INDEX IF NOT EXISTS "transactions_material_history_project_id_e3029f67" ON "transactions_material_history" ("project_id");
CREATE INDEX IF NOT EXISTS "transactions_project_matarial_qr_project_material_id_20ed3eaa" ON "transactions_project_matarial_qr" ("project_material_id");
CREATE INDEX IF NOT EXISTS "transactions_project_matarial_qr_product_qr_id_ab37a9e8" ON "transactions_project_matarial_qr" ("product_qr_id");
CREATE INDEX IF NOT EXISTS "transactions_project_matarial_qr_cutter_id_07e273ff" ON "transactions_project_matarial_qr" ("cutter_id");
CREATE INDEX IF NOT EXISTS "transactions_project_matarial_production_item_code_id_a555bfd9" ON "transactions_project_matarial_production" ("item_code_id");
CREATE INDEX IF NOT EXISTS "transactions_project_matarial_production_project_matarial_qr_id_1abd37c8" ON "transactions_project_matarial_production" ("project_matarial_qr_id");
CREATE INDEX IF NOT EXISTS "transactions_project_matarial_production_project_id_2cad15c4" ON "transactions_project_matarial_production" ("project_id");
CREATE INDEX IF NOT EXISTS "store_product_qr_product_id_19457833" ON "store_product_qr" ("product_id");
CREATE INDEX IF NOT EXISTS "store_product_qr_supplier_id_3be6e7c2" ON "store_product_qr" ("supplier_id");
CREATE TABLE IF NOT EXISTS "django_session" ("session_key" varchar(40) NOT NULL PRIMARY KEY, "session_data" text NOT NULL, "expire_date" datetime NOT NULL);
INSERT INTO "django_session" VALUES('lch6ubqph2us386x15o6mfmhzpvie6cw','.eJxVjDsOwjAQBe_iGlm7GGMvJX3OEK0_iwPIluKkQtwdIqWA9s3Me6mR16WMa8_zOCV1UagOv1vg-Mh1A-nO9dZ0bHWZp6A3Re-066Gl_Lzu7t9B4V6-NZyJLQJkCWAwkhgfnHgEsUB8JEfkkLOPKCmLPyVryDFHYnDGBlDvD9I5N6k:1qetnP:7Fb-UIiY8xTIWQ7sq7K2c__ZeqzRc0JXhNTNkmGmeUQ','2023-09-23 08:58:27.799480');
INSERT INTO "django_session" VALUES('jgf85r5vabzvfsb1wzf9hi8v0gy980g8','.eJxVjDsOwjAQBe_iGlm7GGMvJX3OEK0_iwPIluKkQtwdIqWA9s3Me6mR16WMa8_zOCV1UagOv1vg-Mh1A-nO9dZ0bHWZp6A3Re-066Gl_Lzu7t9B4V6-NZyJLQJkCWAwkhgfnHgEsUB8JEfkkLOPKCmLPyVryDFHYnDGBlDvD9I5N6k:1qetub:-uL7NtsWrUJcBmgcUmtCyhrXGfHJxt0HekA67IrOfzI','2023-09-23 09:05:53.228882');
INSERT INTO "django_session" VALUES('y3tg158u55jy8bl7uadun2i9d9kmwhqq','.eJxVjEEOwiAQRe_C2hAQChmX7j1DM8MMUjWQlHbVeHdt0oVu_3vvb2rEdSnj2mUeJ1YXdVan340wPaXugB9Y702nVpd5Ir0r-qBd3xrL63q4fwcFe_nWCZwRcEw4UE4YIiXwnnMAByg-oZEMlCMIQTTW-SEy8hDEWgPsSb0_Emc40Q:1qfnK3:KSMA2dW1Q1IlLBx7NtiwP6YrsQpt9RPndb72fgv1vqc','2023-09-25 20:15:51.579380');
INSERT INTO "django_session" VALUES('cr67kup7b9obmkxb2vul5q77rpmfh6ac','.eJxVjEEOwiAQRe_C2hAQChmX7j1DM8MMUjWQlHbVeHdt0oVu_3vvb2rEdSnj2mUeJ1YXdVan340wPaXugB9Y702nVpd5Ir0r-qBd3xrL63q4fwcFe_nWCZwRcEw4UE4YIiXwnnMAByg-oZEMlCMIQTTW-SEy8hDEWgPsSb0_Emc40Q:1qfoYe:ItaZISc8CkH4RlNP4n_zcu7enoR7poW9-W2ukLUQTL4','2023-09-25 21:35:00.890777');
INSERT INTO "django_session" VALUES('l8656k5r7bn9enx8g6grs6xmbcw3nd5q','.eJxVjDsOwjAQBe_iGlm7GGMvJX3OEK0_iwPIluKkQtwdIqWA9s3Me6mR16WMa8_zOCV1UagOv1vg-Mh1A-nO9dZ0bHWZp6A3Re-066Gl_Lzu7t9B4V6-NZyJLQJkCWAwkhgfnHgEsUB8JEfkkLOPKCmLPyVryDFHYnDGBlDvD9I5N6k:1qfzHn:7gUqigietqcUSC_Br2kxeGbOILk_C-PF2uu67NQMus4','2023-09-26 09:02:19.618960');
INSERT INTO "django_session" VALUES('nnxskvswc7wkj1w3g2ax3je7erwuqspg','.eJxVjDsOwjAQBe_iGln-ZmNKes5grb1rHECOFCcV4u4QKQW0b2beS0Tc1hq3zkucSJyFFqffLWF-cNsB3bHdZpnnti5TkrsiD9rldSZ-Xg7376Bir9-aiyLrIUMZwkDIVo86FaKiIFhTQAXvGDMq8mSNYh4Bg3OaPXgDSov3B_m0N9k:1qkhVd:KOi9uv1IE4LV_qe58QAmAEiHvH9YZYGSn7eqEDJW_eg','2023-10-09 09:04:05.142100');
CREATE UNIQUE INDEX "django_content_type_app_label_model_76bd3d3b_uniq" ON "django_content_type" ("app_label", "model");
CREATE UNIQUE INDEX "auth_group_permissions_group_id_permission_id_0cd325b0_uniq" ON "auth_group_permissions" ("group_id", "permission_id");
CREATE INDEX IF NOT EXISTS "auth_group_permissions_group_id_b120cbf9" ON "auth_group_permissions" ("group_id");
CREATE INDEX IF NOT EXISTS "auth_group_permissions_permission_id_84c5c92e" ON "auth_group_permissions" ("permission_id");
CREATE UNIQUE INDEX "auth_permission_content_type_id_codename_01ab375a_uniq" ON "auth_permission" ("content_type_id", "codename");
CREATE INDEX IF NOT EXISTS "auth_permission_content_type_id_2f476e4b" ON "auth_permission" ("content_type_id");
CREATE UNIQUE INDEX "users_user_groups_user_id_group_id_b88eab82_uniq" ON "users_user_groups" ("user_id", "group_id");
CREATE INDEX IF NOT EXISTS "users_user_groups_user_id_5f6f5a90" ON "users_user_groups" ("user_id");
CREATE INDEX IF NOT EXISTS "users_user_groups_group_id_9afc8d0e" ON "users_user_groups" ("group_id");
CREATE UNIQUE INDEX "users_user_user_permissions_user_id_permission_id_43338c45_uniq" ON "users_user_user_permissions" ("user_id", "permission_id");
CREATE INDEX IF NOT EXISTS "users_user_user_permissions_user_id_20aca447" ON "users_user_user_permissions" ("user_id");
CREATE INDEX IF NOT EXISTS "users_user_user_permissions_permission_id_0b93982e" ON "users_user_user_permissions" ("permission_id");
CREATE INDEX IF NOT EXISTS "django_admin_log_content_type_id_c4bce8eb" ON "django_admin_log" ("content_type_id");
CREATE INDEX IF NOT EXISTS "django_admin_log_user_id_c564eba6" ON "django_admin_log" ("user_id");
CREATE INDEX IF NOT EXISTS "django_session_expire_date_a5c62663" ON "django_session" ("expire_date");
CREATE INDEX IF NOT EXISTS "transactions_request_material_category_id_84a65bcb" ON "transactions_request_material" ("category_id");
CREATE INDEX IF NOT EXISTS "transactions_request_material_customer_name_id_595ce75f" ON "transactions_request_material" ("customer_name_id");
CREATE INDEX IF NOT EXISTS "transactions_request_material_size_id_0af0ed04" ON "transactions_request_material" ("size_id");
CREATE INDEX IF NOT EXISTS "transactions_stock_product_id_a5d05ba3" ON "transactions_stock" ("product_id");
CREATE INDEX IF NOT EXISTS "transactions_left_over_stock_product_id_496e6726" ON "transactions_left_over_stock" ("product_id");
CREATE INDEX IF NOT EXISTS "transactions_scratch_stock_product_id_fc013c5d" ON "transactions_scratch_stock" ("product_id");
CREATE INDEX IF NOT EXISTS "store_product_category_id_574bae65" ON "store_product" ("category_id");
CREATE INDEX IF NOT EXISTS "store_product_size_id_838e791c" ON "store_product" ("size_id");
CREATE INDEX IF NOT EXISTS "store_product_grade_id_e91b7efe" ON "store_product" ("grade_id");
CREATE INDEX IF NOT EXISTS "store_product_thickness_id_15f9ec05" ON "store_product" ("thickness_id");
CREATE INDEX IF NOT EXISTS "transactions_project_material_project_id_90779194" ON "transactions_project_material" ("project_id");
CREATE INDEX IF NOT EXISTS "transactions_project_material_product_id_ab5b686d" ON "transactions_project_material" ("product_id");
CREATE INDEX IF NOT EXISTS "store_product_qr_shelf_product_qr_id_856813f2" ON "store_product_qr_shelf" ("product_qr_id");
CREATE INDEX IF NOT EXISTS "store_product_qr_shelf_shelf_id_fae05d95" ON "store_product_qr_shelf" ("shelf_id");
CREATE INDEX IF NOT EXISTS "transactions_project_employee_name_id_7b0a05fb" ON "transactions_project" ("employee_name_id");
CREATE INDEX IF NOT EXISTS "transactions_project_customer_id_486874c1" ON "transactions_project" ("customer_id");
CREATE INDEX IF NOT EXISTS "transactions_material_history_previous_size_id_acf43c9f" ON "transactions_material_history" ("previous_size_id");
CREATE INDEX IF NOT EXISTS "transactions_material_history_used_size_id_5945fcdb" ON "transactions_material_history" ("used_size_id");
CREATE INDEX IF NOT EXISTS "transactions_material_history_left_size_id_c03bef36" ON "transactions_material_history" ("left_size_id");
CREATE INDEX IF NOT EXISTS "transactions_material_history_product_qr_id_84d50666" ON "transactions_material_history" ("product_qr_id");
CREATE INDEX IF NOT EXISTS "transactions_material_history_project_id_e3029f67" ON "transactions_material_history" ("project_id");
CREATE INDEX IF NOT EXISTS "transactions_project_matarial_qr_project_material_id_20ed3eaa" ON "transactions_project_matarial_qr" ("project_material_id");
CREATE INDEX IF NOT EXISTS "transactions_project_matarial_qr_product_qr_id_ab37a9e8" ON "transactions_project_matarial_qr" ("product_qr_id");
CREATE INDEX IF NOT EXISTS "transactions_project_matarial_qr_cutter_id_07e273ff" ON "transactions_project_matarial_qr" ("cutter_id");
CREATE INDEX IF NOT EXISTS "transactions_project_matarial_production_item_code_id_a555bfd9" ON "transactions_project_matarial_production" ("item_code_id");
CREATE INDEX IF NOT EXISTS "transactions_project_matarial_production_project_matarial_qr_id_1abd37c8" ON "transactions_project_matarial_production" ("project_matarial_qr_id");
CREATE INDEX IF NOT EXISTS "transactions_project_matarial_production_project_id_2cad15c4" ON "transactions_project_matarial_production" ("project_id");
CREATE INDEX IF NOT EXISTS "store_product_qr_product_id_19457833" ON "store_product_qr" ("product_id");
CREATE INDEX IF NOT EXISTS "store_product_qr_supplier_id_3be6e7c2" ON "store_product_qr" ("supplier_id");
CREATE TABLE IF NOT EXISTS "store_category" ("id" integer NOT NULL PRIMARY KEY AUTOINCREMENT, "name" varchar(120) NOT NULL);
INSERT INTO "store_category" VALUES(1,'Stainless Steel');
INSERT INTO "store_category" VALUES(2,'Aluminium');
CREATE UNIQUE INDEX "django_content_type_app_label_model_76bd3d3b_uniq" ON "django_content_type" ("app_label", "model");
CREATE UNIQUE INDEX "auth_group_permissions_group_id_permission_id_0cd325b0_uniq" ON "auth_group_permissions" ("group_id", "permission_id");
CREATE INDEX IF NOT EXISTS "auth_group_permissions_group_id_b120cbf9" ON "auth_group_permissions" ("group_id");
CREATE INDEX IF NOT EXISTS "auth_group_permissions_permission_id_84c5c92e" ON "auth_group_permissions" ("permission_id");
CREATE UNIQUE INDEX "auth_permission_content_type_id_codename_01ab375a_uniq" ON "auth_permission" ("content_type_id", "codename");
CREATE INDEX IF NOT EXISTS "auth_permission_content_type_id_2f476e4b" ON "auth_permission" ("content_type_id");
CREATE UNIQUE INDEX "users_user_groups_user_id_group_id_b88eab82_uniq" ON "users_user_groups" ("user_id", "group_id");
CREATE INDEX IF NOT EXISTS "users_user_groups_user_id_5f6f5a90" ON "users_user_groups" ("user_id");
CREATE INDEX IF NOT EXISTS "users_user_groups_group_id_9afc8d0e" ON "users_user_groups" ("group_id");
CREATE UNIQUE INDEX "users_user_user_permissions_user_id_permission_id_43338c45_uniq" ON "users_user_user_permissions" ("user_id", "permission_id");
CREATE INDEX IF NOT EXISTS "users_user_user_permissions_user_id_20aca447" ON "users_user_user_permissions" ("user_id");
CREATE INDEX IF NOT EXISTS "users_user_user_permissions_permission_id_0b93982e" ON "users_user_user_permissions" ("permission_id");
CREATE INDEX IF NOT EXISTS "django_admin_log_content_type_id_c4bce8eb" ON "django_admin_log" ("content_type_id");
CREATE INDEX IF NOT EXISTS "django_admin_log_user_id_c564eba6" ON "django_admin_log" ("user_id");
CREATE INDEX IF NOT EXISTS "django_session_expire_date_a5c62663" ON "django_session" ("expire_date");
CREATE INDEX IF NOT EXISTS "transactions_request_material_category_id_84a65bcb" ON "transactions_request_material" ("category_id");
CREATE INDEX IF NOT EXISTS "transactions_request_material_customer_name_id_595ce75f" ON "transactions_request_material" ("customer_name_id");
CREATE INDEX IF NOT EXISTS "transactions_request_material_size_id_0af0ed04" ON "transactions_request_material" ("size_id");
CREATE INDEX IF NOT EXISTS "transactions_stock_product_id_a5d05ba3" ON "transactions_stock" ("product_id");
CREATE INDEX IF NOT EXISTS "transactions_left_over_stock_product_id_496e6726" ON "transactions_left_over_stock" ("product_id");
CREATE INDEX IF NOT EXISTS "transactions_scratch_stock_product_id_fc013c5d" ON "transactions_scratch_stock" ("product_id");
CREATE INDEX IF NOT EXISTS "store_product_category_id_574bae65" ON "store_product" ("category_id");
CREATE INDEX IF NOT EXISTS "store_product_size_id_838e791c" ON "store_product" ("size_id");
CREATE INDEX IF NOT EXISTS "store_product_grade_id_e91b7efe" ON "store_product" ("grade_id");
CREATE INDEX IF NOT EXISTS "store_product_thickness_id_15f9ec05" ON "store_product" ("thickness_id");
CREATE INDEX IF NOT EXISTS "transactions_project_material_project_id_90779194" ON "transactions_project_material" ("project_id");
CREATE INDEX IF NOT EXISTS "transactions_project_material_product_id_ab5b686d" ON "transactions_project_material" ("product_id");
CREATE INDEX IF NOT EXISTS "store_product_qr_shelf_product_qr_id_856813f2" ON "store_product_qr_shelf" ("product_qr_id");
CREATE INDEX IF NOT EXISTS "store_product_qr_shelf_shelf_id_fae05d95" ON "store_product_qr_shelf" ("shelf_id");
CREATE INDEX IF NOT EXISTS "transactions_project_employee_name_id_7b0a05fb" ON "transactions_project" ("employee_name_id");
CREATE INDEX IF NOT EXISTS "transactions_project_customer_id_486874c1" ON "transactions_project" ("customer_id");
CREATE INDEX IF NOT EXISTS "transactions_material_history_previous_size_id_acf43c9f" ON "transactions_material_history" ("previous_size_id");
CREATE INDEX IF NOT EXISTS "transactions_material_history_used_size_id_5945fcdb" ON "transactions_material_history" ("used_size_id");
CREATE INDEX IF NOT EXISTS "transactions_material_history_left_size_id_c03bef36" ON "transactions_material_history" ("left_size_id");
CREATE INDEX IF NOT EXISTS "transactions_material_history_product_qr_id_84d50666" ON "transactions_material_history" ("product_qr_id");
CREATE INDEX IF NOT EXISTS "transactions_material_history_project_id_e3029f67" ON "transactions_material_history" ("project_id");
CREATE INDEX IF NOT EXISTS "transactions_project_matarial_qr_project_material_id_20ed3eaa" ON "transactions_project_matarial_qr" ("project_material_id");
CREATE INDEX IF NOT EXISTS "transactions_project_matarial_qr_product_qr_id_ab37a9e8" ON "transactions_project_matarial_qr" ("product_qr_id");
CREATE INDEX IF NOT EXISTS "transactions_project_matarial_qr_cutter_id_07e273ff" ON "transactions_project_matarial_qr" ("cutter_id");
CREATE INDEX IF NOT EXISTS "transactions_project_matarial_production_item_code_id_a555bfd9" ON "transactions_project_matarial_production" ("item_code_id");
CREATE INDEX IF NOT EXISTS "transactions_project_matarial_production_project_matarial_qr_id_1abd37c8" ON "transactions_project_matarial_production" ("project_matarial_qr_id");
CREATE INDEX IF NOT EXISTS "transactions_project_matarial_production_project_id_2cad15c4" ON "transactions_project_matarial_production" ("project_id");
CREATE INDEX IF NOT EXISTS "store_product_qr_product_id_19457833" ON "store_product_qr" ("product_id");
CREATE INDEX IF NOT EXISTS "store_product_qr_supplier_id_3be6e7c2" ON "store_product_qr" ("supplier_id");
CREATE TABLE IF NOT EXISTS "store_customer" ("id" integer NOT NULL PRIMARY KEY AUTOINCREMENT, "name" varchar(120) NOT NULL, "address" varchar(120) NOT NULL, "mobile_no" integer NOT NULL);
INSERT INTO "store_customer" VALUES(1,'Hyt','demo',123);
INSERT INTO "store_customer" VALUES(2,'FM','demo',123);
INSERT INTO "store_customer" VALUES(3,'Hydro teck','demo',123);
INSERT INTO "store_customer" VALUES(4,'SGL','demo',123);
CREATE UNIQUE INDEX "django_content_type_app_label_model_76bd3d3b_uniq" ON "django_content_type" ("app_label", "model");
CREATE UNIQUE INDEX "auth_group_permissions_group_id_permission_id_0cd325b0_uniq" ON "auth_group_permissions" ("group_id", "permission_id");
CREATE INDEX IF NOT EXISTS "auth_group_permissions_group_id_b120cbf9" ON "auth_group_permissions" ("group_id");
CREATE INDEX IF NOT EXISTS "auth_group_permissions_permission_id_84c5c92e" ON "auth_group_permissions" ("permission_id");
CREATE UNIQUE INDEX "auth_permission_content_type_id_codename_01ab375a_uniq" ON "auth_permission" ("content_type_id", "codename");
CREATE INDEX IF NOT EXISTS "auth_permission_content_type_id_2f476e4b" ON "auth_permission" ("content_type_id");
CREATE UNIQUE INDEX "users_user_groups_user_id_group_id_b88eab82_uniq" ON "users_user_groups" ("user_id", "group_id");
CREATE INDEX IF NOT EXISTS "users_user_groups_user_id_5f6f5a90" ON "users_user_groups" ("user_id");
CREATE INDEX IF NOT EXISTS "users_user_groups_group_id_9afc8d0e" ON "users_user_groups" ("group_id");
CREATE UNIQUE INDEX "users_user_user_permissions_user_id_permission_id_43338c45_uniq" ON "users_user_user_permissions" ("user_id", "permission_id");
CREATE INDEX IF NOT EXISTS "users_user_user_permissions_user_id_20aca447" ON "users_user_user_permissions" ("user_id");
CREATE INDEX IF NOT EXISTS "users_user_user_permissions_permission_id_0b93982e" ON "users_user_user_permissions" ("permission_id");
CREATE INDEX IF NOT EXISTS "django_admin_log_content_type_id_c4bce8eb" ON "django_admin_log" ("content_type_id");
CREATE INDEX IF NOT EXISTS "django_admin_log_user_id_c564eba6" ON "django_admin_log" ("user_id");
CREATE INDEX IF NOT EXISTS "django_session_expire_date_a5c62663" ON "django_session" ("expire_date");
CREATE INDEX IF NOT EXISTS "transactions_request_material_category_id_84a65bcb" ON "transactions_request_material" ("category_id");
CREATE INDEX IF NOT EXISTS "transactions_request_material_customer_name_id_595ce75f" ON "transactions_request_material" ("customer_name_id");
CREATE INDEX IF NOT EXISTS "transactions_request_material_size_id_0af0ed04" ON "transactions_request_material" ("size_id");
CREATE INDEX IF NOT EXISTS "transactions_stock_product_id_a5d05ba3" ON "transactions_stock" ("product_id");
CREATE INDEX IF NOT EXISTS "transactions_left_over_stock_product_id_496e6726" ON "transactions_left_over_stock" ("product_id");
CREATE INDEX IF NOT EXISTS "transactions_scratch_stock_product_id_fc013c5d" ON "transactions_scratch_stock" ("product_id");
CREATE INDEX IF NOT EXISTS "store_product_category_id_574bae65" ON "store_product" ("category_id");
CREATE INDEX IF NOT EXISTS "store_product_size_id_838e791c" ON "store_product" ("size_id");
CREATE INDEX IF NOT EXISTS "store_product_grade_id_e91b7efe" ON "store_product" ("grade_id");
CREATE INDEX IF NOT EXISTS "store_product_thickness_id_15f9ec05" ON "store_product" ("thickness_id");
CREATE INDEX IF NOT EXISTS "transactions_project_material_project_id_90779194" ON "transactions_project_material" ("project_id");
CREATE INDEX IF NOT EXISTS "transactions_project_material_product_id_ab5b686d" ON "transactions_project_material" ("product_id");
CREATE INDEX IF NOT EXISTS "store_product_qr_shelf_product_qr_id_856813f2" ON "store_product_qr_shelf" ("product_qr_id");
CREATE INDEX IF NOT EXISTS "store_product_qr_shelf_shelf_id_fae05d95" ON "store_product_qr_shelf" ("shelf_id");
CREATE INDEX IF NOT EXISTS "transactions_project_employee_name_id_7b0a05fb" ON "transactions_project" ("employee_name_id");
CREATE INDEX IF NOT EXISTS "transactions_project_customer_id_486874c1" ON "transactions_project" ("customer_id");
CREATE INDEX IF NOT EXISTS "transactions_material_history_previous_size_id_acf43c9f" ON "transactions_material_history" ("previous_size_id");
CREATE INDEX IF NOT EXISTS "transactions_material_history_used_size_id_5945fcdb" ON "transactions_material_history" ("used_size_id");
CREATE INDEX IF NOT EXISTS "transactions_material_history_left_size_id_c03bef36" ON "transactions_material_history" ("left_size_id");
CREATE INDEX IF NOT EXISTS "transactions_material_history_product_qr_id_84d50666" ON "transactions_material_history" ("product_qr_id");
CREATE INDEX IF NOT EXISTS "transactions_material_history_project_id_e3029f67" ON "transactions_material_history" ("project_id");
CREATE INDEX IF NOT EXISTS "transactions_project_matarial_qr_project_material_id_20ed3eaa" ON "transactions_project_matarial_qr" ("project_material_id");
CREATE INDEX IF NOT EXISTS "transactions_project_matarial_qr_product_qr_id_ab37a9e8" ON "transactions_project_matarial_qr" ("product_qr_id");
CREATE INDEX IF NOT EXISTS "transactions_project_matarial_qr_cutter_id_07e273ff" ON "transactions_project_matarial_qr" ("cutter_id");
CREATE INDEX IF NOT EXISTS "transactions_project_matarial_production_item_code_id_a555bfd9" ON "transactions_project_matarial_production" ("item_code_id");
CREATE INDEX IF NOT EXISTS "transactions_project_matarial_production_project_matarial_qr_id_1abd37c8" ON "transactions_project_matarial_production" ("project_matarial_qr_id");
CREATE INDEX IF NOT EXISTS "transactions_project_matarial_production_project_id_2cad15c4" ON "transactions_project_matarial_production" ("project_id");
CREATE INDEX IF NOT EXISTS "store_product_qr_product_id_19457833" ON "store_product_qr" ("product_id");
CREATE INDEX IF NOT EXISTS "store_product_qr_supplier_id_3be6e7c2" ON "store_product_qr" ("supplier_id");
CREATE TABLE IF NOT EXISTS "store_cutter" ("id" integer NOT NULL PRIMARY KEY AUTOINCREMENT, "name" varchar(120) NOT NULL, "address" varchar(120) NOT NULL, "mobile_no" integer NOT NULL);
INSERT INTO "store_cutter" VALUES(1,'assets','wew',34);
CREATE UNIQUE INDEX "django_content_type_app_label_model_76bd3d3b_uniq" ON "django_content_type" ("app_label", "model");
CREATE UNIQUE INDEX "auth_group_permissions_group_id_permission_id_0cd325b0_uniq" ON "auth_group_permissions" ("group_id", "permission_id");
CREATE INDEX IF NOT EXISTS "auth_group_permissions_group_id_b120cbf9" ON "auth_group_permissions" ("group_id");
CREATE INDEX IF NOT EXISTS "auth_group_permissions_permission_id_84c5c92e" ON "auth_group_permissions" ("permission_id");
CREATE UNIQUE INDEX "auth_permission_content_type_id_codename_01ab375a_uniq" ON "auth_permission" ("content_type_id", "codename");
CREATE INDEX IF NOT EXISTS "auth_permission_content_type_id_2f476e4b" ON "auth_permission" ("content_type_id");
CREATE UNIQUE INDEX "users_user_groups_user_id_group_id_b88eab82_uniq" ON "users_user_groups" ("user_id", "group_id");
CREATE INDEX IF NOT EXISTS "users_user_groups_user_id_5f6f5a90" ON "users_user_groups" ("user_id");
CREATE INDEX IF NOT EXISTS "users_user_groups_group_id_9afc8d0e" ON "users_user_groups" ("group_id");
CREATE UNIQUE INDEX "users_user_user_permissions_user_id_permission_id_43338c45_uniq" ON "users_user_user_permissions" ("user_id", "permission_id");
CREATE INDEX IF NOT EXISTS "users_user_user_permissions_user_id_20aca447" ON "users_user_user_permissions" ("user_id");
CREATE INDEX IF NOT EXISTS "users_user_user_permissions_permission_id_0b93982e" ON "users_user_user_permissions" ("permission_id");
CREATE INDEX IF NOT EXISTS "django_admin_log_content_type_id_c4bce8eb" ON "django_admin_log" ("content_type_id");
CREATE INDEX IF NOT EXISTS "django_admin_log_user_id_c564eba6" ON "django_admin_log" ("user_id");
CREATE INDEX IF NOT EXISTS "django_session_expire_date_a5c62663" ON "django_session" ("expire_date");
CREATE INDEX IF NOT EXISTS "transactions_request_material_category_id_84a65bcb" ON "transactions_request_material" ("category_id");
CREATE INDEX IF NOT EXISTS "transactions_request_material_customer_name_id_595ce75f" ON "transactions_request_material" ("customer_name_id");
CREATE INDEX IF NOT EXISTS "transactions_request_material_size_id_0af0ed04" ON "transactions_request_material" ("size_id");
CREATE INDEX IF NOT EXISTS "transactions_stock_product_id_a5d05ba3" ON "transactions_stock" ("product_id");
CREATE INDEX IF NOT EXISTS "transactions_left_over_stock_product_id_496e6726" ON "transactions_left_over_stock" ("product_id");
CREATE INDEX IF NOT EXISTS "transactions_scratch_stock_product_id_fc013c5d" ON "transactions_scratch_stock" ("product_id");
CREATE INDEX IF NOT EXISTS "store_product_category_id_574bae65" ON "store_product" ("category_id");
CREATE INDEX IF NOT EXISTS "store_product_size_id_838e791c" ON "store_product" ("size_id");
CREATE INDEX IF NOT EXISTS "store_product_grade_id_e91b7efe" ON "store_product" ("grade_id");
CREATE INDEX IF NOT EXISTS "store_product_thickness_id_15f9ec05" ON "store_product" ("thickness_id");
CREATE INDEX IF NOT EXISTS "transactions_project_material_project_id_90779194" ON "transactions_project_material" ("project_id");
CREATE INDEX IF NOT EXISTS "transactions_project_material_product_id_ab5b686d" ON "transactions_project_material" ("product_id");
CREATE INDEX IF NOT EXISTS "store_product_qr_shelf_product_qr_id_856813f2" ON "store_product_qr_shelf" ("product_qr_id");
CREATE INDEX IF NOT EXISTS "store_product_qr_shelf_shelf_id_fae05d95" ON "store_product_qr_shelf" ("shelf_id");
CREATE INDEX IF NOT EXISTS "transactions_project_employee_name_id_7b0a05fb" ON "transactions_project" ("employee_name_id");
CREATE INDEX IF NOT EXISTS "transactions_project_customer_id_486874c1" ON "transactions_project" ("customer_id");
CREATE INDEX IF NOT EXISTS "transactions_material_history_previous_size_id_acf43c9f" ON "transactions_material_history" ("previous_size_id");
CREATE INDEX IF NOT EXISTS "transactions_material_history_used_size_id_5945fcdb" ON "transactions_material_history" ("used_size_id");
CREATE INDEX IF NOT EXISTS "transactions_material_history_left_size_id_c03bef36" ON "transactions_material_history" ("left_size_id");
CREATE INDEX IF NOT EXISTS "transactions_material_history_product_qr_id_84d50666" ON "transactions_material_history" ("product_qr_id");
CREATE INDEX IF NOT EXISTS "transactions_material_history_project_id_e3029f67" ON "transactions_material_history" ("project_id");
CREATE INDEX IF NOT EXISTS "transactions_project_matarial_qr_project_material_id_20ed3eaa" ON "transactions_project_matarial_qr" ("project_material_id");
CREATE INDEX IF NOT EXISTS "transactions_project_matarial_qr_product_qr_id_ab37a9e8" ON "transactions_project_matarial_qr" ("product_qr_id");
CREATE INDEX IF NOT EXISTS "transactions_project_matarial_qr_cutter_id_07e273ff" ON "transactions_project_matarial_qr" ("cutter_id");
CREATE INDEX IF NOT EXISTS "transactions_project_matarial_production_item_code_id_a555bfd9" ON "transactions_project_matarial_production" ("item_code_id");
CREATE INDEX IF NOT EXISTS "transactions_project_matarial_production_project_matarial_qr_id_1abd37c8" ON "transactions_project_matarial_production" ("project_matarial_qr_id");
CREATE INDEX IF NOT EXISTS "transactions_project_matarial_production_project_id_2cad15c4" ON "transactions_project_matarial_production" ("project_id");
CREATE INDEX IF NOT EXISTS "store_product_qr_product_id_19457833" ON "store_product_qr" ("product_id");
CREATE INDEX IF NOT EXISTS "store_product_qr_supplier_id_3be6e7c2" ON "store_product_qr" ("supplier_id");
CREATE TABLE IF NOT EXISTS "store_dealer" ("id" integer NOT NULL PRIMARY KEY AUTOINCREMENT, "name" varchar(120) NOT NULL, "address" varchar(120) NOT NULL, "mobile_no" integer NOT NULL);
INSERT INTO "store_dealer" VALUES(1,'swiss inox','demo',123);
INSERT INTO "store_dealer" VALUES(2,'Riddhi Siddhi','abc',123);
INSERT INTO "store_dealer" VALUES(3,'Porwal','abc',123);
INSERT INTO "store_dealer" VALUES(4,'Ranka','abc',123);
CREATE UNIQUE INDEX "django_content_type_app_label_model_76bd3d3b_uniq" ON "django_content_type" ("app_label", "model");
CREATE UNIQUE INDEX "auth_group_permissions_group_id_permission_id_0cd325b0_uniq" ON "auth_group_permissions" ("group_id", "permission_id");
CREATE INDEX IF NOT EXISTS "auth_group_permissions_group_id_b120cbf9" ON "auth_group_permissions" ("group_id");
CREATE INDEX IF NOT EXISTS "auth_group_permissions_permission_id_84c5c92e" ON "auth_group_permissions" ("permission_id");
CREATE UNIQUE INDEX "auth_permission_content_type_id_codename_01ab375a_uniq" ON "auth_permission" ("content_type_id", "codename");
CREATE INDEX IF NOT EXISTS "auth_permission_content_type_id_2f476e4b" ON "auth_permission" ("content_type_id");
CREATE UNIQUE INDEX "users_user_groups_user_id_group_id_b88eab82_uniq" ON "users_user_groups" ("user_id", "group_id");
CREATE INDEX IF NOT EXISTS "users_user_groups_user_id_5f6f5a90" ON "users_user_groups" ("user_id");
CREATE INDEX IF NOT EXISTS "users_user_groups_group_id_9afc8d0e" ON "users_user_groups" ("group_id");
CREATE UNIQUE INDEX "users_user_user_permissions_user_id_permission_id_43338c45_uniq" ON "users_user_user_permissions" ("user_id", "permission_id");
CREATE INDEX IF NOT EXISTS "users_user_user_permissions_user_id_20aca447" ON "users_user_user_permissions" ("user_id");
CREATE INDEX IF NOT EXISTS "users_user_user_permissions_permission_id_0b93982e" ON "users_user_user_permissions" ("permission_id");
CREATE INDEX IF NOT EXISTS "django_admin_log_content_type_id_c4bce8eb" ON "django_admin_log" ("content_type_id");
CREATE INDEX IF NOT EXISTS "django_admin_log_user_id_c564eba6" ON "django_admin_log" ("user_id");
CREATE INDEX IF NOT EXISTS "django_session_expire_date_a5c62663" ON "django_session" ("expire_date");
CREATE INDEX IF NOT EXISTS "transactions_request_material_category_id_84a65bcb" ON "transactions_request_material" ("category_id");
CREATE INDEX IF NOT EXISTS "transactions_request_material_customer_name_id_595ce75f" ON "transactions_request_material" ("customer_name_id");
CREATE INDEX IF NOT EXISTS "transactions_request_material_size_id_0af0ed04" ON "transactions_request_material" ("size_id");
CREATE INDEX IF NOT EXISTS "transactions_stock_product_id_a5d05ba3" ON "transactions_stock" ("product_id");
CREATE INDEX IF NOT EXISTS "transactions_left_over_stock_product_id_496e6726" ON "transactions_left_over_stock" ("product_id");
CREATE INDEX IF NOT EXISTS "transactions_scratch_stock_product_id_fc013c5d" ON "transactions_scratch_stock" ("product_id");
CREATE INDEX IF NOT EXISTS "store_product_category_id_574bae65" ON "store_product" ("category_id");
CREATE INDEX IF NOT EXISTS "store_product_size_id_838e791c" ON "store_product" ("size_id");
CREATE INDEX IF NOT EXISTS "store_product_grade_id_e91b7efe" ON "store_product" ("grade_id");
CREATE INDEX IF NOT EXISTS "store_product_thickness_id_15f9ec05" ON "store_product" ("thickness_id");
CREATE INDEX IF NOT EXISTS "transactions_project_material_project_id_90779194" ON "transactions_project_material" ("project_id");
CREATE INDEX IF NOT EXISTS "transactions_project_material_product_id_ab5b686d" ON "transactions_project_material" ("product_id");
CREATE INDEX IF NOT EXISTS "store_product_qr_shelf_product_qr_id_856813f2" ON "store_product_qr_shelf" ("product_qr_id");
CREATE INDEX IF NOT EXISTS "store_product_qr_shelf_shelf_id_fae05d95" ON "store_product_qr_shelf" ("shelf_id");
CREATE INDEX IF NOT EXISTS "transactions_project_employee_name_id_7b0a05fb" ON "transactions_project" ("employee_name_id");
CREATE INDEX IF NOT EXISTS "transactions_project_customer_id_486874c1" ON "transactions_project" ("customer_id");
CREATE INDEX IF NOT EXISTS "transactions_material_history_previous_size_id_acf43c9f" ON "transactions_material_history" ("previous_size_id");
CREATE INDEX IF NOT EXISTS "transactions_material_history_used_size_id_5945fcdb" ON "transactions_material_history" ("used_size_id");
CREATE INDEX IF NOT EXISTS "transactions_material_history_left_size_id_c03bef36" ON "transactions_material_history" ("left_size_id");
CREATE INDEX IF NOT EXISTS "transactions_material_history_product_qr_id_84d50666" ON "transactions_material_history" ("product_qr_id");
CREATE INDEX IF NOT EXISTS "transactions_material_history_project_id_e3029f67" ON "transactions_material_history" ("project_id");
CREATE INDEX IF NOT EXISTS "transactions_project_matarial_qr_project_material_id_20ed3eaa" ON "transactions_project_matarial_qr" ("project_material_id");
CREATE INDEX IF NOT EXISTS "transactions_project_matarial_qr_product_qr_id_ab37a9e8" ON "transactions_project_matarial_qr" ("product_qr_id");
CREATE INDEX IF NOT EXISTS "transactions_project_matarial_qr_cutter_id_07e273ff" ON "transactions_project_matarial_qr" ("cutter_id");
CREATE INDEX IF NOT EXISTS "transactions_project_matarial_production_item_code_id_a555bfd9" ON "transactions_project_matarial_production" ("item_code_id");
CREATE INDEX IF NOT EXISTS "transactions_project_matarial_production_project_matarial_qr_id_1abd37c8" ON "transactions_project_matarial_production" ("project_matarial_qr_id");
CREATE INDEX IF NOT EXISTS "transactions_project_matarial_production_project_id_2cad15c4" ON "transactions_project_matarial_production" ("project_id");
CREATE INDEX IF NOT EXISTS "store_product_qr_product_id_19457833" ON "store_product_qr" ("product_id");
CREATE INDEX IF NOT EXISTS "store_product_qr_supplier_id_3be6e7c2" ON "store_product_qr" ("supplier_id");
CREATE TABLE IF NOT EXISTS "store_employee" ("id" integer NOT NULL PRIMARY KEY AUTOINCREMENT, "name" varchar(120) NOT NULL, "address" varchar(120) NOT NULL, "mobile_no" integer NOT NULL);
INSERT INTO "store_employee" VALUES(1,'manish','demo',123);
CREATE UNIQUE INDEX "django_content_type_app_label_model_76bd3d3b_uniq" ON "django_content_type" ("app_label", "model");
CREATE UNIQUE INDEX "auth_group_permissions_group_id_permission_id_0cd325b0_uniq" ON "auth_group_permissions" ("group_id", "permission_id");
CREATE INDEX IF NOT EXISTS "auth_group_permissions_group_id_b120cbf9" ON "auth_group_permissions" ("group_id");
CREATE INDEX IF NOT EXISTS "auth_group_permissions_permission_id_84c5c92e" ON "auth_group_permissions" ("permission_id");
CREATE UNIQUE INDEX "auth_permission_content_type_id_codename_01ab375a_uniq" ON "auth_permission" ("content_type_id", "codename");
CREATE INDEX IF NOT EXISTS "auth_permission_content_type_id_2f476e4b" ON "auth_permission" ("content_type_id");
CREATE UNIQUE INDEX "users_user_groups_user_id_group_id_b88eab82_uniq" ON "users_user_groups" ("user_id", "group_id");
CREATE INDEX IF NOT EXISTS "users_user_groups_user_id_5f6f5a90" ON "users_user_groups" ("user_id");
CREATE INDEX IF NOT EXISTS "users_user_groups_group_id_9afc8d0e" ON "users_user_groups" ("group_id");
CREATE UNIQUE INDEX "users_user_user_permissions_user_id_permission_id_43338c45_uniq" ON "users_user_user_permissions" ("user_id", "permission_id");
CREATE INDEX IF NOT EXISTS "users_user_user_permissions_user_id_20aca447" ON "users_user_user_permissions" ("user_id");
CREATE INDEX IF NOT EXISTS "users_user_user_permissions_permission_id_0b93982e" ON "users_user_user_permissions" ("permission_id");
CREATE INDEX IF NOT EXISTS "django_admin_log_content_type_id_c4bce8eb" ON "django_admin_log" ("content_type_id");
CREATE INDEX IF NOT EXISTS "django_admin_log_user_id_c564eba6" ON "django_admin_log" ("user_id");
CREATE INDEX IF NOT EXISTS "django_session_expire_date_a5c62663" ON "django_session" ("expire_date");
CREATE INDEX IF NOT EXISTS "transactions_request_material_category_id_84a65bcb" ON "transactions_request_material" ("category_id");
CREATE INDEX IF NOT EXISTS "transactions_request_material_customer_name_id_595ce75f" ON "transactions_request_material" ("customer_name_id");
CREATE INDEX IF NOT EXISTS "transactions_request_material_size_id_0af0ed04" ON "transactions_request_material" ("size_id");
CREATE INDEX IF NOT EXISTS "transactions_stock_product_id_a5d05ba3" ON "transactions_stock" ("product_id");
CREATE INDEX IF NOT EXISTS "transactions_left_over_stock_product_id_496e6726" ON "transactions_left_over_stock" ("product_id");
CREATE INDEX IF NOT EXISTS "transactions_scratch_stock_product_id_fc013c5d" ON "transactions_scratch_stock" ("product_id");
CREATE INDEX IF NOT EXISTS "store_product_category_id_574bae65" ON "store_product" ("category_id");
CREATE INDEX IF NOT EXISTS "store_product_size_id_838e791c" ON "store_product" ("size_id");
CREATE INDEX IF NOT EXISTS "store_product_grade_id_e91b7efe" ON "store_product" ("grade_id");
CREATE INDEX IF NOT EXISTS "store_product_thickness_id_15f9ec05" ON "store_product" ("thickness_id");
CREATE INDEX IF NOT EXISTS "transactions_project_material_project_id_90779194" ON "transactions_project_material" ("project_id");
CREATE INDEX IF NOT EXISTS "transactions_project_material_product_id_ab5b686d" ON "transactions_project_material" ("product_id");
CREATE INDEX IF NOT EXISTS "store_product_qr_shelf_product_qr_id_856813f2" ON "store_product_qr_shelf" ("product_qr_id");
CREATE INDEX IF NOT EXISTS "store_product_qr_shelf_shelf_id_fae05d95" ON "store_product_qr_shelf" ("shelf_id");
CREATE INDEX IF NOT EXISTS "transactions_project_employee_name_id_7b0a05fb" ON "transactions_project" ("employee_name_id");
CREATE INDEX IF NOT EXISTS "transactions_project_customer_id_486874c1" ON "transactions_project" ("customer_id");
CREATE INDEX IF NOT EXISTS "transactions_material_history_previous_size_id_acf43c9f" ON "transactions_material_history" ("previous_size_id");
CREATE INDEX IF NOT EXISTS "transactions_material_history_used_size_id_5945fcdb" ON "transactions_material_history" ("used_size_id");
CREATE INDEX IF NOT EXISTS "transactions_material_history_left_size_id_c03bef36" ON "transactions_material_history" ("left_size_id");
CREATE INDEX IF NOT EXISTS "transactions_material_history_product_qr_id_84d50666" ON "transactions_material_history" ("product_qr_id");
CREATE INDEX IF NOT EXISTS "transactions_material_history_project_id_e3029f67" ON "transactions_material_history" ("project_id");
CREATE INDEX IF NOT EXISTS "transactions_project_matarial_qr_project_material_id_20ed3eaa" ON "transactions_project_matarial_qr" ("project_material_id");
CREATE INDEX IF NOT EXISTS "transactions_project_matarial_qr_product_qr_id_ab37a9e8" ON "transactions_project_matarial_qr" ("product_qr_id");
CREATE INDEX IF NOT EXISTS "transactions_project_matarial_qr_cutter_id_07e273ff" ON "transactions_project_matarial_qr" ("cutter_id");
CREATE INDEX IF NOT EXISTS "transactions_project_matarial_production_item_code_id_a555bfd9" ON "transactions_project_matarial_production" ("item_code_id");
CREATE INDEX IF NOT EXISTS "transactions_project_matarial_production_project_matarial_qr_id_1abd37c8" ON "transactions_project_matarial_production" ("project_matarial_qr_id");
CREATE INDEX IF NOT EXISTS "transactions_project_matarial_production_project_id_2cad15c4" ON "transactions_project_matarial_production" ("project_id");
CREATE INDEX IF NOT EXISTS "store_product_qr_product_id_19457833" ON "store_product_qr" ("product_id");
CREATE INDEX IF NOT EXISTS "store_product_qr_supplier_id_3be6e7c2" ON "store_product_qr" ("supplier_id");
CREATE TABLE IF NOT EXISTS "store_godown" ("id" integer NOT NULL PRIMARY KEY AUTOINCREMENT, "name" varchar(120) NOT NULL);
INSERT INTO "store_godown" VALUES(1,'A');
CREATE UNIQUE INDEX "django_content_type_app_label_model_76bd3d3b_uniq" ON "django_content_type" ("app_label", "model");
CREATE UNIQUE INDEX "auth_group_permissions_group_id_permission_id_0cd325b0_uniq" ON "auth_group_permissions" ("group_id", "permission_id");
CREATE INDEX IF NOT EXISTS "auth_group_permissions_group_id_b120cbf9" ON "auth_group_permissions" ("group_id");
CREATE INDEX IF NOT EXISTS "auth_group_permissions_permission_id_84c5c92e" ON "auth_group_permissions" ("permission_id");
CREATE UNIQUE INDEX "auth_permission_content_type_id_codename_01ab375a_uniq" ON "auth_permission" ("content_type_id", "codename");
CREATE INDEX IF NOT EXISTS "auth_permission_content_type_id_2f476e4b" ON "auth_permission" ("content_type_id");
CREATE UNIQUE INDEX "users_user_groups_user_id_group_id_b88eab82_uniq" ON "users_user_groups" ("user_id", "group_id");
CREATE INDEX IF NOT EXISTS "users_user_groups_user_id_5f6f5a90" ON "users_user_groups" ("user_id");
CREATE INDEX IF NOT EXISTS "users_user_groups_group_id_9afc8d0e" ON "users_user_groups" ("group_id");
CREATE UNIQUE INDEX "users_user_user_permissions_user_id_permission_id_43338c45_uniq" ON "users_user_user_permissions" ("user_id", "permission_id");
CREATE INDEX IF NOT EXISTS "users_user_user_permissions_user_id_20aca447" ON "users_user_user_permissions" ("user_id");
CREATE INDEX IF NOT EXISTS "users_user_user_permissions_permission_id_0b93982e" ON "users_user_user_permissions" ("permission_id");
CREATE INDEX IF NOT EXISTS "django_admin_log_content_type_id_c4bce8eb" ON "django_admin_log" ("content_type_id");
CREATE INDEX IF NOT EXISTS "django_admin_log_user_id_c564eba6" ON "django_admin_log" ("user_id");
CREATE INDEX IF NOT EXISTS "django_session_expire_date_a5c62663" ON "django_session" ("expire_date");
CREATE INDEX IF NOT EXISTS "transactions_request_material_category_id_84a65bcb" ON "transactions_request_material" ("category_id");
CREATE INDEX IF NOT EXISTS "transactions_request_material_customer_name_id_595ce75f" ON "transactions_request_material" ("customer_name_id");
CREATE INDEX IF NOT EXISTS "transactions_request_material_size_id_0af0ed04" ON "transactions_request_material" ("size_id");
CREATE INDEX IF NOT EXISTS "transactions_stock_product_id_a5d05ba3" ON "transactions_stock" ("product_id");
CREATE INDEX IF NOT EXISTS "transactions_left_over_stock_product_id_496e6726" ON "transactions_left_over_stock" ("product_id");
CREATE INDEX IF NOT EXISTS "transactions_scratch_stock_product_id_fc013c5d" ON "transactions_scratch_stock" ("product_id");
CREATE INDEX IF NOT EXISTS "store_product_category_id_574bae65" ON "store_product" ("category_id");
CREATE INDEX IF NOT EXISTS "store_product_size_id_838e791c" ON "store_product" ("size_id");
CREATE INDEX IF NOT EXISTS "store_product_grade_id_e91b7efe" ON "store_product" ("grade_id");
CREATE INDEX IF NOT EXISTS "store_product_thickness_id_15f9ec05" ON "store_product" ("thickness_id");
CREATE INDEX IF NOT EXISTS "transactions_project_material_project_id_90779194" ON "transactions_project_material" ("project_id");
CREATE INDEX IF NOT EXISTS "transactions_project_material_product_id_ab5b686d" ON "transactions_project_material" ("product_id");
CREATE INDEX IF NOT EXISTS "store_product_qr_shelf_product_qr_id_856813f2" ON "store_product_qr_shelf" ("product_qr_id");
CREATE INDEX IF NOT EXISTS "store_product_qr_shelf_shelf_id_fae05d95" ON "store_product_qr_shelf" ("shelf_id");
CREATE INDEX IF NOT EXISTS "transactions_project_employee_name_id_7b0a05fb" ON "transactions_project" ("employee_name_id");
CREATE INDEX IF NOT EXISTS "transactions_project_customer_id_486874c1" ON "transactions_project" ("customer_id");
CREATE INDEX IF NOT EXISTS "transactions_material_history_previous_size_id_acf43c9f" ON "transactions_material_history" ("previous_size_id");
CREATE INDEX IF NOT EXISTS "transactions_material_history_used_size_id_5945fcdb" ON "transactions_material_history" ("used_size_id");
CREATE INDEX IF NOT EXISTS "transactions_material_history_left_size_id_c03bef36" ON "transactions_material_history" ("left_size_id");
CREATE INDEX IF NOT EXISTS "transactions_material_history_product_qr_id_84d50666" ON "transactions_material_history" ("product_qr_id");
CREATE INDEX IF NOT EXISTS "transactions_material_history_project_id_e3029f67" ON "transactions_material_history" ("project_id");
CREATE INDEX IF NOT EXISTS "transactions_project_matarial_qr_project_material_id_20ed3eaa" ON "transactions_project_matarial_qr" ("project_material_id");
CREATE INDEX IF NOT EXISTS "transactions_project_matarial_qr_product_qr_id_ab37a9e8" ON "transactions_project_matarial_qr" ("product_qr_id");
CREATE INDEX IF NOT EXISTS "transactions_project_matarial_qr_cutter_id_07e273ff" ON "transactions_project_matarial_qr" ("cutter_id");
CREATE INDEX IF NOT EXISTS "transactions_project_matarial_production_item_code_id_a555bfd9" ON "transactions_project_matarial_production" ("item_code_id");
CREATE INDEX IF NOT EXISTS "transactions_project_matarial_production_project_matarial_qr_id_1abd37c8" ON "transactions_project_matarial_production" ("project_matarial_qr_id");
CREATE INDEX IF NOT EXISTS "transactions_project_matarial_production_project_id_2cad15c4" ON "transactions_project_matarial_production" ("project_id");
CREATE INDEX IF NOT EXISTS "store_product_qr_product_id_19457833" ON "store_product_qr" ("product_id");
CREATE INDEX IF NOT EXISTS "store_product_qr_supplier_id_3be6e7c2" ON "store_product_qr" ("supplier_id");
CREATE TABLE IF NOT EXISTS "store_grade" ("id" integer NOT NULL PRIMARY KEY AUTOINCREMENT, "name" varchar(120) NOT NULL);
INSERT INTO "store_grade" VALUES(1,'304');
INSERT INTO "store_grade" VALUES(2,'316');
INSERT INTO "store_grade" VALUES(3,'1050');
CREATE UNIQUE INDEX "django_content_type_app_label_model_76bd3d3b_uniq" ON "django_content_type" ("app_label", "model");
CREATE UNIQUE INDEX "auth_group_permissions_group_id_permission_id_0cd325b0_uniq" ON "auth_group_permissions" ("group_id", "permission_id");
CREATE INDEX IF NOT EXISTS "auth_group_permissions_group_id_b120cbf9" ON "auth_group_permissions" ("group_id");
CREATE INDEX IF NOT EXISTS "auth_group_permissions_permission_id_84c5c92e" ON "auth_group_permissions" ("permission_id");
CREATE UNIQUE INDEX "auth_permission_content_type_id_codename_01ab375a_uniq" ON "auth_permission" ("content_type_id", "codename");
CREATE INDEX IF NOT EXISTS "auth_permission_content_type_id_2f476e4b" ON "auth_permission" ("content_type_id");
CREATE UNIQUE INDEX "users_user_groups_user_id_group_id_b88eab82_uniq" ON "users_user_groups" ("user_id", "group_id");
CREATE INDEX IF NOT EXISTS "users_user_groups_user_id_5f6f5a90" ON "users_user_groups" ("user_id");
CREATE INDEX IF NOT EXISTS "users_user_groups_group_id_9afc8d0e" ON "users_user_groups" ("group_id");
CREATE UNIQUE INDEX "users_user_user_permissions_user_id_permission_id_43338c45_uniq" ON "users_user_user_permissions" ("user_id", "permission_id");
CREATE INDEX IF NOT EXISTS "users_user_user_permissions_user_id_20aca447" ON "users_user_user_permissions" ("user_id");
CREATE INDEX IF NOT EXISTS "users_user_user_permissions_permission_id_0b93982e" ON "users_user_user_permissions" ("permission_id");
CREATE INDEX IF NOT EXISTS "django_admin_log_content_type_id_c4bce8eb" ON "django_admin_log" ("content_type_id");
CREATE INDEX IF NOT EXISTS "django_admin_log_user_id_c564eba6" ON "django_admin_log" ("user_id");
CREATE INDEX IF NOT EXISTS "django_session_expire_date_a5c62663" ON "django_session" ("expire_date");
CREATE INDEX IF NOT EXISTS "transactions_request_material_category_id_84a65bcb" ON "transactions_request_material" ("category_id");
CREATE INDEX IF NOT EXISTS "transactions_request_material_customer_name_id_595ce75f" ON "transactions_request_material" ("customer_name_id");
CREATE INDEX IF NOT EXISTS "transactions_request_material_size_id_0af0ed04" ON "transactions_request_material" ("size_id");
CREATE INDEX IF NOT EXISTS "transactions_stock_product_id_a5d05ba3" ON "transactions_stock" ("product_id");
CREATE INDEX IF NOT EXISTS "transactions_left_over_stock_product_id_496e6726" ON "transactions_left_over_stock" ("product_id");
CREATE INDEX IF NOT EXISTS "transactions_scratch_stock_product_id_fc013c5d" ON "transactions_scratch_stock" ("product_id");
CREATE INDEX IF NOT EXISTS "store_product_category_id_574bae65" ON "store_product" ("category_id");
CREATE INDEX IF NOT EXISTS "store_product_size_id_838e791c" ON "store_product" ("size_id");
CREATE INDEX IF NOT EXISTS "store_product_grade_id_e91b7efe" ON "store_product" ("grade_id");
CREATE INDEX IF NOT EXISTS "store_product_thickness_id_15f9ec05" ON "store_product" ("thickness_id");
CREATE INDEX IF NOT EXISTS "transactions_project_material_project_id_90779194" ON "transactions_project_material" ("project_id");
CREATE INDEX IF NOT EXISTS "transactions_project_material_product_id_ab5b686d" ON "transactions_project_material" ("product_id");
CREATE INDEX IF NOT EXISTS "store_product_qr_shelf_product_qr_id_856813f2" ON "store_product_qr_shelf" ("product_qr_id");
CREATE INDEX IF NOT EXISTS "store_product_qr_shelf_shelf_id_fae05d95" ON "store_product_qr_shelf" ("shelf_id");
CREATE INDEX IF NOT EXISTS "transactions_project_employee_name_id_7b0a05fb" ON "transactions_project" ("employee_name_id");
CREATE INDEX IF NOT EXISTS "transactions_project_customer_id_486874c1" ON "transactions_project" ("customer_id");
CREATE INDEX IF NOT EXISTS "transactions_material_history_previous_size_id_acf43c9f" ON "transactions_material_history" ("previous_size_id");
CREATE INDEX IF NOT EXISTS "transactions_material_history_used_size_id_5945fcdb" ON "transactions_material_history" ("used_size_id");
CREATE INDEX IF NOT EXISTS "transactions_material_history_left_size_id_c03bef36" ON "transactions_material_history" ("left_size_id");
CREATE INDEX IF NOT EXISTS "transactions_material_history_product_qr_id_84d50666" ON "transactions_material_history" ("product_qr_id");
CREATE INDEX IF NOT EXISTS "transactions_material_history_project_id_e3029f67" ON "transactions_material_history" ("project_id");
CREATE INDEX IF NOT EXISTS "transactions_project_matarial_qr_project_material_id_20ed3eaa" ON "transactions_project_matarial_qr" ("project_material_id");
CREATE INDEX IF NOT EXISTS "transactions_project_matarial_qr_product_qr_id_ab37a9e8" ON "transactions_project_matarial_qr" ("product_qr_id");
CREATE INDEX IF NOT EXISTS "transactions_project_matarial_qr_cutter_id_07e273ff" ON "transactions_project_matarial_qr" ("cutter_id");
CREATE INDEX IF NOT EXISTS "transactions_project_matarial_production_item_code_id_a555bfd9" ON "transactions_project_matarial_production" ("item_code_id");
CREATE INDEX IF NOT EXISTS "transactions_project_matarial_production_project_matarial_qr_id_1abd37c8" ON "transactions_project_matarial_production" ("project_matarial_qr_id");
CREATE INDEX IF NOT EXISTS "transactions_project_matarial_production_project_id_2cad15c4" ON "transactions_project_matarial_production" ("project_id");
CREATE INDEX IF NOT EXISTS "store_product_qr_product_id_19457833" ON "store_product_qr" ("product_id");
CREATE INDEX IF NOT EXISTS "store_product_qr_supplier_id_3be6e7c2" ON "store_product_qr" ("supplier_id");
CREATE TABLE IF NOT EXISTS "store_item_code" ("id" integer NOT NULL PRIMARY KEY AUTOINCREMENT, "code" varchar(120) NOT NULL);
INSERT INTO "store_item_code" VALUES(1,'NGUF-167');
INSERT INTO "store_item_code" VALUES(2,'NGUF-197');
INSERT INTO "store_item_code" VALUES(3,'NGUF-180');
INSERT INTO "store_item_code" VALUES(4,'NGUF-205');
CREATE UNIQUE INDEX "django_content_type_app_label_model_76bd3d3b_uniq" ON "django_content_type" ("app_label", "model");
CREATE UNIQUE INDEX "auth_group_permissions_group_id_permission_id_0cd325b0_uniq" ON "auth_group_permissions" ("group_id", "permission_id");
CREATE INDEX IF NOT EXISTS "auth_group_permissions_group_id_b120cbf9" ON "auth_group_permissions" ("group_id");
CREATE INDEX IF NOT EXISTS "auth_group_permissions_permission_id_84c5c92e" ON "auth_group_permissions" ("permission_id");
CREATE UNIQUE INDEX "auth_permission_content_type_id_codename_01ab375a_uniq" ON "auth_permission" ("content_type_id", "codename");
CREATE INDEX IF NOT EXISTS "auth_permission_content_type_id_2f476e4b" ON "auth_permission" ("content_type_id");
CREATE UNIQUE INDEX "users_user_groups_user_id_group_id_b88eab82_uniq" ON "users_user_groups" ("user_id", "group_id");
CREATE INDEX IF NOT EXISTS "users_user_groups_user_id_5f6f5a90" ON "users_user_groups" ("user_id");
CREATE INDEX IF NOT EXISTS "users_user_groups_group_id_9afc8d0e" ON "users_user_groups" ("group_id");
CREATE UNIQUE INDEX "users_user_user_permissions_user_id_permission_id_43338c45_uniq" ON "users_user_user_permissions" ("user_id", "permission_id");
CREATE INDEX IF NOT EXISTS "users_user_user_permissions_user_id_20aca447" ON "users_user_user_permissions" ("user_id");
CREATE INDEX IF NOT EXISTS "users_user_user_permissions_permission_id_0b93982e" ON "users_user_user_permissions" ("permission_id");
CREATE INDEX IF NOT EXISTS "django_admin_log_content_type_id_c4bce8eb" ON "django_admin_log" ("content_type_id");
CREATE INDEX IF NOT EXISTS "django_admin_log_user_id_c564eba6" ON "django_admin_log" ("user_id");
CREATE INDEX IF NOT EXISTS "django_session_expire_date_a5c62663" ON "django_session" ("expire_date");
CREATE INDEX IF NOT EXISTS "transactions_request_material_category_id_84a65bcb" ON "transactions_request_material" ("category_id");
CREATE INDEX IF NOT EXISTS "transactions_request_material_customer_name_id_595ce75f" ON "transactions_request_material" ("customer_name_id");
CREATE INDEX IF NOT EXISTS "transactions_request_material_size_id_0af0ed04" ON "transactions_request_material" ("size_id");
CREATE INDEX IF NOT EXISTS "transactions_stock_product_id_a5d05ba3" ON "transactions_stock" ("product_id");
CREATE INDEX IF NOT EXISTS "transactions_left_over_stock_product_id_496e6726" ON "transactions_left_over_stock" ("product_id");
CREATE INDEX IF NOT EXISTS "transactions_scratch_stock_product_id_fc013c5d" ON "transactions_scratch_stock" ("product_id");
CREATE INDEX IF NOT EXISTS "store_product_category_id_574bae65" ON "store_product" ("category_id");
CREATE INDEX IF NOT EXISTS "store_product_size_id_838e791c" ON "store_product" ("size_id");
CREATE INDEX IF NOT EXISTS "store_product_grade_id_e91b7efe" ON "store_product" ("grade_id");
CREATE INDEX IF NOT EXISTS "store_product_thickness_id_15f9ec05" ON "store_product" ("thickness_id");
CREATE INDEX IF NOT EXISTS "transactions_project_material_project_id_90779194" ON "transactions_project_material" ("project_id");
CREATE INDEX IF NOT EXISTS "transactions_project_material_product_id_ab5b686d" ON "transactions_project_material" ("product_id");
CREATE INDEX IF NOT EXISTS "store_product_qr_shelf_product_qr_id_856813f2" ON "store_product_qr_shelf" ("product_qr_id");
CREATE INDEX IF NOT EXISTS "store_product_qr_shelf_shelf_id_fae05d95" ON "store_product_qr_shelf" ("shelf_id");
CREATE INDEX IF NOT EXISTS "transactions_project_employee_name_id_7b0a05fb" ON "transactions_project" ("employee_name_id");
CREATE INDEX IF NOT EXISTS "transactions_project_customer_id_486874c1" ON "transactions_project" ("customer_id");
CREATE INDEX IF NOT EXISTS "transactions_material_history_previous_size_id_acf43c9f" ON "transactions_material_history" ("previous_size_id");
CREATE INDEX IF NOT EXISTS "transactions_material_history_used_size_id_5945fcdb" ON "transactions_material_history" ("used_size_id");
CREATE INDEX IF NOT EXISTS "transactions_material_history_left_size_id_c03bef36" ON "transactions_material_history" ("left_size_id");
CREATE INDEX IF NOT EXISTS "transactions_material_history_product_qr_id_84d50666" ON "transactions_material_history" ("product_qr_id");
CREATE INDEX IF NOT EXISTS "transactions_material_history_project_id_e3029f67" ON "transactions_material_history" ("project_id");
CREATE INDEX IF NOT EXISTS "transactions_project_matarial_qr_project_material_id_20ed3eaa" ON "transactions_project_matarial_qr" ("project_material_id");
CREATE INDEX IF NOT EXISTS "transactions_project_matarial_qr_product_qr_id_ab37a9e8" ON "transactions_project_matarial_qr" ("product_qr_id");
CREATE INDEX IF NOT EXISTS "transactions_project_matarial_qr_cutter_id_07e273ff" ON "transactions_project_matarial_qr" ("cutter_id");
CREATE INDEX IF NOT EXISTS "transactions_project_matarial_production_item_code_id_a555bfd9" ON "transactions_project_matarial_production" ("item_code_id");
CREATE INDEX IF NOT EXISTS "transactions_project_matarial_production_project_matarial_qr_id_1abd37c8" ON "transactions_project_matarial_production" ("project_matarial_qr_id");
CREATE INDEX IF NOT EXISTS "transactions_project_matarial_production_project_id_2cad15c4" ON "transactions_project_matarial_production" ("project_id");
CREATE INDEX IF NOT EXISTS "store_product_qr_product_id_19457833" ON "store_product_qr" ("product_id");
CREATE INDEX IF NOT EXISTS "store_product_qr_supplier_id_3be6e7c2" ON "store_product_qr" ("supplier_id");
CREATE TABLE IF NOT EXISTS "store_product" ("id" integer NOT NULL PRIMARY KEY AUTOINCREMENT, "category_id" integer NOT NULL REFERENCES "store_category" ("id") DEFERRABLE INITIALLY DEFERRED, "size_id" integer NOT NULL REFERENCES "store_size" ("id") DEFERRABLE INITIALLY DEFERRED, "grade_id" integer NOT NULL REFERENCES "store_grade" ("id") DEFERRABLE INITIALLY DEFERRED, "thickness_id" integer NOT NULL REFERENCES "store_thickness" ("id") DEFERRABLE INITIALLY DEFERRED);
INSERT INTO "store_product" VALUES(66,1,1,1,1);
INSERT INTO "store_product" VALUES(67,1,21,3,1);
INSERT INTO "store_product" VALUES(68,1,31,3,1);
INSERT INTO "store_product" VALUES(69,1,32,3,1);
INSERT INTO "store_product" VALUES(70,1,33,3,1);
INSERT INTO "store_product" VALUES(71,1,19,3,1);
INSERT INTO "store_product" VALUES(72,1,36,3,1);
INSERT INTO "store_product" VALUES(73,1,20,2,1);
INSERT INTO "store_product" VALUES(74,2,20,2,1);
INSERT INTO "store_product" VALUES(75,1,19,2,1);
INSERT INTO "store_product" VALUES(76,1,20,3,1);
INSERT INTO "store_product" VALUES(77,2,20,3,1);
INSERT INTO "store_product" VALUES(78,2,1,1,1);
INSERT INTO "store_product" VALUES(79,2,19,3,1);
INSERT INTO "store_product" VALUES(80,1,19,3,3);
INSERT INTO "store_product" VALUES(81,1,19,2,3);
INSERT INTO "store_product" VALUES(82,1,36,1,1);
INSERT INTO "store_product" VALUES(83,2,19,2,1);
INSERT INTO "store_product" VALUES(84,2,19,2,3);
INSERT INTO "store_product" VALUES(85,1,1,3,1);
INSERT INTO "store_product" VALUES(86,1,1,3,5);
INSERT INTO "store_product" VALUES(87,1,19,3,5);
INSERT INTO "store_product" VALUES(88,1,39,2,1);
CREATE UNIQUE INDEX "django_content_type_app_label_model_76bd3d3b_uniq" ON "django_content_type" ("app_label", "model");
CREATE UNIQUE INDEX "auth_group_permissions_group_id_permission_id_0cd325b0_uniq" ON "auth_group_permissions" ("group_id", "permission_id");
CREATE INDEX IF NOT EXISTS "auth_group_permissions_group_id_b120cbf9" ON "auth_group_permissions" ("group_id");
CREATE INDEX IF NOT EXISTS "auth_group_permissions_permission_id_84c5c92e" ON "auth_group_permissions" ("permission_id");
CREATE UNIQUE INDEX "auth_permission_content_type_id_codename_01ab375a_uniq" ON "auth_permission" ("content_type_id", "codename");
CREATE INDEX IF NOT EXISTS "auth_permission_content_type_id_2f476e4b" ON "auth_permission" ("content_type_id");
CREATE UNIQUE INDEX "users_user_groups_user_id_group_id_b88eab82_uniq" ON "users_user_groups" ("user_id", "group_id");
CREATE INDEX IF NOT EXISTS "users_user_groups_user_id_5f6f5a90" ON "users_user_groups" ("user_id");
CREATE INDEX IF NOT EXISTS "users_user_groups_group_id_9afc8d0e" ON "users_user_groups" ("group_id");
CREATE UNIQUE INDEX "users_user_user_permissions_user_id_permission_id_43338c45_uniq" ON "users_user_user_permissions" ("user_id", "permission_id");
CREATE INDEX IF NOT EXISTS "users_user_user_permissions_user_id_20aca447" ON "users_user_user_permissions" ("user_id");
CREATE INDEX IF NOT EXISTS "users_user_user_permissions_permission_id_0b93982e" ON "users_user_user_permissions" ("permission_id");
CREATE INDEX IF NOT EXISTS "django_admin_log_content_type_id_c4bce8eb" ON "django_admin_log" ("content_type_id");
CREATE INDEX IF NOT EXISTS "django_admin_log_user_id_c564eba6" ON "django_admin_log" ("user_id");
CREATE INDEX IF NOT EXISTS "django_session_expire_date_a5c62663" ON "django_session" ("expire_date");
CREATE INDEX IF NOT EXISTS "transactions_request_material_category_id_84a65bcb" ON "transactions_request_material" ("category_id");
CREATE INDEX IF NOT EXISTS "transactions_request_material_customer_name_id_595ce75f" ON "transactions_request_material" ("customer_name_id");
CREATE INDEX IF NOT EXISTS "transactions_request_material_size_id_0af0ed04" ON "transactions_request_material" ("size_id");
CREATE INDEX IF NOT EXISTS "transactions_stock_product_id_a5d05ba3" ON "transactions_stock" ("product_id");
CREATE INDEX IF NOT EXISTS "transactions_left_over_stock_product_id_496e6726" ON "transactions_left_over_stock" ("product_id");
CREATE INDEX IF NOT EXISTS "transactions_scratch_stock_product_id_fc013c5d" ON "transactions_scratch_stock" ("product_id");
CREATE INDEX IF NOT EXISTS "store_product_category_id_574bae65" ON "store_product" ("category_id");
CREATE INDEX IF NOT EXISTS "store_product_size_id_838e791c" ON "store_product" ("size_id");
CREATE INDEX IF NOT EXISTS "store_product_grade_id_e91b7efe" ON "store_product" ("grade_id");
CREATE INDEX IF NOT EXISTS "store_product_thickness_id_15f9ec05" ON "store_product" ("thickness_id");
CREATE INDEX IF NOT EXISTS "transactions_project_material_project_id_90779194" ON "transactions_project_material" ("project_id");
CREATE INDEX IF NOT EXISTS "transactions_project_material_product_id_ab5b686d" ON "transactions_project_material" ("product_id");
CREATE INDEX IF NOT EXISTS "store_product_qr_shelf_product_qr_id_856813f2" ON "store_product_qr_shelf" ("product_qr_id");
CREATE INDEX IF NOT EXISTS "store_product_qr_shelf_shelf_id_fae05d95" ON "store_product_qr_shelf" ("shelf_id");
CREATE INDEX IF NOT EXISTS "transactions_project_employee_name_id_7b0a05fb" ON "transactions_project" ("employee_name_id");
CREATE INDEX IF NOT EXISTS "transactions_project_customer_id_486874c1" ON "transactions_project" ("customer_id");
CREATE INDEX IF NOT EXISTS "transactions_material_history_previous_size_id_acf43c9f" ON "transactions_material_history" ("previous_size_id");
CREATE INDEX IF NOT EXISTS "transactions_material_history_used_size_id_5945fcdb" ON "transactions_material_history" ("used_size_id");
CREATE INDEX IF NOT EXISTS "transactions_material_history_left_size_id_c03bef36" ON "transactions_material_history" ("left_size_id");
CREATE INDEX IF NOT EXISTS "transactions_material_history_product_qr_id_84d50666" ON "transactions_material_history" ("product_qr_id");
CREATE INDEX IF NOT EXISTS "transactions_material_history_project_id_e3029f67" ON "transactions_material_history" ("project_id");
CREATE INDEX IF NOT EXISTS "transactions_project_matarial_qr_project_material_id_20ed3eaa" ON "transactions_project_matarial_qr" ("project_material_id");
CREATE INDEX IF NOT EXISTS "transactions_project_matarial_qr_product_qr_id_ab37a9e8" ON "transactions_project_matarial_qr" ("product_qr_id");
CREATE INDEX IF NOT EXISTS "transactions_project_matarial_qr_cutter_id_07e273ff" ON "transactions_project_matarial_qr" ("cutter_id");
CREATE INDEX IF NOT EXISTS "transactions_project_matarial_production_item_code_id_a555bfd9" ON "transactions_project_matarial_production" ("item_code_id");
CREATE INDEX IF NOT EXISTS "transactions_project_matarial_production_project_matarial_qr_id_1abd37c8" ON "transactions_project_matarial_production" ("project_matarial_qr_id");
CREATE INDEX IF NOT EXISTS "transactions_project_matarial_production_project_id_2cad15c4" ON "transactions_project_matarial_production" ("project_id");
CREATE INDEX IF NOT EXISTS "store_product_qr_product_id_19457833" ON "store_product_qr" ("product_id");
CREATE INDEX IF NOT EXISTS "store_product_qr_supplier_id_3be6e7c2" ON "store_product_qr" ("supplier_id");
CREATE TABLE IF NOT EXISTS "store_product_qr" ("id" integer NOT NULL PRIMARY KEY AUTOINCREMENT, "qr_code" varchar(100) NULL, "product_id" integer NULL REFERENCES "store_product" ("id") DEFERRABLE INITIALLY DEFERRED, "date_of_pur" date NULL, "supplier_id" integer NULL REFERENCES "store_dealer" ("id") DEFERRABLE INITIALLY DEFERRED, "is_fix" bool NOT NULL, "moved_to_scratch" bool NOT NULL, "moved_to_left_over" bool NOT NULL, "uploaded_file" varchar(100) NULL, "date" datetime NOT NULL, "finish" varchar(50) NULL);
INSERT INTO "store_product_qr" VALUES(64,'static/qrcode/qr_code_64_VVgpDGK.png',NULL,'2023-09-16',1,0,0,0,'','2023-09-15 19:24:53.756652','sdsd');
INSERT INTO "store_product_qr" VALUES(65,'static/qrcode/qr_code_65_ye1LblE.png',88,'2023-09-19',1,1,0,1,'','2023-09-16 07:27:02.630065','sdsd');
INSERT INTO "store_product_qr" VALUES(66,'static/qrcode/qr_code_66_9Y8Hm2L.png',76,'2023-09-22',2,1,0,0,'media/uploads/requirements.txt','2023-09-16 07:27:02.747367','sdsd');
INSERT INTO "store_product_qr" VALUES(67,'static/qrcode/qr_code_67_hIi5HLt.png',77,'2023-09-25',1,1,0,0,'','2023-09-16 07:27:02.800350','sdsd');
INSERT INTO "store_product_qr" VALUES(68,'static/qrcode/qr_code_68_PVJYn4b.png',78,'2023-09-25',1,1,0,0,'','2023-09-16 07:27:02.855752','sdsd');
INSERT INTO "store_product_qr" VALUES(69,'static/qrcode/qr_code_69_cK98Ele.png',NULL,'2023-09-25',1,0,0,0,'','2023-09-16 07:27:02.912737','sdsd');
INSERT INTO "store_product_qr" VALUES(70,'static/qrcode/qr_code_70.png',66,'2023-09-25',1,1,0,0,'','2023-09-16 07:27:02.968322','sdsd');
INSERT INTO "store_product_qr" VALUES(71,'static/qrcode/qr_code_71.png',NULL,'2023-09-25',2,0,0,0,'','2023-09-16 07:27:03.027263','xcxc');
INSERT INTO "store_product_qr" VALUES(72,'static/qrcode/qr_code_72.png',87,'2023-09-25',1,1,0,0,'','2023-09-16 07:27:03.086819','sdsd');
INSERT INTO "store_product_qr" VALUES(73,'static/qrcode/qr_code_73.png',75,'2023-09-25',1,1,0,0,'','2023-09-16 07:27:03.145819','sdsd');
INSERT INTO "store_product_qr" VALUES(74,'static/qrcode/qr_code_74.png',NULL,NULL,NULL,0,0,0,'','2023-09-16 07:27:03.201368',NULL);
INSERT INTO "store_product_qr" VALUES(75,'static/qrcode/qr_code_75.png',NULL,NULL,NULL,0,0,0,'','2023-09-16 07:27:03.258376',NULL);
INSERT INTO "store_product_qr" VALUES(76,'static/qrcode/qr_code_76.png',NULL,NULL,NULL,0,0,0,'','2023-09-16 07:27:03.313891',NULL);
INSERT INTO "store_product_qr" VALUES(77,'static/qrcode/qr_code_77.png',NULL,NULL,NULL,0,0,0,'','2023-09-16 07:27:32.981168',NULL);
INSERT INTO "store_product_qr" VALUES(78,'static/qrcode/qr_code_78.png',NULL,NULL,NULL,0,0,0,'','2023-09-16 07:27:33.044705',NULL);
INSERT INTO "store_product_qr" VALUES(79,'static/qrcode/qr_code_79.png',NULL,NULL,NULL,0,0,0,'','2023-09-16 07:27:33.109281',NULL);
INSERT INTO "store_product_qr" VALUES(80,'static/qrcode/qr_code_80.png',NULL,NULL,NULL,0,0,0,'','2023-09-16 07:27:33.170279',NULL);
INSERT INTO "store_product_qr" VALUES(81,'static/qrcode/qr_code_81.png',NULL,NULL,NULL,0,0,0,'','2023-09-16 07:27:33.237789',NULL);
INSERT INTO "store_product_qr" VALUES(82,'static/qrcode/qr_code_82.png',NULL,NULL,NULL,0,0,0,'','2023-09-16 07:27:33.292785',NULL);
INSERT INTO "store_product_qr" VALUES(83,'static/qrcode/qr_code_83_I3ArS4D.png',NULL,NULL,NULL,0,0,0,'','2023-09-16 07:27:33.353306',NULL);
INSERT INTO "store_product_qr" VALUES(84,'static/qrcode/qr_code_84_5vmIzUd.png',NULL,NULL,NULL,0,0,0,'','2023-09-16 07:27:33.413643',NULL);
INSERT INTO "store_product_qr" VALUES(85,'static/qrcode/qr_code_85_3Bx6Hfr.png',NULL,NULL,NULL,0,0,0,'','2023-09-16 07:27:33.471646',NULL);
INSERT INTO "store_product_qr" VALUES(86,'static/qrcode/qr_code_86_3RMOt97.png',NULL,NULL,NULL,0,0,0,'','2023-09-16 07:27:33.536233',NULL);
INSERT INTO "store_product_qr" VALUES(87,'static/qrcode/qr_code_87_8NQXtbC.png',NULL,NULL,NULL,0,0,0,'','2023-09-16 07:27:33.594263',NULL);
INSERT INTO "store_product_qr" VALUES(88,'static/qrcode/qr_code_88_iZkguS5.png',NULL,NULL,NULL,0,0,0,'','2023-09-16 07:27:33.703816',NULL);
INSERT INTO "store_product_qr" VALUES(89,'static/qrcode/qr_code_89_YfoFADG.png',NULL,NULL,NULL,0,0,0,'','2023-09-16 07:27:58.016857',NULL);
INSERT INTO "store_product_qr" VALUES(90,'static/qrcode/qr_code_90_mFp9SJK.png',NULL,NULL,NULL,0,0,0,'','2023-09-16 07:27:58.068463',NULL);
INSERT INTO "store_product_qr" VALUES(91,'static/qrcode/qr_code_91_X3AU1KF.png',NULL,NULL,NULL,0,0,0,'','2023-09-16 07:27:58.116452',NULL);
INSERT INTO "store_product_qr" VALUES(92,'static/qrcode/qr_code_92_FUyPLge.png',NULL,NULL,NULL,0,0,0,'','2023-09-16 07:27:58.172012',NULL);
INSERT INTO "store_product_qr" VALUES(93,'static/qrcode/qr_code_93.png',NULL,NULL,NULL,0,0,0,'','2023-09-16 07:27:58.219980',NULL);
INSERT INTO "store_product_qr" VALUES(94,'static/qrcode/qr_code_94.png',NULL,NULL,NULL,0,0,0,'','2023-09-16 07:27:58.271503',NULL);
INSERT INTO "store_product_qr" VALUES(95,'static/qrcode/qr_code_95.png',NULL,NULL,NULL,0,0,0,'','2023-09-16 07:27:58.330510',NULL);
INSERT INTO "store_product_qr" VALUES(96,'static/qrcode/qr_code_96.png',NULL,NULL,NULL,0,0,0,'','2023-09-16 07:27:58.390015',NULL);
INSERT INTO "store_product_qr" VALUES(97,'static/qrcode/qr_code_97.png',NULL,NULL,NULL,0,0,0,'','2023-09-16 07:27:58.445596',NULL);
INSERT INTO "store_product_qr" VALUES(98,'static/qrcode/qr_code_98.png',NULL,NULL,NULL,0,0,0,'','2023-09-16 07:27:58.495898',NULL);
INSERT INTO "store_product_qr" VALUES(99,'static/qrcode/qr_code_99.png',NULL,NULL,NULL,0,0,0,'','2023-09-16 07:27:58.548488',NULL);
INSERT INTO "store_product_qr" VALUES(100,'static/qrcode/qr_code_100_AKJyql1.png',NULL,NULL,NULL,0,0,0,'','2023-09-16 07:27:58.601394',NULL);
INSERT INTO "store_product_qr" VALUES(101,'static/qrcode/qr_code_101_BTUSYGC.png',NULL,NULL,NULL,0,0,0,'','2023-09-16 07:29:03.219568',NULL);
INSERT INTO "store_product_qr" VALUES(102,'static/qrcode/qr_code_102.png',NULL,NULL,NULL,0,0,0,'','2023-09-16 07:29:03.416219',NULL);
INSERT INTO "store_product_qr" VALUES(103,'static/qrcode/qr_code_103.png',NULL,NULL,NULL,0,0,0,'','2023-09-16 07:29:03.567023',NULL);
INSERT INTO "store_product_qr" VALUES(104,'static/qrcode/qr_code_104.png',NULL,NULL,NULL,0,0,0,'','2023-09-16 07:29:03.640690',NULL);
INSERT INTO "store_product_qr" VALUES(105,'static/qrcode/qr_code_105.png',NULL,NULL,NULL,0,0,0,'','2023-09-16 07:29:03.735976',NULL);
INSERT INTO "store_product_qr" VALUES(106,'static/qrcode/qr_code_106.png',NULL,NULL,NULL,0,0,0,'','2023-09-16 07:29:03.830249',NULL);
INSERT INTO "store_product_qr" VALUES(107,'static/qrcode/qr_code_107_a1bTwEH.png',NULL,NULL,NULL,0,0,0,'','2023-09-16 07:29:03.945113',NULL);
INSERT INTO "store_product_qr" VALUES(108,'static/qrcode/qr_code_108_9pb4iOe.png',NULL,NULL,NULL,0,0,0,'','2023-09-16 07:29:04.029692',NULL);
INSERT INTO "store_product_qr" VALUES(109,'static/qrcode/qr_code_109.png',NULL,NULL,NULL,0,0,0,'','2023-09-16 07:29:04.108458',NULL);
INSERT INTO "store_product_qr" VALUES(110,'static/qrcode/qr_code_110.png',NULL,NULL,NULL,0,0,0,'','2023-09-16 07:29:04.197843',NULL);
INSERT INTO "store_product_qr" VALUES(111,'static/qrcode/qr_code_111.png',NULL,NULL,NULL,0,0,0,'','2023-09-16 07:29:04.299279',NULL);
INSERT INTO "store_product_qr" VALUES(112,'static/qrcode/qr_code_112.png',NULL,NULL,NULL,0,0,0,'','2023-09-16 07:29:04.398958',NULL);
INSERT INTO "store_product_qr" VALUES(113,'static/qrcode/qr_code_113.png',NULL,NULL,NULL,0,0,0,'','2023-09-16 07:30:14.895110',NULL);
INSERT INTO "store_product_qr" VALUES(114,'static/qrcode/qr_code_114.png',NULL,NULL,NULL,0,0,0,'','2023-09-16 07:30:14.974941',NULL);
INSERT INTO "store_product_qr" VALUES(115,'static/qrcode/qr_code_115.png',NULL,NULL,NULL,0,0,0,'','2023-09-16 07:30:15.058831',NULL);
INSERT INTO "store_product_qr" VALUES(116,'static/qrcode/qr_code_116.png',NULL,NULL,NULL,0,0,0,'','2023-09-16 07:30:15.147408',NULL);
INSERT INTO "store_product_qr" VALUES(117,'static/qrcode/qr_code_117.png',NULL,NULL,NULL,0,0,0,'','2023-09-16 07:30:15.235484',NULL);
INSERT INTO "store_product_qr" VALUES(118,'static/qrcode/qr_code_118.png',NULL,NULL,NULL,0,0,0,'','2023-09-16 07:30:15.327068',NULL);
INSERT INTO "store_product_qr" VALUES(119,'static/qrcode/qr_code_119.png',NULL,NULL,NULL,0,0,0,'','2023-09-16 07:30:15.422120',NULL);
INSERT INTO "store_product_qr" VALUES(120,'static/qrcode/qr_code_120.png',NULL,NULL,NULL,0,0,0,'','2023-09-16 07:30:15.497110',NULL);
INSERT INTO "store_product_qr" VALUES(121,'static/qrcode/qr_code_121_DLz5bVz.png',NULL,NULL,NULL,0,0,0,'','2023-09-16 07:30:15.578354',NULL);
INSERT INTO "store_product_qr" VALUES(122,'static/qrcode/qr_code_122_wUU1gV8.png',NULL,NULL,NULL,0,0,0,'','2023-09-16 07:30:15.660925',NULL);
INSERT INTO "store_product_qr" VALUES(123,'static/qrcode/qr_code_123.png',NULL,NULL,NULL,0,0,0,'','2023-09-16 07:30:15.742624',NULL);
INSERT INTO "store_product_qr" VALUES(124,'static/qrcode/qr_code_124.png',NULL,NULL,NULL,0,0,0,'','2023-09-16 07:30:15.835186',NULL);
INSERT INTO "store_product_qr" VALUES(125,'static/qrcode/qr_code_125.png',NULL,NULL,NULL,0,0,0,'','2023-09-16 07:31:56.639824',NULL);
INSERT INTO "store_product_qr" VALUES(126,'static/qrcode/qr_code_126.png',NULL,NULL,NULL,0,0,0,'','2023-09-16 07:31:56.751531',NULL);
INSERT INTO "store_product_qr" VALUES(127,'static/qrcode/qr_code_127.png',NULL,NULL,NULL,0,0,0,'','2023-09-16 07:31:56.860262',NULL);
INSERT INTO "store_product_qr" VALUES(128,'static/qrcode/qr_code_128.png',NULL,NULL,NULL,0,0,0,'','2023-09-16 07:31:56.935647',NULL);
INSERT INTO "store_product_qr" VALUES(129,'static/qrcode/qr_code_129.png',NULL,NULL,NULL,0,0,0,'','2023-09-16 07:31:57.018764',NULL);
INSERT INTO "store_product_qr" VALUES(130,'static/qrcode/qr_code_130.png',NULL,NULL,NULL,0,0,0,'','2023-09-16 07:31:57.116359',NULL);
INSERT INTO "store_product_qr" VALUES(131,'static/qrcode/qr_code_131.png',NULL,NULL,NULL,0,0,0,'','2023-09-16 07:31:57.210848',NULL);
INSERT INTO "store_product_qr" VALUES(132,'static/qrcode/qr_code_132.png',NULL,NULL,NULL,0,0,0,'','2023-09-16 07:31:57.307220',NULL);
INSERT INTO "store_product_qr" VALUES(133,'static/qrcode/qr_code_133.png',NULL,NULL,NULL,0,0,0,'','2023-09-16 07:31:57.402686',NULL);
INSERT INTO "store_product_qr" VALUES(134,'static/qrcode/qr_code_134.png',NULL,NULL,NULL,0,0,0,'','2023-09-16 07:31:57.497229',NULL);
INSERT INTO "store_product_qr" VALUES(135,'static/qrcode/qr_code_135.png',NULL,NULL,NULL,0,0,0,'','2023-09-16 07:31:57.589878',NULL);
INSERT INTO "store_product_qr" VALUES(136,'static/qrcode/qr_code_136.png',NULL,NULL,NULL,0,0,0,'','2023-09-16 07:31:57.693572',NULL);
INSERT INTO "store_product_qr" VALUES(137,'static/qrcode/qr_code_137.png',NULL,NULL,NULL,0,0,0,'','2023-09-16 07:32:11.377958',NULL);
INSERT INTO "store_product_qr" VALUES(138,'static/qrcode/qr_code_138_Z31NYMT.png',NULL,NULL,NULL,0,0,0,'','2023-09-16 07:32:11.476250',NULL);
INSERT INTO "store_product_qr" VALUES(139,'static/qrcode/qr_code_139_kfkqcGj.png',NULL,NULL,NULL,0,0,0,'','2023-09-16 07:32:11.576745',NULL);
INSERT INTO "store_product_qr" VALUES(140,'static/qrcode/qr_code_140.png',NULL,NULL,NULL,0,0,0,'','2023-09-16 07:32:11.655666',NULL);
INSERT INTO "store_product_qr" VALUES(141,'static/qrcode/qr_code_141.png',NULL,NULL,NULL,0,0,0,'','2023-09-16 07:32:11.733936',NULL);
INSERT INTO "store_product_qr" VALUES(142,'static/qrcode/qr_code_142.png',NULL,NULL,NULL,0,0,0,'','2023-09-16 07:32:11.799818',NULL);
INSERT INTO "store_product_qr" VALUES(143,'static/qrcode/qr_code_143.png',NULL,NULL,NULL,0,0,0,'','2023-09-16 07:32:11.874158',NULL);
INSERT INTO "store_product_qr" VALUES(144,'static/qrcode/qr_code_144.png',NULL,NULL,NULL,0,0,0,'','2023-09-16 07:32:11.967660',NULL);
INSERT INTO "store_product_qr" VALUES(145,'static/qrcode/qr_code_145.png',NULL,NULL,NULL,0,0,0,'','2023-09-16 07:32:12.066531',NULL);
INSERT INTO "store_product_qr" VALUES(146,'static/qrcode/qr_code_146_jlg2YWl.png',NULL,NULL,NULL,0,0,0,'','2023-09-16 07:32:12.161354',NULL);
INSERT INTO "store_product_qr" VALUES(147,'static/qrcode/qr_code_147_ZjR68s2.png',NULL,NULL,NULL,0,0,0,'','2023-09-16 07:32:12.254999',NULL);
INSERT INTO "store_product_qr" VALUES(148,'static/qrcode/qr_code_148.png',NULL,NULL,NULL,0,0,0,'','2023-09-16 07:32:12.352880',NULL);
INSERT INTO "store_product_qr" VALUES(149,'static/qrcode/qr_code_149_98Cd9Ol.png',NULL,NULL,NULL,0,0,0,'','2023-09-16 07:32:32.001055',NULL);
INSERT INTO "store_product_qr" VALUES(150,'static/qrcode/qr_code_150_vDojJIB.png',NULL,NULL,NULL,0,0,0,'','2023-09-16 07:32:32.138260',NULL);
INSERT INTO "store_product_qr" VALUES(151,'static/qrcode/qr_code_151_sDWizqV.png',NULL,NULL,NULL,0,0,0,'','2023-09-16 07:32:32.277987',NULL);
INSERT INTO "store_product_qr" VALUES(152,'static/qrcode/qr_code_152_0RqrjKt.png',NULL,NULL,NULL,0,0,0,'','2023-09-16 07:32:32.350120',NULL);
INSERT INTO "store_product_qr" VALUES(153,'static/qrcode/qr_code_153_9uAKokF.png',NULL,NULL,NULL,0,0,0,'','2023-09-16 07:32:32.417249',NULL);
INSERT INTO "store_product_qr" VALUES(154,'static/qrcode/qr_code_154_FaYwxUt.png',NULL,NULL,NULL,0,0,0,'','2023-09-16 07:32:32.506240',NULL);
INSERT INTO "store_product_qr" VALUES(155,'static/qrcode/qr_code_155_153gR6S.png',NULL,NULL,NULL,0,0,0,'','2023-09-16 07:32:32.602076',NULL);
INSERT INTO "store_product_qr" VALUES(156,'static/qrcode/qr_code_156_4dtwPKF.png',NULL,NULL,NULL,0,0,0,'','2023-09-16 07:32:32.714264',NULL);
INSERT INTO "store_product_qr" VALUES(157,'static/qrcode/qr_code_157_ytIi3Nl.png',NULL,NULL,NULL,0,0,0,'','2023-09-16 07:32:32.818393',NULL);
INSERT INTO "store_product_qr" VALUES(158,'static/qrcode/qr_code_158_X8d8ld0.png',NULL,NULL,NULL,0,0,0,'','2023-09-16 07:32:32.914078',NULL);
INSERT INTO "store_product_qr" VALUES(159,'static/qrcode/qr_code_159_KnNa2Uw.png',NULL,NULL,NULL,0,0,0,'','2023-09-16 07:32:33.011340',NULL);
INSERT INTO "store_product_qr" VALUES(160,'static/qrcode/qr_code_160_SGVNSBo.png',NULL,NULL,NULL,0,0,0,'','2023-09-16 07:32:33.099587',NULL);
INSERT INTO "store_product_qr" VALUES(161,'static/qrcode/qr_code_161_rVNs0A8.png',NULL,NULL,NULL,0,0,0,'','2023-09-16 07:33:22.615166',NULL);
INSERT INTO "store_product_qr" VALUES(162,'static/qrcode/qr_code_162_BfmOhWi.png',NULL,NULL,NULL,0,0,0,'','2023-09-16 07:33:22.716781',NULL);
INSERT INTO "store_product_qr" VALUES(163,'static/qrcode/qr_code_163_k71pCK2.png',NULL,NULL,NULL,0,0,0,'','2023-09-16 07:33:22.815898',NULL);
INSERT INTO "store_product_qr" VALUES(164,'static/qrcode/qr_code_164_54l2sGH.png',NULL,NULL,NULL,0,0,0,'','2023-09-16 07:33:22.910649',NULL);
INSERT INTO "store_product_qr" VALUES(165,'static/qrcode/qr_code_165_OPdq7RJ.png',NULL,NULL,NULL,0,0,0,'','2023-09-16 07:33:22.990757',NULL);
INSERT INTO "store_product_qr" VALUES(166,'static/qrcode/qr_code_166_FsPrZYI.png',NULL,NULL,NULL,0,0,0,'','2023-09-16 07:33:23.056792',NULL);
INSERT INTO "store_product_qr" VALUES(167,'static/qrcode/qr_code_167_TIbr2Om.png',NULL,NULL,NULL,0,0,0,'','2023-09-16 07:33:23.121958',NULL);
INSERT INTO "store_product_qr" VALUES(168,'static/qrcode/qr_code_168_3EKNG5S.png',NULL,NULL,NULL,0,0,0,'','2023-09-16 07:33:23.201629',NULL);
INSERT INTO "store_product_qr" VALUES(169,'static/qrcode/qr_code_169_3jfqwv9.png',NULL,NULL,NULL,0,0,0,'','2023-09-16 07:33:23.292636',NULL);
INSERT INTO "store_product_qr" VALUES(170,'static/qrcode/qr_code_170_5DwEq8d.png',NULL,NULL,NULL,0,0,0,'','2023-09-16 07:33:23.377683',NULL);
INSERT INTO "store_product_qr" VALUES(171,'static/qrcode/qr_code_171_1qaSoyo.png',NULL,NULL,NULL,0,0,0,'','2023-09-16 07:33:23.466973',NULL);
INSERT INTO "store_product_qr" VALUES(172,'static/qrcode/qr_code_172_ZNqkfjf.png',NULL,NULL,NULL,0,0,0,'','2023-09-16 07:33:23.561698',NULL);
INSERT INTO "store_product_qr" VALUES(173,'static/qrcode/qr_code_173_Y8zWOjU.png',NULL,NULL,NULL,0,0,0,'','2023-09-16 07:34:34.376545',NULL);
INSERT INTO "store_product_qr" VALUES(174,'static/qrcode/qr_code_174_4w1nbo9.png',NULL,NULL,NULL,0,0,0,'','2023-09-16 07:34:34.515464',NULL);
INSERT INTO "store_product_qr" VALUES(175,'static/qrcode/qr_code_175_Lgb551K.png',NULL,NULL,NULL,0,0,0,'','2023-09-16 07:34:34.619774',NULL);
INSERT INTO "store_product_qr" VALUES(176,'static/qrcode/qr_code_176_fela7Ld.png',NULL,NULL,NULL,0,0,0,'','2023-09-16 07:34:34.712407',NULL);
INSERT INTO "store_product_qr" VALUES(177,'static/qrcode/qr_code_177_AwyrF31.png',NULL,NULL,NULL,0,0,0,'','2023-09-16 07:34:34.806116',NULL);
INSERT INTO "store_product_qr" VALUES(178,'static/qrcode/qr_code_178_4HWQI0g.png',NULL,NULL,NULL,0,0,0,'','2023-09-16 07:34:34.900671',NULL);
INSERT INTO "store_product_qr" VALUES(179,'static/qrcode/qr_code_179_b7P81ae.png',NULL,NULL,NULL,0,0,0,'','2023-09-16 07:34:35.000136',NULL);
INSERT INTO "store_product_qr" VALUES(180,'static/qrcode/qr_code_180_JTOCXnT.png',NULL,NULL,NULL,0,0,0,'','2023-09-16 07:34:35.111323',NULL);
INSERT INTO "store_product_qr" VALUES(181,'static/qrcode/qr_code_181_vuzVOyn.png',NULL,NULL,NULL,0,0,0,'','2023-09-16 07:34:35.221001',NULL);
INSERT INTO "store_product_qr" VALUES(182,'static/qrcode/qr_code_182_bZGYDaw.png',NULL,NULL,NULL,0,0,0,'','2023-09-16 07:34:35.326582',NULL);
INSERT INTO "store_product_qr" VALUES(183,'static/qrcode/qr_code_183_PSWO3iu.png',NULL,NULL,NULL,0,0,0,'','2023-09-16 07:34:35.433089',NULL);
INSERT INTO "store_product_qr" VALUES(184,'static/qrcode/qr_code_184_lJu4blK.png',NULL,NULL,NULL,0,0,0,'','2023-09-16 07:34:35.535541',NULL);
INSERT INTO "store_product_qr" VALUES(185,'static/qrcode/qr_code_185.png',NULL,NULL,NULL,0,0,0,'','2023-09-16 07:35:31.730411',NULL);
INSERT INTO "store_product_qr" VALUES(186,'static/qrcode/qr_code_186.png',NULL,NULL,NULL,0,0,0,'','2023-09-16 07:35:31.934782',NULL);
INSERT INTO "store_product_qr" VALUES(187,'static/qrcode/qr_code_187.png',NULL,NULL,NULL,0,0,0,'','2023-09-16 07:35:32.024494',NULL);
INSERT INTO "store_product_qr" VALUES(188,'static/qrcode/qr_code_188.png',NULL,NULL,NULL,0,0,0,'','2023-09-16 07:35:32.170414',NULL);
INSERT INTO "store_product_qr" VALUES(189,'static/qrcode/qr_code_189.png',NULL,NULL,NULL,0,0,0,'','2023-09-16 07:35:32.303839',NULL);
INSERT INTO "store_product_qr" VALUES(190,'static/qrcode/qr_code_190.png',NULL,NULL,NULL,0,0,0,'','2023-09-16 07:35:32.371061',NULL);
INSERT INTO "store_product_qr" VALUES(191,'static/qrcode/qr_code_191.png',NULL,NULL,NULL,0,0,0,'','2023-09-16 07:35:32.457955',NULL);
INSERT INTO "store_product_qr" VALUES(192,'static/qrcode/qr_code_192.png',NULL,NULL,NULL,0,0,0,'','2023-09-16 07:35:32.533591',NULL);
INSERT INTO "store_product_qr" VALUES(193,'static/qrcode/qr_code_193.png',NULL,NULL,NULL,0,0,0,'','2023-09-16 07:35:32.605877',NULL);
INSERT INTO "store_product_qr" VALUES(194,'static/qrcode/qr_code_194.png',NULL,NULL,NULL,0,0,0,'','2023-09-16 07:35:32.711487',NULL);
INSERT INTO "store_product_qr" VALUES(195,'static/qrcode/qr_code_195.png',NULL,NULL,NULL,0,0,0,'','2023-09-16 07:35:32.837157',NULL);
INSERT INTO "store_product_qr" VALUES(196,'static/qrcode/qr_code_196.png',NULL,NULL,NULL,0,0,0,'','2023-09-16 07:35:32.955976',NULL);
INSERT INTO "store_product_qr" VALUES(197,'static/qrcode/qr_code_197.png',NULL,NULL,NULL,0,0,0,'','2023-09-16 07:38:54.461772',NULL);
INSERT INTO "store_product_qr" VALUES(198,'static/qrcode/qr_code_198.png',NULL,NULL,NULL,0,0,0,'','2023-09-16 07:38:54.665756',NULL);
INSERT INTO "store_product_qr" VALUES(199,'static/qrcode/qr_code_199.png',NULL,NULL,NULL,0,0,0,'','2023-09-16 07:38:54.851525',NULL);
INSERT INTO "store_product_qr" VALUES(200,'static/qrcode/qr_code_200.png',NULL,NULL,NULL,0,0,0,'','2023-09-16 07:38:55.027346',NULL);
INSERT INTO "store_product_qr" VALUES(201,'static/qrcode/qr_code_201.png',NULL,NULL,NULL,0,0,0,'','2023-09-16 07:38:55.193512',NULL);
INSERT INTO "store_product_qr" VALUES(202,'static/qrcode/qr_code_202.png',NULL,NULL,NULL,0,0,0,'','2023-09-16 07:38:55.307192',NULL);
INSERT INTO "store_product_qr" VALUES(203,'static/qrcode/qr_code_203.png',NULL,NULL,NULL,0,0,0,'','2023-09-16 07:38:55.420140',NULL);
INSERT INTO "store_product_qr" VALUES(204,'static/qrcode/qr_code_204.png',NULL,NULL,NULL,0,0,0,'','2023-09-16 07:38:55.530754',NULL);
INSERT INTO "store_product_qr" VALUES(205,'static/qrcode/qr_code_205.png',NULL,NULL,NULL,0,0,0,'','2023-09-16 07:38:55.619782',NULL);
INSERT INTO "store_product_qr" VALUES(206,'static/qrcode/qr_code_206.png',NULL,NULL,NULL,0,0,0,'','2023-09-16 07:38:55.720700',NULL);
INSERT INTO "store_product_qr" VALUES(207,'static/qrcode/qr_code_207.png',NULL,NULL,NULL,0,0,0,'','2023-09-16 07:38:55.823367',NULL);
INSERT INTO "store_product_qr" VALUES(208,'static/qrcode/qr_code_208.png',NULL,NULL,NULL,0,0,0,'','2023-09-16 07:38:55.888828',NULL);
INSERT INTO "store_product_qr" VALUES(209,'static/qrcode/qr_code_209.png',NULL,NULL,NULL,0,0,0,'','2023-09-16 07:39:06.261562',NULL);
INSERT INTO "store_product_qr" VALUES(210,'static/qrcode/qr_code_210.png',NULL,NULL,NULL,0,0,0,'','2023-09-16 07:39:06.356481',NULL);
INSERT INTO "store_product_qr" VALUES(211,'static/qrcode/qr_code_211.png',NULL,NULL,NULL,0,0,0,'','2023-09-16 07:39:06.454450',NULL);
INSERT INTO "store_product_qr" VALUES(212,'static/qrcode/qr_code_212.png',NULL,NULL,NULL,0,0,0,'','2023-09-16 07:39:06.546857',NULL);
INSERT INTO "store_product_qr" VALUES(213,'static/qrcode/qr_code_213.png',NULL,NULL,NULL,0,0,0,'','2023-09-16 07:39:06.639581',NULL);
INSERT INTO "store_product_qr" VALUES(214,'static/qrcode/qr_code_214.png',NULL,NULL,NULL,0,0,0,'','2023-09-16 07:39:06.732390',NULL);
INSERT INTO "store_product_qr" VALUES(215,'static/qrcode/qr_code_215.png',NULL,NULL,NULL,0,0,0,'','2023-09-16 07:39:06.826478',NULL);
INSERT INTO "store_product_qr" VALUES(216,'static/qrcode/qr_code_216.png',NULL,NULL,NULL,0,0,0,'','2023-09-16 07:39:06.917018',NULL);
INSERT INTO "store_product_qr" VALUES(217,'static/qrcode/qr_code_217.png',NULL,NULL,NULL,0,0,0,'','2023-09-16 07:39:07.005524',NULL);
INSERT INTO "store_product_qr" VALUES(218,'static/qrcode/qr_code_218.png',NULL,NULL,NULL,0,0,0,'','2023-09-16 07:39:07.098512',NULL);
INSERT INTO "store_product_qr" VALUES(219,'static/qrcode/qr_code_219.png',NULL,NULL,NULL,0,0,0,'','2023-09-16 07:39:07.191911',NULL);
INSERT INTO "store_product_qr" VALUES(220,'static/qrcode/qr_code_220.png',NULL,NULL,NULL,0,0,0,'','2023-09-16 07:39:07.280992',NULL);
INSERT INTO "store_product_qr" VALUES(221,'static/qrcode/qr_code_221.png',NULL,NULL,NULL,0,0,0,'','2023-09-16 07:39:10.396800',NULL);
INSERT INTO "store_product_qr" VALUES(222,'static/qrcode/qr_code_222.png',NULL,NULL,NULL,0,0,0,'','2023-09-16 07:39:10.520253',NULL);
INSERT INTO "store_product_qr" VALUES(223,'static/qrcode/qr_code_223.png',NULL,NULL,NULL,0,0,0,'','2023-09-16 07:39:10.627534',NULL);
INSERT INTO "store_product_qr" VALUES(224,'static/qrcode/qr_code_224.png',NULL,NULL,NULL,0,0,0,'','2023-09-16 07:39:10.735585',NULL);
INSERT INTO "store_product_qr" VALUES(225,'static/qrcode/qr_code_225.png',NULL,NULL,NULL,0,0,0,'','2023-09-16 07:39:10.849099',NULL);
INSERT INTO "store_product_qr" VALUES(226,'static/qrcode/qr_code_226.png',NULL,NULL,NULL,0,0,0,'','2023-09-16 07:39:10.965699',NULL);
INSERT INTO "store_product_qr" VALUES(227,'static/qrcode/qr_code_227.png',NULL,NULL,NULL,0,0,0,'','2023-09-16 07:39:11.076237',NULL);
INSERT INTO "store_product_qr" VALUES(228,'static/qrcode/qr_code_228.png',NULL,NULL,NULL,0,0,0,'','2023-09-16 07:39:11.172150',NULL);
INSERT INTO "store_product_qr" VALUES(229,'static/qrcode/qr_code_229.png',NULL,NULL,NULL,0,0,0,'','2023-09-16 07:39:11.254693',NULL);
INSERT INTO "store_product_qr" VALUES(230,'static/qrcode/qr_code_230.png',NULL,NULL,NULL,0,0,0,'','2023-09-16 07:39:11.329833',NULL);
INSERT INTO "store_product_qr" VALUES(231,'static/qrcode/qr_code_231.png',NULL,NULL,NULL,0,0,0,'','2023-09-16 07:39:11.435080',NULL);
INSERT INTO "store_product_qr" VALUES(232,'static/qrcode/qr_code_232.png',NULL,NULL,NULL,0,0,0,'','2023-09-16 07:39:11.532210',NULL);
INSERT INTO "store_product_qr" VALUES(233,'static/qrcode/qr_code_233.png',NULL,NULL,NULL,0,0,0,'','2023-09-16 07:39:57.458395',NULL);
INSERT INTO "store_product_qr" VALUES(234,'static/qrcode/qr_code_234.png',NULL,NULL,NULL,0,0,0,'','2023-09-16 07:39:57.538687',NULL);
INSERT INTO "store_product_qr" VALUES(235,'static/qrcode/qr_code_235.png',NULL,NULL,NULL,0,0,0,'','2023-09-16 07:39:57.615398',NULL);
INSERT INTO "store_product_qr" VALUES(236,'static/qrcode/qr_code_236.png',NULL,NULL,NULL,0,0,0,'','2023-09-16 07:39:57.699040',NULL);
INSERT INTO "store_product_qr" VALUES(237,'static/qrcode/qr_code_237.png',NULL,NULL,NULL,0,0,0,'','2023-09-16 07:39:57.775728',NULL);
INSERT INTO "store_product_qr" VALUES(238,'static/qrcode/qr_code_238.png',NULL,NULL,NULL,0,0,0,'','2023-09-16 07:39:57.853618',NULL);
INSERT INTO "store_product_qr" VALUES(239,'static/qrcode/qr_code_239.png',NULL,NULL,NULL,0,0,0,'','2023-09-16 07:39:57.949277',NULL);
INSERT INTO "store_product_qr" VALUES(240,'static/qrcode/qr_code_240.png',NULL,NULL,NULL,0,0,0,'','2023-09-16 07:39:58.037762',NULL);
INSERT INTO "store_product_qr" VALUES(241,'static/qrcode/qr_code_241.png',NULL,NULL,NULL,0,0,0,'','2023-09-16 07:39:58.140142',NULL);
INSERT INTO "store_product_qr" VALUES(242,'static/qrcode/qr_code_242.png',NULL,NULL,NULL,0,0,0,'','2023-09-16 07:39:58.234841',NULL);
INSERT INTO "store_product_qr" VALUES(243,'static/qrcode/qr_code_243.png',NULL,NULL,NULL,0,0,0,'','2023-09-16 07:39:58.331971',NULL);
INSERT INTO "store_product_qr" VALUES(244,'static/qrcode/qr_code_244.png',NULL,NULL,NULL,0,0,0,'','2023-09-16 07:39:58.424309',NULL);
INSERT INTO "store_product_qr" VALUES(245,'static/qrcode/qr_code_245.png',NULL,NULL,NULL,0,0,0,'','2023-09-16 07:40:14.343037',NULL);
INSERT INTO "store_product_qr" VALUES(246,'static/qrcode/qr_code_246.png',NULL,NULL,NULL,0,0,0,'','2023-09-16 07:40:14.442814',NULL);
INSERT INTO "store_product_qr" VALUES(247,'static/qrcode/qr_code_247.png',NULL,NULL,NULL,0,0,0,'','2023-09-16 07:40:14.521427',NULL);
INSERT INTO "store_product_qr" VALUES(248,'static/qrcode/qr_code_248.png',NULL,NULL,NULL,0,0,0,'','2023-09-16 07:40:14.591259',NULL);
INSERT INTO "store_product_qr" VALUES(249,'static/qrcode/qr_code_249.png',NULL,NULL,NULL,0,0,0,'','2023-09-16 07:40:14.659602',NULL);
INSERT INTO "store_product_qr" VALUES(250,'static/qrcode/qr_code_250.png',NULL,NULL,NULL,0,0,0,'','2023-09-16 07:40:14.727659',NULL);
INSERT INTO "store_product_qr" VALUES(251,'static/qrcode/qr_code_251.png',NULL,NULL,NULL,0,0,0,'','2023-09-16 07:40:14.794343',NULL);
INSERT INTO "store_product_qr" VALUES(252,'static/qrcode/qr_code_252.png',NULL,NULL,NULL,0,0,0,'','2023-09-16 07:40:14.861770',NULL);
INSERT INTO "store_product_qr" VALUES(253,'static/qrcode/qr_code_253.png',NULL,NULL,NULL,0,0,0,'','2023-09-16 07:40:14.941321',NULL);
INSERT INTO "store_product_qr" VALUES(254,'static/qrcode/qr_code_254.png',NULL,NULL,NULL,0,0,0,'','2023-09-16 07:40:15.015593',NULL);
INSERT INTO "store_product_qr" VALUES(255,'static/qrcode/qr_code_255.png',NULL,NULL,NULL,0,0,0,'','2023-09-16 07:40:15.096889',NULL);
INSERT INTO "store_product_qr" VALUES(256,'static/qrcode/qr_code_256.png',NULL,NULL,NULL,0,0,0,'','2023-09-16 07:40:15.118317',NULL);
INSERT INTO "store_product_qr" VALUES(257,'static/qrcode/qr_code_257.png',NULL,NULL,NULL,0,0,0,'','2023-09-16 07:40:15.174671',NULL);
INSERT INTO "store_product_qr" VALUES(258,'static/qrcode/qr_code_258.png',NULL,NULL,NULL,0,0,0,'','2023-09-16 07:40:15.213376',NULL);
INSERT INTO "store_product_qr" VALUES(259,'static/qrcode/qr_code_259.png',NULL,NULL,NULL,0,0,0,'','2023-09-16 07:40:15.304501',NULL);
INSERT INTO "store_product_qr" VALUES(260,'static/qrcode/qr_code_260.png',NULL,NULL,NULL,0,0,0,'','2023-09-16 07:40:15.396226',NULL);
INSERT INTO "store_product_qr" VALUES(261,'static/qrcode/qr_code_261.png',NULL,NULL,NULL,0,0,0,'','2023-09-16 07:40:15.493713',NULL);
INSERT INTO "store_product_qr" VALUES(262,'static/qrcode/qr_code_262.png',NULL,NULL,NULL,0,0,0,'','2023-09-16 07:40:15.592256',NULL);
INSERT INTO "store_product_qr" VALUES(263,'static/qrcode/qr_code_263.png',NULL,NULL,NULL,0,0,0,'','2023-09-16 07:40:15.725131',NULL);
INSERT INTO "store_product_qr" VALUES(264,'static/qrcode/qr_code_264.png',NULL,NULL,NULL,0,0,0,'','2023-09-16 07:40:15.830959',NULL);
INSERT INTO "store_product_qr" VALUES(265,'static/qrcode/qr_code_265.png',NULL,NULL,NULL,0,0,0,'','2023-09-16 07:40:15.903252',NULL);
INSERT INTO "store_product_qr" VALUES(266,'static/qrcode/qr_code_266.png',NULL,NULL,NULL,0,0,0,'','2023-09-16 07:40:15.977988',NULL);
INSERT INTO "store_product_qr" VALUES(267,'static/qrcode/qr_code_267.png',NULL,NULL,NULL,0,0,0,'','2023-09-16 07:40:16.048544',NULL);
INSERT INTO "store_product_qr" VALUES(268,'static/qrcode/qr_code_268.png',NULL,NULL,NULL,0,0,0,'','2023-09-16 07:40:16.130064',NULL);
INSERT INTO "store_product_qr" VALUES(269,'static/qrcode/qr_code_269.png',NULL,NULL,NULL,0,0,0,'','2023-09-16 07:40:29.268030',NULL);
INSERT INTO "store_product_qr" VALUES(270,'static/qrcode/qr_code_270.png',NULL,NULL,NULL,0,0,0,'','2023-09-16 07:40:29.357582',NULL);
INSERT INTO "store_product_qr" VALUES(271,'static/qrcode/qr_code_271.png',NULL,NULL,NULL,0,0,0,'','2023-09-16 07:40:29.443694',NULL);
INSERT INTO "store_product_qr" VALUES(272,'static/qrcode/qr_code_272.png',NULL,NULL,NULL,0,0,0,'','2023-09-16 07:40:29.526878',NULL);
INSERT INTO "store_product_qr" VALUES(273,'static/qrcode/qr_code_273.png',NULL,NULL,NULL,0,0,0,'','2023-09-16 07:40:29.599499',NULL);
INSERT INTO "store_product_qr" VALUES(274,'static/qrcode/qr_code_274.png',NULL,NULL,NULL,0,0,0,'','2023-09-16 07:40:29.671416',NULL);
INSERT INTO "store_product_qr" VALUES(275,'static/qrcode/qr_code_275.png',NULL,NULL,NULL,0,0,0,'','2023-09-16 07:40:29.756456',NULL);
INSERT INTO "store_product_qr" VALUES(276,'static/qrcode/qr_code_276.png',NULL,NULL,NULL,0,0,0,'','2023-09-16 07:40:29.829071',NULL);
INSERT INTO "store_product_qr" VALUES(277,'static/qrcode/qr_code_277.png',NULL,NULL,NULL,0,0,0,'','2023-09-16 07:40:29.888294',NULL);
INSERT INTO "store_product_qr" VALUES(278,'static/qrcode/qr_code_278.png',NULL,NULL,NULL,0,0,0,'','2023-09-16 07:40:29.953052',NULL);
INSERT INTO "store_product_qr" VALUES(279,'static/qrcode/qr_code_279.png',NULL,NULL,NULL,0,0,0,'','2023-09-16 07:40:30.015984',NULL);
INSERT INTO "store_product_qr" VALUES(280,'static/qrcode/qr_code_280.png',NULL,NULL,NULL,0,0,0,'','2023-09-16 07:40:30.106599',NULL);
INSERT INTO "store_product_qr" VALUES(281,'static/qrcode/qr_code_281.png',NULL,NULL,NULL,0,0,0,'','2023-09-16 07:40:31.834857',NULL);
INSERT INTO "store_product_qr" VALUES(282,'static/qrcode/qr_code_282.png',NULL,NULL,NULL,0,0,0,'','2023-09-16 07:40:31.933498',NULL);
INSERT INTO "store_product_qr" VALUES(283,'static/qrcode/qr_code_283.png',NULL,NULL,NULL,0,0,0,'','2023-09-16 07:40:32.032375',NULL);
INSERT INTO "store_product_qr" VALUES(284,'static/qrcode/qr_code_284.png',NULL,NULL,NULL,0,0,0,'','2023-09-16 07:40:32.119571',NULL);
INSERT INTO "store_product_qr" VALUES(285,'static/qrcode/qr_code_285.png',NULL,NULL,NULL,0,0,0,'','2023-09-16 07:40:32.213713',NULL);
INSERT INTO "store_product_qr" VALUES(286,'static/qrcode/qr_code_286.png',NULL,NULL,NULL,0,0,0,'','2023-09-16 07:40:32.322399',NULL);
INSERT INTO "store_product_qr" VALUES(287,'static/qrcode/qr_code_287.png',NULL,NULL,NULL,0,0,0,'','2023-09-16 07:40:32.413269',NULL);
INSERT INTO "store_product_qr" VALUES(288,'static/qrcode/qr_code_288.png',NULL,NULL,NULL,0,0,0,'','2023-09-16 07:40:32.503325',NULL);
INSERT INTO "store_product_qr" VALUES(289,'static/qrcode/qr_code_289.png',NULL,NULL,NULL,0,0,0,'','2023-09-16 07:40:32.584586',NULL);
INSERT INTO "store_product_qr" VALUES(290,'static/qrcode/qr_code_290.png',NULL,NULL,NULL,0,0,0,'','2023-09-16 07:40:32.661291',NULL);
INSERT INTO "store_product_qr" VALUES(291,'static/qrcode/qr_code_291.png',NULL,NULL,NULL,0,0,0,'','2023-09-16 07:40:32.750576',NULL);
INSERT INTO "store_product_qr" VALUES(292,'static/qrcode/qr_code_292.png',NULL,NULL,NULL,0,0,0,'','2023-09-16 07:40:32.863731',NULL);
INSERT INTO "store_product_qr" VALUES(293,'static/qrcode/qr_code_293.png',NULL,NULL,NULL,0,0,0,'','2023-09-16 07:41:07.314131',NULL);
INSERT INTO "store_product_qr" VALUES(294,'static/qrcode/qr_code_294.png',NULL,NULL,NULL,0,0,0,'','2023-09-16 07:41:07.401461',NULL);
INSERT INTO "store_product_qr" VALUES(295,'static/qrcode/qr_code_295.png',NULL,NULL,NULL,0,0,0,'','2023-09-16 07:41:07.483177',NULL);
INSERT INTO "store_product_qr" VALUES(296,'static/qrcode/qr_code_296.png',NULL,NULL,NULL,0,0,0,'','2023-09-16 07:41:07.581827',NULL);
INSERT INTO "store_product_qr" VALUES(297,'static/qrcode/qr_code_297.png',NULL,NULL,NULL,0,0,0,'','2023-09-16 07:41:07.674671',NULL);
INSERT INTO "store_product_qr" VALUES(298,'static/qrcode/qr_code_298.png',NULL,NULL,NULL,0,0,0,'','2023-09-16 07:41:07.767041',NULL);
INSERT INTO "store_product_qr" VALUES(299,'static/qrcode/qr_code_299.png',NULL,NULL,NULL,0,0,0,'','2023-09-16 07:41:07.859354',NULL);
INSERT INTO "store_product_qr" VALUES(300,'static/qrcode/qr_code_300.png',NULL,NULL,NULL,0,0,0,'','2023-09-16 07:41:07.979346',NULL);
INSERT INTO "store_product_qr" VALUES(301,'static/qrcode/qr_code_301.png',NULL,NULL,NULL,0,0,0,'','2023-09-16 07:41:08.094688',NULL);
INSERT INTO "store_product_qr" VALUES(302,'static/qrcode/qr_code_302.png',NULL,NULL,NULL,0,0,0,'','2023-09-16 07:41:08.194223',NULL);
INSERT INTO "store_product_qr" VALUES(303,'static/qrcode/qr_code_303.png',NULL,NULL,NULL,0,0,0,'','2023-09-16 07:41:08.285658',NULL);
INSERT INTO "store_product_qr" VALUES(304,'static/qrcode/qr_code_304.png',NULL,NULL,NULL,0,0,0,'','2023-09-16 07:41:08.409973',NULL);
INSERT INTO "store_product_qr" VALUES(305,'static/qrcode/qr_code_305.png',NULL,NULL,NULL,0,0,0,'','2023-09-16 07:42:38.552097',NULL);
INSERT INTO "store_product_qr" VALUES(306,'static/qrcode/qr_code_306.png',NULL,NULL,NULL,0,0,0,'','2023-09-16 07:42:38.648893',NULL);
INSERT INTO "store_product_qr" VALUES(307,'static/qrcode/qr_code_307.png',NULL,NULL,NULL,0,0,0,'','2023-09-16 07:42:38.745260',NULL);
INSERT INTO "store_product_qr" VALUES(308,'static/qrcode/qr_code_308.png',NULL,NULL,NULL,0,0,0,'','2023-09-16 07:42:38.840293',NULL);
INSERT INTO "store_product_qr" VALUES(309,'static/qrcode/qr_code_309.png',NULL,NULL,NULL,0,0,0,'','2023-09-16 07:42:38.933048',NULL);
INSERT INTO "store_product_qr" VALUES(310,'static/qrcode/qr_code_310.png',NULL,NULL,NULL,0,0,0,'','2023-09-16 07:42:39.056677',NULL);
INSERT INTO "store_product_qr" VALUES(311,'static/qrcode/qr_code_311.png',NULL,NULL,NULL,0,0,0,'','2023-09-16 07:42:39.178523',NULL);
INSERT INTO "store_product_qr" VALUES(312,'static/qrcode/qr_code_312.png',NULL,NULL,NULL,0,0,0,'','2023-09-16 07:42:39.376895',NULL);
INSERT INTO "store_product_qr" VALUES(313,'static/qrcode/qr_code_313.png',NULL,NULL,NULL,0,0,0,'','2023-09-16 07:42:39.483499',NULL);
INSERT INTO "store_product_qr" VALUES(314,'static/qrcode/qr_code_314.png',NULL,NULL,NULL,0,0,0,'','2023-09-16 07:42:39.574528',NULL);
INSERT INTO "store_product_qr" VALUES(315,'static/qrcode/qr_code_315.png',NULL,NULL,NULL,0,0,0,'','2023-09-16 07:42:39.682406',NULL);
INSERT INTO "store_product_qr" VALUES(316,'static/qrcode/qr_code_316.png',NULL,NULL,NULL,0,0,0,'','2023-09-16 07:42:39.798463',NULL);
INSERT INTO "store_product_qr" VALUES(317,'static/qrcode/qr_code_317.png',NULL,NULL,NULL,0,0,0,'','2023-09-16 07:44:16.367631',NULL);
INSERT INTO "store_product_qr" VALUES(318,'static/qrcode/qr_code_318.png',NULL,NULL,NULL,0,0,0,'','2023-09-16 07:44:16.442610',NULL);
INSERT INTO "store_product_qr" VALUES(319,'static/qrcode/qr_code_319.png',NULL,NULL,NULL,0,0,0,'','2023-09-16 07:44:16.530870',NULL);
INSERT INTO "store_product_qr" VALUES(320,'static/qrcode/qr_code_320.png',NULL,NULL,NULL,0,0,0,'','2023-09-16 07:44:16.623300',NULL);
INSERT INTO "store_product_qr" VALUES(321,'static/qrcode/qr_code_321.png',NULL,NULL,NULL,0,0,0,'','2023-09-16 07:44:16.699934',NULL);
INSERT INTO "store_product_qr" VALUES(322,'static/qrcode/qr_code_322.png',NULL,NULL,NULL,0,0,0,'','2023-09-16 07:44:16.788756',NULL);
INSERT INTO "store_product_qr" VALUES(323,'static/qrcode/qr_code_323.png',NULL,NULL,NULL,0,0,0,'','2023-09-16 07:44:16.878174',NULL);
INSERT INTO "store_product_qr" VALUES(324,'static/qrcode/qr_code_324.png',NULL,NULL,NULL,0,0,0,'','2023-09-16 07:44:16.968820',NULL);
INSERT INTO "store_product_qr" VALUES(325,'static/qrcode/qr_code_325.png',NULL,NULL,NULL,0,0,0,'','2023-09-16 07:44:17.061738',NULL);
INSERT INTO "store_product_qr" VALUES(326,'static/qrcode/qr_code_326.png',NULL,NULL,NULL,0,0,0,'','2023-09-16 07:44:17.150223',NULL);
INSERT INTO "store_product_qr" VALUES(327,'static/qrcode/qr_code_327.png',NULL,NULL,NULL,0,0,0,'','2023-09-16 07:44:17.242817',NULL);
INSERT INTO "store_product_qr" VALUES(328,'static/qrcode/qr_code_328.png',NULL,NULL,NULL,0,0,0,'','2023-09-16 07:44:17.335432',NULL);
INSERT INTO "store_product_qr" VALUES(329,'static/qrcode/qr_code_329.png',NULL,NULL,NULL,0,0,0,'','2023-09-16 07:44:21.443145',NULL);
INSERT INTO "store_product_qr" VALUES(330,'static/qrcode/qr_code_330.png',NULL,NULL,NULL,0,0,0,'','2023-09-16 07:44:21.569870',NULL);
INSERT INTO "store_product_qr" VALUES(331,'static/qrcode/qr_code_331.png',NULL,NULL,NULL,0,0,0,'','2023-09-16 07:44:21.710562',NULL);
INSERT INTO "store_product_qr" VALUES(332,'static/qrcode/qr_code_332.png',NULL,NULL,NULL,0,0,0,'','2023-09-16 07:44:21.875164',NULL);
INSERT INTO "store_product_qr" VALUES(333,'static/qrcode/qr_code_333.png',NULL,NULL,NULL,0,0,0,'','2023-09-16 07:44:22.038655',NULL);
INSERT INTO "store_product_qr" VALUES(334,'static/qrcode/qr_code_334.png',NULL,NULL,NULL,0,0,0,'','2023-09-16 07:44:22.129744',NULL);
INSERT INTO "store_product_qr" VALUES(335,'static/qrcode/qr_code_335.png',NULL,NULL,NULL,0,0,0,'','2023-09-16 07:44:22.223610',NULL);
INSERT INTO "store_product_qr" VALUES(336,'static/qrcode/qr_code_336.png',NULL,NULL,NULL,0,0,0,'','2023-09-16 07:44:22.314176',NULL);
INSERT INTO "store_product_qr" VALUES(337,'static/qrcode/qr_code_337.png',NULL,NULL,NULL,0,0,0,'','2023-09-16 07:44:22.405841',NULL);
INSERT INTO "store_product_qr" VALUES(338,'static/qrcode/qr_code_338.png',NULL,NULL,NULL,0,0,0,'','2023-09-16 07:44:22.499097',NULL);
INSERT INTO "store_product_qr" VALUES(339,'static/qrcode/qr_code_339.png',NULL,NULL,NULL,0,0,0,'','2023-09-16 07:44:22.578736',NULL);
INSERT INTO "store_product_qr" VALUES(340,'static/qrcode/qr_code_340.png',NULL,NULL,NULL,0,0,0,'','2023-09-16 07:44:22.660397',NULL);
INSERT INTO "store_product_qr" VALUES(341,'static/qrcode/qr_code_341.png',NULL,NULL,NULL,0,0,0,'','2023-09-16 07:44:40.726671',NULL);
INSERT INTO "store_product_qr" VALUES(342,'static/qrcode/qr_code_342.png',NULL,NULL,NULL,0,0,0,'','2023-09-16 07:44:40.833380',NULL);
INSERT INTO "store_product_qr" VALUES(343,'static/qrcode/qr_code_343.png',NULL,NULL,NULL,0,0,0,'','2023-09-16 07:44:40.936261',NULL);
INSERT INTO "store_product_qr" VALUES(344,'static/qrcode/qr_code_344.png',NULL,NULL,NULL,0,0,0,'','2023-09-16 07:44:41.046647',NULL);
INSERT INTO "store_product_qr" VALUES(345,'static/qrcode/qr_code_345.png',NULL,NULL,NULL,0,0,0,'','2023-09-16 07:44:41.145542',NULL);
INSERT INTO "store_product_qr" VALUES(346,'static/qrcode/qr_code_346.png',NULL,NULL,NULL,0,0,0,'','2023-09-16 07:44:41.241809',NULL);
INSERT INTO "store_product_qr" VALUES(347,'static/qrcode/qr_code_347.png',NULL,NULL,NULL,0,0,0,'','2023-09-16 07:44:41.378104',NULL);
INSERT INTO "store_product_qr" VALUES(348,'static/qrcode/qr_code_348.png',NULL,NULL,NULL,0,0,0,'','2023-09-16 07:44:41.591061',NULL);
INSERT INTO "store_product_qr" VALUES(349,'static/qrcode/qr_code_349.png',NULL,NULL,NULL,0,0,0,'','2023-09-16 07:44:41.690821',NULL);
INSERT INTO "store_product_qr" VALUES(350,'static/qrcode/qr_code_350.png',NULL,NULL,NULL,0,0,0,'','2023-09-16 07:44:41.770149',NULL);
INSERT INTO "store_product_qr" VALUES(351,'static/qrcode/qr_code_351.png',NULL,NULL,NULL,0,0,0,'','2023-09-16 07:44:41.870013',NULL);
INSERT INTO "store_product_qr" VALUES(352,'static/qrcode/qr_code_352.png',NULL,NULL,NULL,0,0,0,'','2023-09-16 07:44:41.998250',NULL);
INSERT INTO "store_product_qr" VALUES(353,'static/qrcode/qr_code_353.png',NULL,NULL,NULL,0,0,0,'','2023-09-16 07:48:32.140905',NULL);
INSERT INTO "store_product_qr" VALUES(354,'static/qrcode/qr_code_354.png',NULL,NULL,NULL,0,0,0,'','2023-09-16 07:48:32.254384',NULL);
INSERT INTO "store_product_qr" VALUES(355,'static/qrcode/qr_code_355.png',NULL,NULL,NULL,0,0,0,'','2023-09-16 07:48:32.346455',NULL);
INSERT INTO "store_product_qr" VALUES(356,'static/qrcode/qr_code_356.png',NULL,NULL,NULL,0,0,0,'','2023-09-16 07:48:32.421715',NULL);
INSERT INTO "store_product_qr" VALUES(357,'static/qrcode/qr_code_357.png',NULL,NULL,NULL,0,0,0,'','2023-09-16 07:48:32.538124',NULL);
INSERT INTO "store_product_qr" VALUES(358,'static/qrcode/qr_code_358.png',NULL,NULL,NULL,0,0,0,'','2023-09-16 07:48:32.700668',NULL);
INSERT INTO "store_product_qr" VALUES(359,'static/qrcode/qr_code_359.png',NULL,NULL,NULL,0,0,0,'','2023-09-16 07:48:32.799491',NULL);
INSERT INTO "store_product_qr" VALUES(360,'static/qrcode/qr_code_360.png',NULL,NULL,NULL,0,0,0,'','2023-09-16 07:48:32.891354',NULL);
INSERT INTO "store_product_qr" VALUES(361,'static/qrcode/qr_code_361.png',NULL,NULL,NULL,0,0,0,'','2023-09-16 07:48:32.974157',NULL);
INSERT INTO "store_product_qr" VALUES(362,'static/qrcode/qr_code_362.png',NULL,NULL,NULL,0,0,0,'','2023-09-16 07:48:33.083233',NULL);
INSERT INTO "store_product_qr" VALUES(363,'static/qrcode/qr_code_363.png',NULL,NULL,NULL,0,0,0,'','2023-09-16 07:48:33.200817',NULL);
INSERT INTO "store_product_qr" VALUES(364,'static/qrcode/qr_code_364.png',NULL,NULL,NULL,0,0,0,'','2023-09-16 07:48:33.316435',NULL);
INSERT INTO "store_product_qr" VALUES(365,'static/qrcode/qr_code_365.png',NULL,NULL,NULL,0,0,0,'','2023-09-16 07:49:21.136862',NULL);
INSERT INTO "store_product_qr" VALUES(366,'static/qrcode/qr_code_366.png',NULL,NULL,NULL,0,0,0,'','2023-09-16 07:49:21.226616',NULL);
INSERT INTO "store_product_qr" VALUES(367,'static/qrcode/qr_code_367.png',NULL,NULL,NULL,0,0,0,'','2023-09-16 07:49:21.312855',NULL);
INSERT INTO "store_product_qr" VALUES(368,'static/qrcode/qr_code_368.png',NULL,NULL,NULL,0,0,0,'','2023-09-16 07:49:21.399754',NULL);
INSERT INTO "store_product_qr" VALUES(369,'static/qrcode/qr_code_369.png',NULL,NULL,NULL,0,0,0,'','2023-09-16 07:49:21.487922',NULL);
INSERT INTO "store_product_qr" VALUES(370,'static/qrcode/qr_code_370.png',NULL,NULL,NULL,0,0,0,'','2023-09-16 07:49:21.580559',NULL);
INSERT INTO "store_product_qr" VALUES(371,'static/qrcode/qr_code_371.png',NULL,NULL,NULL,0,0,0,'','2023-09-16 07:49:21.671758',NULL);
INSERT INTO "store_product_qr" VALUES(372,'static/qrcode/qr_code_372.png',NULL,NULL,NULL,0,0,0,'','2023-09-16 07:49:21.770683',NULL);
INSERT INTO "store_product_qr" VALUES(373,'static/qrcode/qr_code_373.png',NULL,NULL,NULL,0,0,0,'','2023-09-16 07:49:21.869914',NULL);
INSERT INTO "store_product_qr" VALUES(374,'static/qrcode/qr_code_374.png',NULL,NULL,NULL,0,0,0,'','2023-09-16 07:49:21.966743',NULL);
INSERT INTO "store_product_qr" VALUES(375,'static/qrcode/qr_code_375.png',NULL,NULL,NULL,0,0,0,'','2023-09-16 07:49:22.051452',NULL);
INSERT INTO "store_product_qr" VALUES(376,'static/qrcode/qr_code_376.png',NULL,NULL,NULL,0,0,0,'','2023-09-16 07:49:22.135054',NULL);
INSERT INTO "store_product_qr" VALUES(377,'static/qrcode/qr_code_377.png',NULL,NULL,NULL,0,0,0,'','2023-09-16 07:49:30.683742',NULL);
INSERT INTO "store_product_qr" VALUES(378,'static/qrcode/qr_code_378.png',NULL,NULL,NULL,0,0,0,'','2023-09-16 07:49:30.767729',NULL);
INSERT INTO "store_product_qr" VALUES(379,'static/qrcode/qr_code_379.png',NULL,NULL,NULL,0,0,0,'','2023-09-16 07:49:30.846566',NULL);
INSERT INTO "store_product_qr" VALUES(380,'static/qrcode/qr_code_380.png',NULL,NULL,NULL,0,0,0,'','2023-09-16 07:49:30.918010',NULL);
INSERT INTO "store_product_qr" VALUES(381,'static/qrcode/qr_code_381.png',NULL,NULL,NULL,0,0,0,'','2023-09-16 07:49:30.993471',NULL);
INSERT INTO "store_product_qr" VALUES(382,'static/qrcode/qr_code_382.png',NULL,NULL,NULL,0,0,0,'','2023-09-16 07:49:31.072674',NULL);
INSERT INTO "store_product_qr" VALUES(383,'static/qrcode/qr_code_383.png',NULL,NULL,NULL,0,0,0,'','2023-09-16 07:49:31.148221',NULL);
INSERT INTO "store_product_qr" VALUES(384,'static/qrcode/qr_code_384.png',NULL,NULL,NULL,0,0,0,'','2023-09-16 07:49:31.227092',NULL);
INSERT INTO "store_product_qr" VALUES(385,'static/qrcode/qr_code_385.png',NULL,NULL,NULL,0,0,0,'','2023-09-16 07:49:31.299391',NULL);
INSERT INTO "store_product_qr" VALUES(386,'static/qrcode/qr_code_386.png',NULL,NULL,NULL,0,0,0,'','2023-09-16 07:49:31.379113',NULL);
INSERT INTO "store_product_qr" VALUES(387,'static/qrcode/qr_code_387.png',NULL,NULL,NULL,0,0,0,'','2023-09-16 07:49:31.446806',NULL);
INSERT INTO "store_product_qr" VALUES(388,'static/qrcode/qr_code_388.png',NULL,NULL,NULL,0,0,0,'','2023-09-16 07:49:31.523172',NULL);
INSERT INTO "store_product_qr" VALUES(389,'static/qrcode/qr_code_389.png',NULL,NULL,NULL,0,0,0,'','2023-09-16 07:49:44.677318',NULL);
INSERT INTO "store_product_qr" VALUES(390,'static/qrcode/qr_code_390.png',NULL,NULL,NULL,0,0,0,'','2023-09-16 07:49:44.777891',NULL);
INSERT INTO "store_product_qr" VALUES(391,'static/qrcode/qr_code_391.png',NULL,NULL,NULL,0,0,0,'','2023-09-16 07:49:44.858977',NULL);
INSERT INTO "store_product_qr" VALUES(392,'static/qrcode/qr_code_392.png',NULL,NULL,NULL,0,0,0,'','2023-09-16 07:49:44.947941',NULL);
INSERT INTO "store_product_qr" VALUES(393,'static/qrcode/qr_code_393.png',NULL,NULL,NULL,0,0,0,'','2023-09-16 07:49:45.053411',NULL);
INSERT INTO "store_product_qr" VALUES(394,'static/qrcode/qr_code_394.png',NULL,NULL,NULL,0,0,0,'','2023-09-16 07:49:45.148716',NULL);
INSERT INTO "store_product_qr" VALUES(395,'static/qrcode/qr_code_395.png',NULL,NULL,NULL,0,0,0,'','2023-09-16 07:49:45.253218',NULL);
INSERT INTO "store_product_qr" VALUES(396,'static/qrcode/qr_code_396.png',NULL,NULL,NULL,0,0,0,'','2023-09-16 07:49:45.357853',NULL);
INSERT INTO "store_product_qr" VALUES(397,'static/qrcode/qr_code_397.png',NULL,NULL,NULL,0,0,0,'','2023-09-16 07:49:45.449561',NULL);
INSERT INTO "store_product_qr" VALUES(398,'static/qrcode/qr_code_398.png',NULL,NULL,NULL,0,0,0,'','2023-09-16 07:49:45.574774',NULL);
INSERT INTO "store_product_qr" VALUES(399,'static/qrcode/qr_code_399.png',NULL,NULL,NULL,0,0,0,'','2023-09-16 07:49:45.687760',NULL);
INSERT INTO "store_product_qr" VALUES(400,'static/qrcode/qr_code_400.png',NULL,NULL,NULL,0,0,0,'','2023-09-16 07:49:45.804021',NULL);
INSERT INTO "store_product_qr" VALUES(401,'static/qrcode/qr_code_401.png',NULL,NULL,NULL,0,0,0,'','2023-09-16 07:50:48.988936',NULL);
INSERT INTO "store_product_qr" VALUES(402,'static/qrcode/qr_code_402.png',NULL,NULL,NULL,0,0,0,'','2023-09-16 07:50:49.064490',NULL);
INSERT INTO "store_product_qr" VALUES(403,'static/qrcode/qr_code_403.png',NULL,NULL,NULL,0,0,0,'','2023-09-16 07:50:49.147465',NULL);
INSERT INTO "store_product_qr" VALUES(404,'static/qrcode/qr_code_404.png',NULL,NULL,NULL,0,0,0,'','2023-09-16 07:50:49.225847',NULL);
INSERT INTO "store_product_qr" VALUES(405,'static/qrcode/qr_code_405.png',NULL,NULL,NULL,0,0,0,'','2023-09-16 07:50:49.314167',NULL);
INSERT INTO "store_product_qr" VALUES(406,'static/qrcode/qr_code_406.png',NULL,NULL,NULL,0,0,0,'','2023-09-16 07:50:49.411536',NULL);
INSERT INTO "store_product_qr" VALUES(407,'static/qrcode/qr_code_407.png',NULL,NULL,NULL,0,0,0,'','2023-09-16 07:50:49.506277',NULL);
INSERT INTO "store_product_qr" VALUES(408,'static/qrcode/qr_code_408.png',NULL,NULL,NULL,0,0,0,'','2023-09-16 07:50:49.612740',NULL);
INSERT INTO "store_product_qr" VALUES(409,'static/qrcode/qr_code_409.png',NULL,NULL,NULL,0,0,0,'','2023-09-16 07:50:49.721919',NULL);
INSERT INTO "store_product_qr" VALUES(410,'static/qrcode/qr_code_410.png',NULL,NULL,NULL,0,0,0,'','2023-09-16 07:50:49.812611',NULL);
INSERT INTO "store_product_qr" VALUES(411,'static/qrcode/qr_code_411.png',NULL,NULL,NULL,0,0,0,'','2023-09-16 07:50:49.933324',NULL);
INSERT INTO "store_product_qr" VALUES(412,'static/qrcode/qr_code_412.png',NULL,NULL,NULL,0,0,0,'','2023-09-16 07:50:50.118273',NULL);
INSERT INTO "store_product_qr" VALUES(413,'static/qrcode/qr_code_413.png',NULL,NULL,NULL,0,0,0,'','2023-09-16 07:51:16.400022',NULL);
INSERT INTO "store_product_qr" VALUES(414,'static/qrcode/qr_code_414.png',NULL,NULL,NULL,0,0,0,'','2023-09-16 07:51:16.474990',NULL);
INSERT INTO "store_product_qr" VALUES(415,'static/qrcode/qr_code_415.png',NULL,NULL,NULL,0,0,0,'','2023-09-16 07:51:16.559749',NULL);
INSERT INTO "store_product_qr" VALUES(416,'static/qrcode/qr_code_416.png',NULL,NULL,NULL,0,0,0,'','2023-09-16 07:51:16.640580',NULL);
INSERT INTO "store_product_qr" VALUES(417,'static/qrcode/qr_code_417.png',NULL,NULL,NULL,0,0,0,'','2023-09-16 07:51:16.720473',NULL);
INSERT INTO "store_product_qr" VALUES(418,'static/qrcode/qr_code_418.png',NULL,NULL,NULL,0,0,0,'','2023-09-16 07:51:16.791605',NULL);
INSERT INTO "store_product_qr" VALUES(419,'static/qrcode/qr_code_419.png',NULL,NULL,NULL,0,0,0,'','2023-09-16 07:51:16.883871',NULL);
INSERT INTO "store_product_qr" VALUES(420,'static/qrcode/qr_code_420.png',NULL,NULL,NULL,0,0,0,'','2023-09-16 07:51:16.968431',NULL);
INSERT INTO "store_product_qr" VALUES(421,'static/qrcode/qr_code_421.png',NULL,NULL,NULL,0,0,0,'','2023-09-16 07:51:17.049122',NULL);
INSERT INTO "store_product_qr" VALUES(422,'static/qrcode/qr_code_422.png',NULL,NULL,NULL,0,0,0,'','2023-09-16 07:51:17.133772',NULL);
INSERT INTO "store_product_qr" VALUES(423,'static/qrcode/qr_code_423.png',NULL,NULL,NULL,0,0,0,'','2023-09-16 07:51:17.208090',NULL);
INSERT INTO "store_product_qr" VALUES(424,'static/qrcode/qr_code_424.png',NULL,NULL,NULL,0,0,0,'','2023-09-16 07:51:17.283222',NULL);
INSERT INTO "store_product_qr" VALUES(425,'static/qrcode/qr_code_425.png',NULL,NULL,NULL,0,0,0,'','2023-09-16 07:51:39.505633',NULL);
INSERT INTO "store_product_qr" VALUES(426,'static/qrcode/qr_code_426.png',NULL,NULL,NULL,0,0,0,'','2023-09-16 07:51:39.600171',NULL);
INSERT INTO "store_product_qr" VALUES(427,'static/qrcode/qr_code_427.png',NULL,NULL,NULL,0,0,0,'','2023-09-16 07:51:39.685324',NULL);
INSERT INTO "store_product_qr" VALUES(428,'static/qrcode/qr_code_428.png',NULL,NULL,NULL,0,0,0,'','2023-09-16 07:51:39.767045',NULL);
INSERT INTO "store_product_qr" VALUES(429,'static/qrcode/qr_code_429.png',NULL,NULL,NULL,0,0,0,'','2023-09-16 07:51:39.864896',NULL);
INSERT INTO "store_product_qr" VALUES(430,'static/qrcode/qr_code_430.png',NULL,NULL,NULL,0,0,0,'','2023-09-16 07:51:39.957199',NULL);
INSERT INTO "store_product_qr" VALUES(431,'static/qrcode/qr_code_431.png',NULL,NULL,NULL,0,0,0,'','2023-09-16 07:51:40.095490',NULL);
INSERT INTO "store_product_qr" VALUES(432,'static/qrcode/qr_code_432.png',NULL,NULL,NULL,0,0,0,'','2023-09-16 07:51:40.269058',NULL);
INSERT INTO "store_product_qr" VALUES(433,'static/qrcode/qr_code_433.png',NULL,NULL,NULL,0,0,0,'','2023-09-16 07:51:40.478751',NULL);
INSERT INTO "store_product_qr" VALUES(434,'static/qrcode/qr_code_434.png',NULL,NULL,NULL,0,0,0,'','2023-09-16 07:51:40.639383',NULL);
INSERT INTO "store_product_qr" VALUES(435,'static/qrcode/qr_code_435.png',NULL,NULL,NULL,0,0,0,'','2023-09-16 07:51:40.774204',NULL);
INSERT INTO "store_product_qr" VALUES(436,'static/qrcode/qr_code_436.png',NULL,NULL,NULL,0,0,0,'','2023-09-16 07:51:40.925395',NULL);
INSERT INTO "store_product_qr" VALUES(437,'static/qrcode/qr_code_437.png',NULL,NULL,NULL,0,0,0,'','2023-09-16 07:51:56.958781',NULL);
INSERT INTO "store_product_qr" VALUES(438,'static/qrcode/qr_code_438.png',NULL,NULL,NULL,0,0,0,'','2023-09-16 07:51:57.072572',NULL);
INSERT INTO "store_product_qr" VALUES(439,'static/qrcode/qr_code_439.png',NULL,NULL,NULL,0,0,0,'','2023-09-16 07:51:57.177482',NULL);
INSERT INTO "store_product_qr" VALUES(440,'static/qrcode/qr_code_440.png',NULL,NULL,NULL,0,0,0,'','2023-09-16 07:51:57.257286',NULL);
INSERT INTO "store_product_qr" VALUES(441,'static/qrcode/qr_code_441.png',NULL,NULL,NULL,0,0,0,'','2023-09-16 07:51:57.352687',NULL);
INSERT INTO "store_product_qr" VALUES(442,'static/qrcode/qr_code_442.png',NULL,NULL,NULL,0,0,0,'','2023-09-16 07:51:57.442431',NULL);
INSERT INTO "store_product_qr" VALUES(443,'static/qrcode/qr_code_443.png',NULL,NULL,NULL,0,0,0,'','2023-09-16 07:51:57.516228',NULL);
INSERT INTO "store_product_qr" VALUES(444,'static/qrcode/qr_code_444.png',NULL,NULL,NULL,0,0,0,'','2023-09-16 07:51:57.584481',NULL);
INSERT INTO "store_product_qr" VALUES(445,'static/qrcode/qr_code_445.png',NULL,NULL,NULL,0,0,0,'','2023-09-16 07:51:57.648929',NULL);
INSERT INTO "store_product_qr" VALUES(446,'static/qrcode/qr_code_446.png',NULL,NULL,NULL,0,0,0,'','2023-09-16 07:51:57.714158',NULL);
INSERT INTO "store_product_qr" VALUES(447,'static/qrcode/qr_code_447.png',NULL,NULL,NULL,0,0,0,'','2023-09-16 07:51:57.802562',NULL);
INSERT INTO "store_product_qr" VALUES(448,'static/qrcode/qr_code_448.png',NULL,NULL,NULL,0,0,0,'','2023-09-16 07:51:57.895891',NULL);
INSERT INTO "store_product_qr" VALUES(449,'static/qrcode/qr_code_449.png',NULL,NULL,NULL,0,0,0,'','2023-09-16 07:52:38.606414',NULL);
INSERT INTO "store_product_qr" VALUES(450,'static/qrcode/qr_code_450.png',NULL,NULL,NULL,0,0,0,'','2023-09-16 07:52:38.721129',NULL);
INSERT INTO "store_product_qr" VALUES(451,'static/qrcode/qr_code_451.png',NULL,NULL,NULL,0,0,0,'','2023-09-16 07:52:38.824415',NULL);
INSERT INTO "store_product_qr" VALUES(452,'static/qrcode/qr_code_452.png',NULL,NULL,NULL,0,0,0,'','2023-09-16 07:52:38.916998',NULL);
INSERT INTO "store_product_qr" VALUES(453,'static/qrcode/qr_code_453.png',NULL,NULL,NULL,0,0,0,'','2023-09-16 07:52:39.011585',NULL);
INSERT INTO "store_product_qr" VALUES(454,'static/qrcode/qr_code_454.png',NULL,NULL,NULL,0,0,0,'','2023-09-16 07:52:39.105938',NULL);
INSERT INTO "store_product_qr" VALUES(455,'static/qrcode/qr_code_455.png',NULL,NULL,NULL,0,0,0,'','2023-09-16 07:52:39.199898',NULL);
INSERT INTO "store_product_qr" VALUES(456,'static/qrcode/qr_code_456.png',NULL,NULL,NULL,0,0,0,'','2023-09-16 07:52:39.292562',NULL);
INSERT INTO "store_product_qr" VALUES(457,'static/qrcode/qr_code_457.png',NULL,NULL,NULL,0,0,0,'','2023-09-16 07:52:39.386976',NULL);
INSERT INTO "store_product_qr" VALUES(458,'static/qrcode/qr_code_458.png',NULL,NULL,NULL,0,0,0,'','2023-09-16 07:52:39.477418',NULL);
INSERT INTO "store_product_qr" VALUES(459,'static/qrcode/qr_code_459.png',NULL,NULL,NULL,0,0,0,'','2023-09-16 07:52:39.575721',NULL);
INSERT INTO "store_product_qr" VALUES(460,'static/qrcode/qr_code_460.png',NULL,NULL,NULL,0,0,0,'','2023-09-16 07:52:39.678124',NULL);
INSERT INTO "store_product_qr" VALUES(461,'static/qrcode/qr_code_461.png',NULL,NULL,NULL,0,0,0,'','2023-09-16 07:52:39.769686',NULL);
INSERT INTO "store_product_qr" VALUES(462,'static/qrcode/qr_code_462.png',NULL,NULL,NULL,0,0,0,'','2023-09-16 07:52:39.858127',NULL);
INSERT INTO "store_product_qr" VALUES(463,'static/qrcode/qr_code_463.png',NULL,NULL,NULL,0,0,0,'','2023-09-16 07:52:39.952626',NULL);
INSERT INTO "store_product_qr" VALUES(464,'static/qrcode/qr_code_464.png',NULL,NULL,NULL,0,0,0,'','2023-09-16 07:52:40.041178',NULL);
INSERT INTO "store_product_qr" VALUES(465,'static/qrcode/qr_code_465.png',NULL,NULL,NULL,0,0,0,'','2023-09-16 07:52:40.105713',NULL);
INSERT INTO "store_product_qr" VALUES(466,'static/qrcode/qr_code_466.png',NULL,NULL,NULL,0,0,0,'','2023-09-16 07:52:40.171641',NULL);
INSERT INTO "store_product_qr" VALUES(467,'static/qrcode/qr_code_467.png',NULL,NULL,NULL,0,0,0,'','2023-09-16 07:52:40.250765',NULL);
INSERT INTO "store_product_qr" VALUES(468,'static/qrcode/qr_code_468.png',NULL,NULL,NULL,0,0,0,'','2023-09-16 07:52:40.337934',NULL);
INSERT INTO "store_product_qr" VALUES(469,'static/qrcode/qr_code_469.png',NULL,NULL,NULL,0,0,0,'','2023-09-16 07:54:05.407272',NULL);
INSERT INTO "store_product_qr" VALUES(470,'static/qrcode/qr_code_470.png',NULL,NULL,NULL,0,0,0,'','2023-09-16 07:54:05.609677',NULL);
INSERT INTO "store_product_qr" VALUES(471,'static/qrcode/qr_code_471.png',NULL,NULL,NULL,0,0,0,'','2023-09-16 07:54:05.729261',NULL);
INSERT INTO "store_product_qr" VALUES(472,'static/qrcode/qr_code_472.png',NULL,NULL,NULL,0,0,0,'','2023-09-16 07:54:05.839040',NULL);
INSERT INTO "store_product_qr" VALUES(473,'static/qrcode/qr_code_473.png',NULL,NULL,NULL,0,0,0,'','2023-09-16 07:54:05.933985',NULL);
INSERT INTO "store_product_qr" VALUES(474,'static/qrcode/qr_code_474.png',NULL,NULL,NULL,0,0,0,'','2023-09-16 07:54:06.030916',NULL);
INSERT INTO "store_product_qr" VALUES(475,'static/qrcode/qr_code_475.png',NULL,NULL,NULL,0,0,0,'','2023-09-16 07:54:06.573660',NULL);
INSERT INTO "store_product_qr" VALUES(476,'static/qrcode/qr_code_476.png',NULL,NULL,NULL,0,0,0,'','2023-09-16 07:54:06.665524',NULL);
INSERT INTO "store_product_qr" VALUES(477,'static/qrcode/qr_code_477.png',NULL,NULL,NULL,0,0,0,'','2023-09-16 07:54:06.740191',NULL);
INSERT INTO "store_product_qr" VALUES(478,'static/qrcode/qr_code_478.png',NULL,NULL,NULL,0,0,0,'','2023-09-16 07:54:06.828710',NULL);
INSERT INTO "store_product_qr" VALUES(479,'static/qrcode/qr_code_479.png',NULL,NULL,NULL,0,0,0,'','2023-09-16 07:54:06.918375',NULL);
INSERT INTO "store_product_qr" VALUES(480,'static/qrcode/qr_code_480.png',NULL,NULL,NULL,0,0,0,'','2023-09-16 07:54:06.984722',NULL);
INSERT INTO "store_product_qr" VALUES(481,'static/qrcode/qr_code_481.png',NULL,NULL,NULL,0,0,0,'','2023-09-16 07:54:07.068718',NULL);
INSERT INTO "store_product_qr" VALUES(482,'static/qrcode/qr_code_482.png',NULL,NULL,NULL,0,0,0,'','2023-09-16 07:54:07.142654',NULL);
INSERT INTO "store_product_qr" VALUES(483,'static/qrcode/qr_code_483.png',NULL,NULL,NULL,0,0,0,'','2023-09-16 07:54:07.214459',NULL);
INSERT INTO "store_product_qr" VALUES(484,'static/qrcode/qr_code_484.png',NULL,NULL,NULL,0,0,0,'','2023-09-16 07:54:07.278237',NULL);
INSERT INTO "store_product_qr" VALUES(485,'static/qrcode/qr_code_485.png',NULL,NULL,NULL,0,0,0,'','2023-09-16 07:54:07.336202',NULL);
INSERT INTO "store_product_qr" VALUES(486,'static/qrcode/qr_code_486.png',NULL,NULL,NULL,0,0,0,'','2023-09-16 07:54:07.412662',NULL);
INSERT INTO "store_product_qr" VALUES(487,'static/qrcode/qr_code_487.png',NULL,NULL,NULL,0,0,0,'','2023-09-16 07:54:07.505502',NULL);
INSERT INTO "store_product_qr" VALUES(488,'static/qrcode/qr_code_488.png',NULL,NULL,NULL,0,0,0,'','2023-09-16 07:54:07.617700',NULL);
INSERT INTO "store_product_qr" VALUES(489,'static/qrcode/qr_code_489.png',NULL,NULL,NULL,0,0,0,'','2023-09-16 07:54:15.169156',NULL);
INSERT INTO "store_product_qr" VALUES(490,'static/qrcode/qr_code_490.png',NULL,NULL,NULL,0,0,0,'','2023-09-16 07:54:15.238504',NULL);
INSERT INTO "store_product_qr" VALUES(491,'static/qrcode/qr_code_491.png',NULL,NULL,NULL,0,0,0,'','2023-09-16 07:54:15.304416',NULL);
INSERT INTO "store_product_qr" VALUES(492,'static/qrcode/qr_code_492.png',NULL,NULL,NULL,0,0,0,'','2023-09-16 07:54:15.386127',NULL);
INSERT INTO "store_product_qr" VALUES(493,'static/qrcode/qr_code_493.png',NULL,NULL,NULL,0,0,0,'','2023-09-16 07:54:15.479214',NULL);
INSERT INTO "store_product_qr" VALUES(494,'static/qrcode/qr_code_494.png',NULL,NULL,NULL,0,0,0,'','2023-09-16 07:54:15.586696',NULL);
INSERT INTO "store_product_qr" VALUES(495,'static/qrcode/qr_code_495.png',NULL,NULL,NULL,0,0,0,'','2023-09-16 07:54:15.703603',NULL);
INSERT INTO "store_product_qr" VALUES(496,'static/qrcode/qr_code_496.png',NULL,NULL,NULL,0,0,0,'','2023-09-16 07:54:15.829799',NULL);
INSERT INTO "store_product_qr" VALUES(497,'static/qrcode/qr_code_497.png',NULL,NULL,NULL,0,0,0,'','2023-09-16 07:54:15.936370',NULL);
INSERT INTO "store_product_qr" VALUES(498,'static/qrcode/qr_code_498.png',NULL,NULL,NULL,0,0,0,'','2023-09-16 07:54:16.047581',NULL);
INSERT INTO "store_product_qr" VALUES(499,'static/qrcode/qr_code_499.png',NULL,NULL,NULL,0,0,0,'','2023-09-16 07:54:16.140472',NULL);
INSERT INTO "store_product_qr" VALUES(500,'static/qrcode/qr_code_500.png',NULL,NULL,NULL,0,0,0,'','2023-09-16 07:54:16.210116',NULL);
INSERT INTO "store_product_qr" VALUES(501,'static/qrcode/qr_code_501.png',NULL,NULL,NULL,0,0,0,'','2023-09-16 07:54:16.280788',NULL);
INSERT INTO "store_product_qr" VALUES(502,'static/qrcode/qr_code_502.png',NULL,NULL,NULL,0,0,0,'','2023-09-16 07:54:16.352173',NULL);
INSERT INTO "store_product_qr" VALUES(503,'static/qrcode/qr_code_503.png',NULL,NULL,NULL,0,0,0,'','2023-09-16 07:54:16.424426',NULL);
INSERT INTO "store_product_qr" VALUES(504,'static/qrcode/qr_code_504.png',NULL,NULL,NULL,0,0,0,'','2023-09-16 07:54:16.499845',NULL);
INSERT INTO "store_product_qr" VALUES(505,'static/qrcode/qr_code_505.png',NULL,NULL,NULL,0,0,0,'','2023-09-16 07:54:16.581584',NULL);
INSERT INTO "store_product_qr" VALUES(506,'static/qrcode/qr_code_506.png',NULL,NULL,NULL,0,0,0,'','2023-09-16 07:54:16.654354',NULL);
INSERT INTO "store_product_qr" VALUES(507,'static/qrcode/qr_code_507.png',NULL,NULL,NULL,0,0,0,'','2023-09-16 07:54:16.724229',NULL);
INSERT INTO "store_product_qr" VALUES(508,'static/qrcode/qr_code_508.png',NULL,NULL,NULL,0,0,0,'','2023-09-16 07:54:16.809149',NULL);
CREATE UNIQUE INDEX "django_content_type_app_label_model_76bd3d3b_uniq" ON "django_content_type" ("app_label", "model");
CREATE UNIQUE INDEX "auth_group_permissions_group_id_permission_id_0cd325b0_uniq" ON "auth_group_permissions" ("group_id", "permission_id");
CREATE INDEX IF NOT EXISTS "auth_group_permissions_group_id_b120cbf9" ON "auth_group_permissions" ("group_id");
CREATE INDEX IF NOT EXISTS "auth_group_permissions_permission_id_84c5c92e" ON "auth_group_permissions" ("permission_id");
CREATE UNIQUE INDEX "auth_permission_content_type_id_codename_01ab375a_uniq" ON "auth_permission" ("content_type_id", "codename");
CREATE INDEX IF NOT EXISTS "auth_permission_content_type_id_2f476e4b" ON "auth_permission" ("content_type_id");
CREATE UNIQUE INDEX "users_user_groups_user_id_group_id_b88eab82_uniq" ON "users_user_groups" ("user_id", "group_id");
CREATE INDEX IF NOT EXISTS "users_user_groups_user_id_5f6f5a90" ON "users_user_groups" ("user_id");
CREATE INDEX IF NOT EXISTS "users_user_groups_group_id_9afc8d0e" ON "users_user_groups" ("group_id");
CREATE UNIQUE INDEX "users_user_user_permissions_user_id_permission_id_43338c45_uniq" ON "users_user_user_permissions" ("user_id", "permission_id");
CREATE INDEX IF NOT EXISTS "users_user_user_permissions_user_id_20aca447" ON "users_user_user_permissions" ("user_id");
CREATE INDEX IF NOT EXISTS "users_user_user_permissions_permission_id_0b93982e" ON "users_user_user_permissions" ("permission_id");
CREATE INDEX IF NOT EXISTS "django_admin_log_content_type_id_c4bce8eb" ON "django_admin_log" ("content_type_id");
CREATE INDEX IF NOT EXISTS "django_admin_log_user_id_c564eba6" ON "django_admin_log" ("user_id");
CREATE INDEX IF NOT EXISTS "django_session_expire_date_a5c62663" ON "django_session" ("expire_date");
CREATE INDEX IF NOT EXISTS "transactions_request_material_category_id_84a65bcb" ON "transactions_request_material" ("category_id");
CREATE INDEX IF NOT EXISTS "transactions_request_material_customer_name_id_595ce75f" ON "transactions_request_material" ("customer_name_id");
CREATE INDEX IF NOT EXISTS "transactions_request_material_size_id_0af0ed04" ON "transactions_request_material" ("size_id");
CREATE INDEX IF NOT EXISTS "transactions_stock_product_id_a5d05ba3" ON "transactions_stock" ("product_id");
CREATE INDEX IF NOT EXISTS "transactions_left_over_stock_product_id_496e6726" ON "transactions_left_over_stock" ("product_id");
CREATE INDEX IF NOT EXISTS "transactions_scratch_stock_product_id_fc013c5d" ON "transactions_scratch_stock" ("product_id");
CREATE INDEX IF NOT EXISTS "store_product_category_id_574bae65" ON "store_product" ("category_id");
CREATE INDEX IF NOT EXISTS "store_product_size_id_838e791c" ON "store_product" ("size_id");
CREATE INDEX IF NOT EXISTS "store_product_grade_id_e91b7efe" ON "store_product" ("grade_id");
CREATE INDEX IF NOT EXISTS "store_product_thickness_id_15f9ec05" ON "store_product" ("thickness_id");
CREATE INDEX IF NOT EXISTS "transactions_project_material_project_id_90779194" ON "transactions_project_material" ("project_id");
CREATE INDEX IF NOT EXISTS "transactions_project_material_product_id_ab5b686d" ON "transactions_project_material" ("product_id");
CREATE INDEX IF NOT EXISTS "store_product_qr_shelf_product_qr_id_856813f2" ON "store_product_qr_shelf" ("product_qr_id");
CREATE INDEX IF NOT EXISTS "store_product_qr_shelf_shelf_id_fae05d95" ON "store_product_qr_shelf" ("shelf_id");
CREATE INDEX IF NOT EXISTS "transactions_project_employee_name_id_7b0a05fb" ON "transactions_project" ("employee_name_id");
CREATE INDEX IF NOT EXISTS "transactions_project_customer_id_486874c1" ON "transactions_project" ("customer_id");
CREATE INDEX IF NOT EXISTS "transactions_material_history_previous_size_id_acf43c9f" ON "transactions_material_history" ("previous_size_id");
CREATE INDEX IF NOT EXISTS "transactions_material_history_used_size_id_5945fcdb" ON "transactions_material_history" ("used_size_id");
CREATE INDEX IF NOT EXISTS "transactions_material_history_left_size_id_c03bef36" ON "transactions_material_history" ("left_size_id");
CREATE INDEX IF NOT EXISTS "transactions_material_history_product_qr_id_84d50666" ON "transactions_material_history" ("product_qr_id");
CREATE INDEX IF NOT EXISTS "transactions_material_history_project_id_e3029f67" ON "transactions_material_history" ("project_id");
CREATE INDEX IF NOT EXISTS "transactions_project_matarial_qr_project_material_id_20ed3eaa" ON "transactions_project_matarial_qr" ("project_material_id");
CREATE INDEX IF NOT EXISTS "transactions_project_matarial_qr_product_qr_id_ab37a9e8" ON "transactions_project_matarial_qr" ("product_qr_id");
CREATE INDEX IF NOT EXISTS "transactions_project_matarial_qr_cutter_id_07e273ff" ON "transactions_project_matarial_qr" ("cutter_id");
CREATE INDEX IF NOT EXISTS "transactions_project_matarial_production_item_code_id_a555bfd9" ON "transactions_project_matarial_production" ("item_code_id");
CREATE INDEX IF NOT EXISTS "transactions_project_matarial_production_project_matarial_qr_id_1abd37c8" ON "transactions_project_matarial_production" ("project_matarial_qr_id");
CREATE INDEX IF NOT EXISTS "transactions_project_matarial_production_project_id_2cad15c4" ON "transactions_project_matarial_production" ("project_id");
CREATE INDEX IF NOT EXISTS "store_product_qr_product_id_19457833" ON "store_product_qr" ("product_id");
CREATE INDEX IF NOT EXISTS "store_product_qr_supplier_id_3be6e7c2" ON "store_product_qr" ("supplier_id");
CREATE TABLE IF NOT EXISTS "store_product_qr_shelf" ("id" integer NOT NULL PRIMARY KEY AUTOINCREMENT, "product_qr_id" integer NOT NULL REFERENCES "store_product_qr" ("id") DEFERRABLE INITIALLY DEFERRED, "shelf_id" integer NULL REFERENCES "store_shelf" ("id") DEFERRABLE INITIALLY DEFERRED);
INSERT INTO "store_product_qr_shelf" VALUES(2,64,2);
INSERT INTO "store_product_qr_shelf" VALUES(3,65,2);
INSERT INTO "store_product_qr_shelf" VALUES(4,66,1);
INSERT INTO "store_product_qr_shelf" VALUES(5,67,1);
INSERT INTO "store_product_qr_shelf" VALUES(6,68,1);
INSERT INTO "store_product_qr_shelf" VALUES(7,69,1);
INSERT INTO "store_product_qr_shelf" VALUES(8,70,1);
INSERT INTO "store_product_qr_shelf" VALUES(9,71,1);
INSERT INTO "store_product_qr_shelf" VALUES(10,72,1);
INSERT INTO "store_product_qr_shelf" VALUES(11,73,1);
INSERT INTO "store_product_qr_shelf" VALUES(12,74,NULL);
INSERT INTO "store_product_qr_shelf" VALUES(13,75,NULL);
INSERT INTO "store_product_qr_shelf" VALUES(14,76,NULL);
INSERT INTO "store_product_qr_shelf" VALUES(15,77,NULL);
INSERT INTO "store_product_qr_shelf" VALUES(16,78,NULL);
INSERT INTO "store_product_qr_shelf" VALUES(17,79,NULL);
INSERT INTO "store_product_qr_shelf" VALUES(18,80,NULL);
INSERT INTO "store_product_qr_shelf" VALUES(19,81,NULL);
INSERT INTO "store_product_qr_shelf" VALUES(20,82,NULL);
INSERT INTO "store_product_qr_shelf" VALUES(21,83,NULL);
INSERT INTO "store_product_qr_shelf" VALUES(22,84,NULL);
INSERT INTO "store_product_qr_shelf" VALUES(23,85,NULL);
INSERT INTO "store_product_qr_shelf" VALUES(24,86,NULL);
INSERT INTO "store_product_qr_shelf" VALUES(25,87,NULL);
INSERT INTO "store_product_qr_shelf" VALUES(26,88,NULL);
INSERT INTO "store_product_qr_shelf" VALUES(27,89,NULL);
INSERT INTO "store_product_qr_shelf" VALUES(28,90,NULL);
INSERT INTO "store_product_qr_shelf" VALUES(29,91,NULL);
INSERT INTO "store_product_qr_shelf" VALUES(30,92,NULL);
INSERT INTO "store_product_qr_shelf" VALUES(31,93,NULL);
INSERT INTO "store_product_qr_shelf" VALUES(32,94,NULL);
INSERT INTO "store_product_qr_shelf" VALUES(33,95,NULL);
INSERT INTO "store_product_qr_shelf" VALUES(34,96,NULL);
INSERT INTO "store_product_qr_shelf" VALUES(35,97,NULL);
INSERT INTO "store_product_qr_shelf" VALUES(36,98,NULL);
INSERT INTO "store_product_qr_shelf" VALUES(37,99,NULL);
INSERT INTO "store_product_qr_shelf" VALUES(38,100,NULL);
INSERT INTO "store_product_qr_shelf" VALUES(39,101,NULL);
INSERT INTO "store_product_qr_shelf" VALUES(40,102,NULL);
INSERT INTO "store_product_qr_shelf" VALUES(41,103,NULL);
INSERT INTO "store_product_qr_shelf" VALUES(42,104,NULL);
INSERT INTO "store_product_qr_shelf" VALUES(43,105,NULL);
INSERT INTO "store_product_qr_shelf" VALUES(44,106,NULL);
INSERT INTO "store_product_qr_shelf" VALUES(45,107,NULL);
INSERT INTO "store_product_qr_shelf" VALUES(46,108,NULL);
INSERT INTO "store_product_qr_shelf" VALUES(47,109,NULL);
INSERT INTO "store_product_qr_shelf" VALUES(48,110,NULL);
INSERT INTO "store_product_qr_shelf" VALUES(49,111,NULL);
INSERT INTO "store_product_qr_shelf" VALUES(50,112,NULL);
INSERT INTO "store_product_qr_shelf" VALUES(51,113,NULL);
INSERT INTO "store_product_qr_shelf" VALUES(52,114,NULL);
INSERT INTO "store_product_qr_shelf" VALUES(53,115,NULL);
INSERT INTO "store_product_qr_shelf" VALUES(54,116,NULL);
INSERT INTO "store_product_qr_shelf" VALUES(55,117,NULL);
INSERT INTO "store_product_qr_shelf" VALUES(56,118,NULL);
INSERT INTO "store_product_qr_shelf" VALUES(57,119,NULL);
INSERT INTO "store_product_qr_shelf" VALUES(58,120,NULL);
INSERT INTO "store_product_qr_shelf" VALUES(59,121,NULL);
INSERT INTO "store_product_qr_shelf" VALUES(60,122,NULL);
INSERT INTO "store_product_qr_shelf" VALUES(61,123,NULL);
INSERT INTO "store_product_qr_shelf" VALUES(62,124,NULL);
INSERT INTO "store_product_qr_shelf" VALUES(63,125,NULL);
INSERT INTO "store_product_qr_shelf" VALUES(64,126,NULL);
INSERT INTO "store_product_qr_shelf" VALUES(65,127,NULL);
INSERT INTO "store_product_qr_shelf" VALUES(66,128,NULL);
INSERT INTO "store_product_qr_shelf" VALUES(67,129,NULL);
INSERT INTO "store_product_qr_shelf" VALUES(68,130,NULL);
INSERT INTO "store_product_qr_shelf" VALUES(69,131,NULL);
INSERT INTO "store_product_qr_shelf" VALUES(70,132,NULL);
INSERT INTO "store_product_qr_shelf" VALUES(71,133,NULL);
INSERT INTO "store_product_qr_shelf" VALUES(72,134,NULL);
INSERT INTO "store_product_qr_shelf" VALUES(73,135,NULL);
INSERT INTO "store_product_qr_shelf" VALUES(74,136,NULL);
INSERT INTO "store_product_qr_shelf" VALUES(75,137,NULL);
INSERT INTO "store_product_qr_shelf" VALUES(76,138,NULL);
INSERT INTO "store_product_qr_shelf" VALUES(77,139,NULL);
INSERT INTO "store_product_qr_shelf" VALUES(78,140,NULL);
INSERT INTO "store_product_qr_shelf" VALUES(79,141,NULL);
INSERT INTO "store_product_qr_shelf" VALUES(80,142,NULL);
INSERT INTO "store_product_qr_shelf" VALUES(81,143,NULL);
INSERT INTO "store_product_qr_shelf" VALUES(82,144,NULL);
INSERT INTO "store_product_qr_shelf" VALUES(83,145,NULL);
INSERT INTO "store_product_qr_shelf" VALUES(84,146,NULL);
INSERT INTO "store_product_qr_shelf" VALUES(85,147,NULL);
INSERT INTO "store_product_qr_shelf" VALUES(86,148,NULL);
INSERT INTO "store_product_qr_shelf" VALUES(87,149,NULL);
INSERT INTO "store_product_qr_shelf" VALUES(88,150,NULL);
INSERT INTO "store_product_qr_shelf" VALUES(89,151,NULL);
INSERT INTO "store_product_qr_shelf" VALUES(90,152,NULL);
INSERT INTO "store_product_qr_shelf" VALUES(91,153,NULL);
INSERT INTO "store_product_qr_shelf" VALUES(92,154,NULL);
INSERT INTO "store_product_qr_shelf" VALUES(93,155,NULL);
INSERT INTO "store_product_qr_shelf" VALUES(94,156,NULL);
INSERT INTO "store_product_qr_shelf" VALUES(95,157,NULL);
INSERT INTO "store_product_qr_shelf" VALUES(96,158,NULL);
INSERT INTO "store_product_qr_shelf" VALUES(97,159,NULL);
INSERT INTO "store_product_qr_shelf" VALUES(98,160,NULL);
INSERT INTO "store_product_qr_shelf" VALUES(99,161,NULL);
INSERT INTO "store_product_qr_shelf" VALUES(100,162,NULL);
INSERT INTO "store_product_qr_shelf" VALUES(101,163,NULL);
INSERT INTO "store_product_qr_shelf" VALUES(102,164,NULL);
INSERT INTO "store_product_qr_shelf" VALUES(103,165,NULL);
INSERT INTO "store_product_qr_shelf" VALUES(104,166,NULL);
INSERT INTO "store_product_qr_shelf" VALUES(105,167,NULL);
INSERT INTO "store_product_qr_shelf" VALUES(106,168,NULL);
INSERT INTO "store_product_qr_shelf" VALUES(107,169,NULL);
INSERT INTO "store_product_qr_shelf" VALUES(108,170,NULL);
INSERT INTO "store_product_qr_shelf" VALUES(109,171,NULL);
INSERT INTO "store_product_qr_shelf" VALUES(110,172,NULL);
INSERT INTO "store_product_qr_shelf" VALUES(111,173,NULL);
INSERT INTO "store_product_qr_shelf" VALUES(112,174,NULL);
INSERT INTO "store_product_qr_shelf" VALUES(113,175,NULL);
INSERT INTO "store_product_qr_shelf" VALUES(114,176,NULL);
INSERT INTO "store_product_qr_shelf" VALUES(115,177,NULL);
INSERT INTO "store_product_qr_shelf" VALUES(116,178,NULL);
INSERT INTO "store_product_qr_shelf" VALUES(117,179,NULL);
INSERT INTO "store_product_qr_shelf" VALUES(118,180,NULL);
INSERT INTO "store_product_qr_shelf" VALUES(119,181,NULL);
INSERT INTO "store_product_qr_shelf" VALUES(120,182,NULL);
INSERT INTO "store_product_qr_shelf" VALUES(121,183,NULL);
INSERT INTO "store_product_qr_shelf" VALUES(122,184,NULL);
INSERT INTO "store_product_qr_shelf" VALUES(123,185,NULL);
INSERT INTO "store_product_qr_shelf" VALUES(124,186,NULL);
INSERT INTO "store_product_qr_shelf" VALUES(125,187,NULL);
INSERT INTO "store_product_qr_shelf" VALUES(126,188,NULL);
INSERT INTO "store_product_qr_shelf" VALUES(127,189,NULL);
INSERT INTO "store_product_qr_shelf" VALUES(128,190,NULL);
INSERT INTO "store_product_qr_shelf" VALUES(129,191,NULL);
INSERT INTO "store_product_qr_shelf" VALUES(130,192,NULL);
INSERT INTO "store_product_qr_shelf" VALUES(131,193,NULL);
INSERT INTO "store_product_qr_shelf" VALUES(132,194,NULL);
INSERT INTO "store_product_qr_shelf" VALUES(133,195,NULL);
INSERT INTO "store_product_qr_shelf" VALUES(134,196,NULL);
INSERT INTO "store_product_qr_shelf" VALUES(135,197,NULL);
INSERT INTO "store_product_qr_shelf" VALUES(136,198,NULL);
INSERT INTO "store_product_qr_shelf" VALUES(137,199,NULL);
INSERT INTO "store_product_qr_shelf" VALUES(138,200,NULL);
INSERT INTO "store_product_qr_shelf" VALUES(139,201,NULL);
INSERT INTO "store_product_qr_shelf" VALUES(140,202,NULL);
INSERT INTO "store_product_qr_shelf" VALUES(141,203,NULL);
INSERT INTO "store_product_qr_shelf" VALUES(142,204,NULL);
INSERT INTO "store_product_qr_shelf" VALUES(143,205,NULL);
INSERT INTO "store_product_qr_shelf" VALUES(144,206,NULL);
INSERT INTO "store_product_qr_shelf" VALUES(145,207,NULL);
INSERT INTO "store_product_qr_shelf" VALUES(146,208,NULL);
INSERT INTO "store_product_qr_shelf" VALUES(147,209,NULL);
INSERT INTO "store_product_qr_shelf" VALUES(148,210,NULL);
INSERT INTO "store_product_qr_shelf" VALUES(149,211,NULL);
INSERT INTO "store_product_qr_shelf" VALUES(150,212,NULL);
INSERT INTO "store_product_qr_shelf" VALUES(151,213,NULL);
INSERT INTO "store_product_qr_shelf" VALUES(152,214,NULL);
INSERT INTO "store_product_qr_shelf" VALUES(153,215,NULL);
INSERT INTO "store_product_qr_shelf" VALUES(154,216,NULL);
INSERT INTO "store_product_qr_shelf" VALUES(155,217,NULL);
INSERT INTO "store_product_qr_shelf" VALUES(156,218,NULL);
INSERT INTO "store_product_qr_shelf" VALUES(157,219,NULL);
INSERT INTO "store_product_qr_shelf" VALUES(158,220,NULL);
INSERT INTO "store_product_qr_shelf" VALUES(159,221,NULL);
INSERT INTO "store_product_qr_shelf" VALUES(160,222,NULL);
INSERT INTO "store_product_qr_shelf" VALUES(161,223,NULL);
INSERT INTO "store_product_qr_shelf" VALUES(162,224,NULL);
INSERT INTO "store_product_qr_shelf" VALUES(163,225,NULL);
INSERT INTO "store_product_qr_shelf" VALUES(164,226,NULL);
INSERT INTO "store_product_qr_shelf" VALUES(165,227,NULL);
INSERT INTO "store_product_qr_shelf" VALUES(166,228,NULL);
INSERT INTO "store_product_qr_shelf" VALUES(167,229,NULL);
INSERT INTO "store_product_qr_shelf" VALUES(168,230,NULL);
INSERT INTO "store_product_qr_shelf" VALUES(169,231,NULL);
INSERT INTO "store_product_qr_shelf" VALUES(170,232,NULL);
INSERT INTO "store_product_qr_shelf" VALUES(171,233,NULL);
INSERT INTO "store_product_qr_shelf" VALUES(172,234,NULL);
INSERT INTO "store_product_qr_shelf" VALUES(173,235,NULL);
INSERT INTO "store_product_qr_shelf" VALUES(174,236,NULL);
INSERT INTO "store_product_qr_shelf" VALUES(175,237,NULL);
INSERT INTO "store_product_qr_shelf" VALUES(176,238,NULL);
INSERT INTO "store_product_qr_shelf" VALUES(177,239,NULL);
INSERT INTO "store_product_qr_shelf" VALUES(178,240,NULL);
INSERT INTO "store_product_qr_shelf" VALUES(179,241,NULL);
INSERT INTO "store_product_qr_shelf" VALUES(180,242,NULL);
INSERT INTO "store_product_qr_shelf" VALUES(181,243,NULL);
INSERT INTO "store_product_qr_shelf" VALUES(182,244,NULL);
INSERT INTO "store_product_qr_shelf" VALUES(183,245,NULL);
INSERT INTO "store_product_qr_shelf" VALUES(184,246,NULL);
INSERT INTO "store_product_qr_shelf" VALUES(185,247,NULL);
INSERT INTO "store_product_qr_shelf" VALUES(186,248,NULL);
INSERT INTO "store_product_qr_shelf" VALUES(187,249,NULL);
INSERT INTO "store_product_qr_shelf" VALUES(188,250,NULL);
INSERT INTO "store_product_qr_shelf" VALUES(189,251,NULL);
INSERT INTO "store_product_qr_shelf" VALUES(190,252,NULL);
INSERT INTO "store_product_qr_shelf" VALUES(191,253,NULL);
INSERT INTO "store_product_qr_shelf" VALUES(192,254,NULL);
INSERT INTO "store_product_qr_shelf" VALUES(193,255,NULL);
INSERT INTO "store_product_qr_shelf" VALUES(194,256,NULL);
INSERT INTO "store_product_qr_shelf" VALUES(195,257,NULL);
INSERT INTO "store_product_qr_shelf" VALUES(196,258,NULL);
INSERT INTO "store_product_qr_shelf" VALUES(197,259,NULL);
INSERT INTO "store_product_qr_shelf" VALUES(198,260,NULL);
INSERT INTO "store_product_qr_shelf" VALUES(199,261,NULL);
INSERT INTO "store_product_qr_shelf" VALUES(200,262,NULL);
INSERT INTO "store_product_qr_shelf" VALUES(201,263,NULL);
INSERT INTO "store_product_qr_shelf" VALUES(202,264,NULL);
INSERT INTO "store_product_qr_shelf" VALUES(203,265,NULL);
INSERT INTO "store_product_qr_shelf" VALUES(204,266,NULL);
INSERT INTO "store_product_qr_shelf" VALUES(205,267,NULL);
INSERT INTO "store_product_qr_shelf" VALUES(206,268,NULL);
INSERT INTO "store_product_qr_shelf" VALUES(207,269,NULL);
INSERT INTO "store_product_qr_shelf" VALUES(208,270,NULL);
INSERT INTO "store_product_qr_shelf" VALUES(209,271,NULL);
INSERT INTO "store_product_qr_shelf" VALUES(210,272,NULL);
INSERT INTO "store_product_qr_shelf" VALUES(211,273,NULL);
INSERT INTO "store_product_qr_shelf" VALUES(212,274,NULL);
INSERT INTO "store_product_qr_shelf" VALUES(213,275,NULL);
INSERT INTO "store_product_qr_shelf" VALUES(214,276,NULL);
INSERT INTO "store_product_qr_shelf" VALUES(215,277,NULL);
INSERT INTO "store_product_qr_shelf" VALUES(216,278,NULL);
INSERT INTO "store_product_qr_shelf" VALUES(217,279,NULL);
INSERT INTO "store_product_qr_shelf" VALUES(218,280,NULL);
INSERT INTO "store_product_qr_shelf" VALUES(219,281,NULL);
INSERT INTO "store_product_qr_shelf" VALUES(220,282,NULL);
INSERT INTO "store_product_qr_shelf" VALUES(221,283,NULL);
INSERT INTO "store_product_qr_shelf" VALUES(222,284,NULL);
INSERT INTO "store_product_qr_shelf" VALUES(223,285,NULL);
INSERT INTO "store_product_qr_shelf" VALUES(224,286,NULL);
INSERT INTO "store_product_qr_shelf" VALUES(225,287,NULL);
INSERT INTO "store_product_qr_shelf" VALUES(226,288,NULL);
INSERT INTO "store_product_qr_shelf" VALUES(227,289,NULL);
INSERT INTO "store_product_qr_shelf" VALUES(228,290,NULL);
INSERT INTO "store_product_qr_shelf" VALUES(229,291,NULL);
INSERT INTO "store_product_qr_shelf" VALUES(230,292,NULL);
INSERT INTO "store_product_qr_shelf" VALUES(231,293,NULL);
INSERT INTO "store_product_qr_shelf" VALUES(232,294,NULL);
INSERT INTO "store_product_qr_shelf" VALUES(233,295,NULL);
INSERT INTO "store_product_qr_shelf" VALUES(234,296,NULL);
INSERT INTO "store_product_qr_shelf" VALUES(235,297,NULL);
INSERT INTO "store_product_qr_shelf" VALUES(236,298,NULL);
INSERT INTO "store_product_qr_shelf" VALUES(237,299,NULL);
INSERT INTO "store_product_qr_shelf" VALUES(238,300,NULL);
INSERT INTO "store_product_qr_shelf" VALUES(239,301,NULL);
INSERT INTO "store_product_qr_shelf" VALUES(240,302,NULL);
INSERT INTO "store_product_qr_shelf" VALUES(241,303,NULL);
INSERT INTO "store_product_qr_shelf" VALUES(242,304,NULL);
INSERT INTO "store_product_qr_shelf" VALUES(243,305,NULL);
INSERT INTO "store_product_qr_shelf" VALUES(244,306,NULL);
INSERT INTO "store_product_qr_shelf" VALUES(245,307,NULL);
INSERT INTO "store_product_qr_shelf" VALUES(246,308,NULL);
INSERT INTO "store_product_qr_shelf" VALUES(247,309,NULL);
INSERT INTO "store_product_qr_shelf" VALUES(248,310,NULL);
INSERT INTO "store_product_qr_shelf" VALUES(249,311,NULL);
INSERT INTO "store_product_qr_shelf" VALUES(250,312,NULL);
INSERT INTO "store_product_qr_shelf" VALUES(251,313,NULL);
INSERT INTO "store_product_qr_shelf" VALUES(252,314,NULL);
INSERT INTO "store_product_qr_shelf" VALUES(253,315,NULL);
INSERT INTO "store_product_qr_shelf" VALUES(254,316,NULL);
INSERT INTO "store_product_qr_shelf" VALUES(255,317,NULL);
INSERT INTO "store_product_qr_shelf" VALUES(256,318,NULL);
INSERT INTO "store_product_qr_shelf" VALUES(257,319,NULL);
INSERT INTO "store_product_qr_shelf" VALUES(258,320,NULL);
INSERT INTO "store_product_qr_shelf" VALUES(259,321,NULL);
INSERT INTO "store_product_qr_shelf" VALUES(260,322,NULL);
INSERT INTO "store_product_qr_shelf" VALUES(261,323,NULL);
INSERT INTO "store_product_qr_shelf" VALUES(262,324,NULL);
INSERT INTO "store_product_qr_shelf" VALUES(263,325,NULL);
INSERT INTO "store_product_qr_shelf" VALUES(264,326,NULL);
INSERT INTO "store_product_qr_shelf" VALUES(265,327,NULL);
INSERT INTO "store_product_qr_shelf" VALUES(266,328,NULL);
INSERT INTO "store_product_qr_shelf" VALUES(267,329,NULL);
INSERT INTO "store_product_qr_shelf" VALUES(268,330,NULL);
INSERT INTO "store_product_qr_shelf" VALUES(269,331,NULL);
INSERT INTO "store_product_qr_shelf" VALUES(270,332,NULL);
INSERT INTO "store_product_qr_shelf" VALUES(271,333,NULL);
INSERT INTO "store_product_qr_shelf" VALUES(272,334,NULL);
INSERT INTO "store_product_qr_shelf" VALUES(273,335,NULL);
INSERT INTO "store_product_qr_shelf" VALUES(274,336,NULL);
INSERT INTO "store_product_qr_shelf" VALUES(275,337,NULL);
INSERT INTO "store_product_qr_shelf" VALUES(276,338,NULL);
INSERT INTO "store_product_qr_shelf" VALUES(277,339,NULL);
INSERT INTO "store_product_qr_shelf" VALUES(278,340,NULL);
INSERT INTO "store_product_qr_shelf" VALUES(279,341,NULL);
INSERT INTO "store_product_qr_shelf" VALUES(280,342,NULL);
INSERT INTO "store_product_qr_shelf" VALUES(281,343,NULL);
INSERT INTO "store_product_qr_shelf" VALUES(282,344,NULL);
INSERT INTO "store_product_qr_shelf" VALUES(283,345,NULL);
INSERT INTO "store_product_qr_shelf" VALUES(284,346,NULL);
INSERT INTO "store_product_qr_shelf" VALUES(285,347,NULL);
INSERT INTO "store_product_qr_shelf" VALUES(286,348,NULL);
INSERT INTO "store_product_qr_shelf" VALUES(287,349,NULL);
INSERT INTO "store_product_qr_shelf" VALUES(288,350,NULL);
INSERT INTO "store_product_qr_shelf" VALUES(289,351,NULL);
INSERT INTO "store_product_qr_shelf" VALUES(290,352,NULL);
INSERT INTO "store_product_qr_shelf" VALUES(291,353,NULL);
INSERT INTO "store_product_qr_shelf" VALUES(292,354,NULL);
INSERT INTO "store_product_qr_shelf" VALUES(293,355,NULL);
INSERT INTO "store_product_qr_shelf" VALUES(294,356,NULL);
INSERT INTO "store_product_qr_shelf" VALUES(295,357,NULL);
INSERT INTO "store_product_qr_shelf" VALUES(296,358,NULL);
INSERT INTO "store_product_qr_shelf" VALUES(297,359,NULL);
INSERT INTO "store_product_qr_shelf" VALUES(298,360,NULL);
INSERT INTO "store_product_qr_shelf" VALUES(299,361,NULL);
INSERT INTO "store_product_qr_shelf" VALUES(300,362,NULL);
INSERT INTO "store_product_qr_shelf" VALUES(301,363,NULL);
INSERT INTO "store_product_qr_shelf" VALUES(302,364,NULL);
INSERT INTO "store_product_qr_shelf" VALUES(303,365,NULL);
INSERT INTO "store_product_qr_shelf" VALUES(304,366,NULL);
INSERT INTO "store_product_qr_shelf" VALUES(305,367,NULL);
INSERT INTO "store_product_qr_shelf" VALUES(306,368,NULL);
INSERT INTO "store_product_qr_shelf" VALUES(307,369,NULL);
INSERT INTO "store_product_qr_shelf" VALUES(308,370,NULL);
INSERT INTO "store_product_qr_shelf" VALUES(309,371,NULL);
INSERT INTO "store_product_qr_shelf" VALUES(310,372,NULL);
INSERT INTO "store_product_qr_shelf" VALUES(311,373,NULL);
INSERT INTO "store_product_qr_shelf" VALUES(312,374,NULL);
INSERT INTO "store_product_qr_shelf" VALUES(313,375,NULL);
INSERT INTO "store_product_qr_shelf" VALUES(314,376,NULL);
INSERT INTO "store_product_qr_shelf" VALUES(315,377,NULL);
INSERT INTO "store_product_qr_shelf" VALUES(316,378,NULL);
INSERT INTO "store_product_qr_shelf" VALUES(317,379,NULL);
INSERT INTO "store_product_qr_shelf" VALUES(318,380,NULL);
INSERT INTO "store_product_qr_shelf" VALUES(319,381,NULL);
INSERT INTO "store_product_qr_shelf" VALUES(320,382,NULL);
INSERT INTO "store_product_qr_shelf" VALUES(321,383,NULL);
INSERT INTO "store_product_qr_shelf" VALUES(322,384,NULL);
INSERT INTO "store_product_qr_shelf" VALUES(323,385,NULL);
INSERT INTO "store_product_qr_shelf" VALUES(324,386,NULL);
INSERT INTO "store_product_qr_shelf" VALUES(325,387,NULL);
INSERT INTO "store_product_qr_shelf" VALUES(326,388,NULL);
INSERT INTO "store_product_qr_shelf" VALUES(327,389,NULL);
INSERT INTO "store_product_qr_shelf" VALUES(328,390,NULL);
INSERT INTO "store_product_qr_shelf" VALUES(329,391,NULL);
INSERT INTO "store_product_qr_shelf" VALUES(330,392,NULL);
INSERT INTO "store_product_qr_shelf" VALUES(331,393,NULL);
INSERT INTO "store_product_qr_shelf" VALUES(332,394,NULL);
INSERT INTO "store_product_qr_shelf" VALUES(333,395,NULL);
INSERT INTO "store_product_qr_shelf" VALUES(334,396,NULL);
INSERT INTO "store_product_qr_shelf" VALUES(335,397,NULL);
INSERT INTO "store_product_qr_shelf" VALUES(336,398,NULL);
INSERT INTO "store_product_qr_shelf" VALUES(337,399,NULL);
INSERT INTO "store_product_qr_shelf" VALUES(338,400,NULL);
INSERT INTO "store_product_qr_shelf" VALUES(339,401,NULL);
INSERT INTO "store_product_qr_shelf" VALUES(340,402,NULL);
INSERT INTO "store_product_qr_shelf" VALUES(341,403,NULL);
INSERT INTO "store_product_qr_shelf" VALUES(342,404,NULL);
INSERT INTO "store_product_qr_shelf" VALUES(343,405,NULL);
INSERT INTO "store_product_qr_shelf" VALUES(344,406,NULL);
INSERT INTO "store_product_qr_shelf" VALUES(345,407,NULL);
INSERT INTO "store_product_qr_shelf" VALUES(346,408,NULL);
INSERT INTO "store_product_qr_shelf" VALUES(347,409,NULL);
INSERT INTO "store_product_qr_shelf" VALUES(348,410,NULL);
INSERT INTO "store_product_qr_shelf" VALUES(349,411,NULL);
INSERT INTO "store_product_qr_shelf" VALUES(350,412,NULL);
INSERT INTO "store_product_qr_shelf" VALUES(351,413,NULL);
INSERT INTO "store_product_qr_shelf" VALUES(352,414,NULL);
INSERT INTO "store_product_qr_shelf" VALUES(353,415,NULL);
INSERT INTO "store_product_qr_shelf" VALUES(354,416,NULL);
INSERT INTO "store_product_qr_shelf" VALUES(355,417,NULL);
INSERT INTO "store_product_qr_shelf" VALUES(356,418,NULL);
INSERT INTO "store_product_qr_shelf" VALUES(357,419,NULL);
INSERT INTO "store_product_qr_shelf" VALUES(358,420,NULL);
INSERT INTO "store_product_qr_shelf" VALUES(359,421,NULL);
INSERT INTO "store_product_qr_shelf" VALUES(360,422,NULL);
INSERT INTO "store_product_qr_shelf" VALUES(361,423,NULL);
INSERT INTO "store_product_qr_shelf" VALUES(362,424,NULL);
INSERT INTO "store_product_qr_shelf" VALUES(363,425,NULL);
INSERT INTO "store_product_qr_shelf" VALUES(364,426,NULL);
INSERT INTO "store_product_qr_shelf" VALUES(365,427,NULL);
INSERT INTO "store_product_qr_shelf" VALUES(366,428,NULL);
INSERT INTO "store_product_qr_shelf" VALUES(367,429,NULL);
INSERT INTO "store_product_qr_shelf" VALUES(368,430,NULL);
INSERT INTO "store_product_qr_shelf" VALUES(369,431,NULL);
INSERT INTO "store_product_qr_shelf" VALUES(370,432,NULL);
INSERT INTO "store_product_qr_shelf" VALUES(371,433,NULL);
INSERT INTO "store_product_qr_shelf" VALUES(372,434,NULL);
INSERT INTO "store_product_qr_shelf" VALUES(373,435,NULL);
INSERT INTO "store_product_qr_shelf" VALUES(374,436,NULL);
INSERT INTO "store_product_qr_shelf" VALUES(375,437,NULL);
INSERT INTO "store_product_qr_shelf" VALUES(376,438,NULL);
INSERT INTO "store_product_qr_shelf" VALUES(377,439,NULL);
INSERT INTO "store_product_qr_shelf" VALUES(378,440,NULL);
INSERT INTO "store_product_qr_shelf" VALUES(379,441,NULL);
INSERT INTO "store_product_qr_shelf" VALUES(380,442,NULL);
INSERT INTO "store_product_qr_shelf" VALUES(381,443,NULL);
INSERT INTO "store_product_qr_shelf" VALUES(382,444,NULL);
INSERT INTO "store_product_qr_shelf" VALUES(383,445,NULL);
INSERT INTO "store_product_qr_shelf" VALUES(384,446,NULL);
INSERT INTO "store_product_qr_shelf" VALUES(385,447,NULL);
INSERT INTO "store_product_qr_shelf" VALUES(386,448,NULL);
INSERT INTO "store_product_qr_shelf" VALUES(387,449,NULL);
INSERT INTO "store_product_qr_shelf" VALUES(388,450,NULL);
INSERT INTO "store_product_qr_shelf" VALUES(389,451,NULL);
INSERT INTO "store_product_qr_shelf" VALUES(390,452,NULL);
INSERT INTO "store_product_qr_shelf" VALUES(391,453,NULL);
INSERT INTO "store_product_qr_shelf" VALUES(392,454,NULL);
INSERT INTO "store_product_qr_shelf" VALUES(393,455,NULL);
INSERT INTO "store_product_qr_shelf" VALUES(394,456,NULL);
INSERT INTO "store_product_qr_shelf" VALUES(395,457,NULL);
INSERT INTO "store_product_qr_shelf" VALUES(396,458,NULL);
INSERT INTO "store_product_qr_shelf" VALUES(397,459,NULL);
INSERT INTO "store_product_qr_shelf" VALUES(398,460,NULL);
INSERT INTO "store_product_qr_shelf" VALUES(399,461,NULL);
INSERT INTO "store_product_qr_shelf" VALUES(400,462,NULL);
INSERT INTO "store_product_qr_shelf" VALUES(401,463,NULL);
INSERT INTO "store_product_qr_shelf" VALUES(402,464,NULL);
INSERT INTO "store_product_qr_shelf" VALUES(403,465,NULL);
INSERT INTO "store_product_qr_shelf" VALUES(404,466,NULL);
INSERT INTO "store_product_qr_shelf" VALUES(405,467,NULL);
INSERT INTO "store_product_qr_shelf" VALUES(406,468,NULL);
INSERT INTO "store_product_qr_shelf" VALUES(407,469,NULL);
INSERT INTO "store_product_qr_shelf" VALUES(408,470,NULL);
INSERT INTO "store_product_qr_shelf" VALUES(409,471,NULL);
INSERT INTO "store_product_qr_shelf" VALUES(410,472,NULL);
INSERT INTO "store_product_qr_shelf" VALUES(411,473,NULL);
INSERT INTO "store_product_qr_shelf" VALUES(412,474,NULL);
INSERT INTO "store_product_qr_shelf" VALUES(413,475,NULL);
INSERT INTO "store_product_qr_shelf" VALUES(414,476,NULL);
INSERT INTO "store_product_qr_shelf" VALUES(415,477,NULL);
INSERT INTO "store_product_qr_shelf" VALUES(416,478,NULL);
INSERT INTO "store_product_qr_shelf" VALUES(417,479,NULL);
INSERT INTO "store_product_qr_shelf" VALUES(418,480,NULL);
INSERT INTO "store_product_qr_shelf" VALUES(419,481,NULL);
INSERT INTO "store_product_qr_shelf" VALUES(420,482,NULL);
INSERT INTO "store_product_qr_shelf" VALUES(421,483,NULL);
INSERT INTO "store_product_qr_shelf" VALUES(422,484,NULL);
INSERT INTO "store_product_qr_shelf" VALUES(423,485,NULL);
INSERT INTO "store_product_qr_shelf" VALUES(424,486,NULL);
INSERT INTO "store_product_qr_shelf" VALUES(425,487,NULL);
INSERT INTO "store_product_qr_shelf" VALUES(426,488,NULL);
INSERT INTO "store_product_qr_shelf" VALUES(427,489,NULL);
INSERT INTO "store_product_qr_shelf" VALUES(428,490,NULL);
INSERT INTO "store_product_qr_shelf" VALUES(429,491,NULL);
INSERT INTO "store_product_qr_shelf" VALUES(430,492,NULL);
INSERT INTO "store_product_qr_shelf" VALUES(431,493,NULL);
INSERT INTO "store_product_qr_shelf" VALUES(432,494,NULL);
INSERT INTO "store_product_qr_shelf" VALUES(433,495,NULL);
INSERT INTO "store_product_qr_shelf" VALUES(434,496,NULL);
INSERT INTO "store_product_qr_shelf" VALUES(435,497,NULL);
INSERT INTO "store_product_qr_shelf" VALUES(436,498,NULL);
INSERT INTO "store_product_qr_shelf" VALUES(437,499,NULL);
INSERT INTO "store_product_qr_shelf" VALUES(438,500,NULL);
INSERT INTO "store_product_qr_shelf" VALUES(439,501,NULL);
INSERT INTO "store_product_qr_shelf" VALUES(440,502,NULL);
INSERT INTO "store_product_qr_shelf" VALUES(441,503,NULL);
INSERT INTO "store_product_qr_shelf" VALUES(442,504,NULL);
INSERT INTO "store_product_qr_shelf" VALUES(443,505,NULL);
INSERT INTO "store_product_qr_shelf" VALUES(444,506,NULL);
INSERT INTO "store_product_qr_shelf" VALUES(445,507,NULL);
INSERT INTO "store_product_qr_shelf" VALUES(446,508,NULL);
CREATE UNIQUE INDEX "django_content_type_app_label_model_76bd3d3b_uniq" ON "django_content_type" ("app_label", "model");
CREATE UNIQUE INDEX "auth_group_permissions_group_id_permission_id_0cd325b0_uniq" ON "auth_group_permissions" ("group_id", "permission_id");
CREATE INDEX IF NOT EXISTS "auth_group_permissions_group_id_b120cbf9" ON "auth_group_permissions" ("group_id");
CREATE INDEX IF NOT EXISTS "auth_group_permissions_permission_id_84c5c92e" ON "auth_group_permissions" ("permission_id");
CREATE UNIQUE INDEX "auth_permission_content_type_id_codename_01ab375a_uniq" ON "auth_permission" ("content_type_id", "codename");
CREATE INDEX IF NOT EXISTS "auth_permission_content_type_id_2f476e4b" ON "auth_permission" ("content_type_id");
CREATE UNIQUE INDEX "users_user_groups_user_id_group_id_b88eab82_uniq" ON "users_user_groups" ("user_id", "group_id");
CREATE INDEX IF NOT EXISTS "users_user_groups_user_id_5f6f5a90" ON "users_user_groups" ("user_id");
CREATE INDEX IF NOT EXISTS "users_user_groups_group_id_9afc8d0e" ON "users_user_groups" ("group_id");
CREATE UNIQUE INDEX "users_user_user_permissions_user_id_permission_id_43338c45_uniq" ON "users_user_user_permissions" ("user_id", "permission_id");
CREATE INDEX IF NOT EXISTS "users_user_user_permissions_user_id_20aca447" ON "users_user_user_permissions" ("user_id");
CREATE INDEX IF NOT EXISTS "users_user_user_permissions_permission_id_0b93982e" ON "users_user_user_permissions" ("permission_id");
CREATE INDEX IF NOT EXISTS "django_admin_log_content_type_id_c4bce8eb" ON "django_admin_log" ("content_type_id");
CREATE INDEX IF NOT EXISTS "django_admin_log_user_id_c564eba6" ON "django_admin_log" ("user_id");
CREATE INDEX IF NOT EXISTS "django_session_expire_date_a5c62663" ON "django_session" ("expire_date");
CREATE INDEX IF NOT EXISTS "transactions_request_material_category_id_84a65bcb" ON "transactions_request_material" ("category_id");
CREATE INDEX IF NOT EXISTS "transactions_request_material_customer_name_id_595ce75f" ON "transactions_request_material" ("customer_name_id");
CREATE INDEX IF NOT EXISTS "transactions_request_material_size_id_0af0ed04" ON "transactions_request_material" ("size_id");
CREATE INDEX IF NOT EXISTS "transactions_stock_product_id_a5d05ba3" ON "transactions_stock" ("product_id");
CREATE INDEX IF NOT EXISTS "transactions_left_over_stock_product_id_496e6726" ON "transactions_left_over_stock" ("product_id");
CREATE INDEX IF NOT EXISTS "transactions_scratch_stock_product_id_fc013c5d" ON "transactions_scratch_stock" ("product_id");
CREATE INDEX IF NOT EXISTS "store_product_category_id_574bae65" ON "store_product" ("category_id");
CREATE INDEX IF NOT EXISTS "store_product_size_id_838e791c" ON "store_product" ("size_id");
CREATE INDEX IF NOT EXISTS "store_product_grade_id_e91b7efe" ON "store_product" ("grade_id");
CREATE INDEX IF NOT EXISTS "store_product_thickness_id_15f9ec05" ON "store_product" ("thickness_id");
CREATE INDEX IF NOT EXISTS "transactions_project_material_project_id_90779194" ON "transactions_project_material" ("project_id");
CREATE INDEX IF NOT EXISTS "transactions_project_material_product_id_ab5b686d" ON "transactions_project_material" ("product_id");
CREATE INDEX IF NOT EXISTS "store_product_qr_shelf_product_qr_id_856813f2" ON "store_product_qr_shelf" ("product_qr_id");
CREATE INDEX IF NOT EXISTS "store_product_qr_shelf_shelf_id_fae05d95" ON "store_product_qr_shelf" ("shelf_id");
CREATE INDEX IF NOT EXISTS "transactions_project_employee_name_id_7b0a05fb" ON "transactions_project" ("employee_name_id");
CREATE INDEX IF NOT EXISTS "transactions_project_customer_id_486874c1" ON "transactions_project" ("customer_id");
CREATE INDEX IF NOT EXISTS "transactions_material_history_previous_size_id_acf43c9f" ON "transactions_material_history" ("previous_size_id");
CREATE INDEX IF NOT EXISTS "transactions_material_history_used_size_id_5945fcdb" ON "transactions_material_history" ("used_size_id");
CREATE INDEX IF NOT EXISTS "transactions_material_history_left_size_id_c03bef36" ON "transactions_material_history" ("left_size_id");
CREATE INDEX IF NOT EXISTS "transactions_material_history_product_qr_id_84d50666" ON "transactions_material_history" ("product_qr_id");
CREATE INDEX IF NOT EXISTS "transactions_material_history_project_id_e3029f67" ON "transactions_material_history" ("project_id");
CREATE INDEX IF NOT EXISTS "transactions_project_matarial_qr_project_material_id_20ed3eaa" ON "transactions_project_matarial_qr" ("project_material_id");
CREATE INDEX IF NOT EXISTS "transactions_project_matarial_qr_product_qr_id_ab37a9e8" ON "transactions_project_matarial_qr" ("product_qr_id");
CREATE INDEX IF NOT EXISTS "transactions_project_matarial_qr_cutter_id_07e273ff" ON "transactions_project_matarial_qr" ("cutter_id");
CREATE INDEX IF NOT EXISTS "transactions_project_matarial_production_item_code_id_a555bfd9" ON "transactions_project_matarial_production" ("item_code_id");
CREATE INDEX IF NOT EXISTS "transactions_project_matarial_production_project_matarial_qr_id_1abd37c8" ON "transactions_project_matarial_production" ("project_matarial_qr_id");
CREATE INDEX IF NOT EXISTS "transactions_project_matarial_production_project_id_2cad15c4" ON "transactions_project_matarial_production" ("project_id");
CREATE INDEX IF NOT EXISTS "store_product_qr_product_id_19457833" ON "store_product_qr" ("product_id");
CREATE INDEX IF NOT EXISTS "store_product_qr_supplier_id_3be6e7c2" ON "store_product_qr" ("supplier_id");
CREATE TABLE IF NOT EXISTS "store_shelf" ("id" integer NOT NULL PRIMARY KEY AUTOINCREMENT, "name" varchar(120) NOT NULL UNIQUE);
INSERT INTO "store_shelf" VALUES(1,'A');
INSERT INTO "store_shelf" VALUES(2,'zxcvbn');
CREATE UNIQUE INDEX "django_content_type_app_label_model_76bd3d3b_uniq" ON "django_content_type" ("app_label", "model");
CREATE UNIQUE INDEX "auth_group_permissions_group_id_permission_id_0cd325b0_uniq" ON "auth_group_permissions" ("group_id", "permission_id");
CREATE INDEX IF NOT EXISTS "auth_group_permissions_group_id_b120cbf9" ON "auth_group_permissions" ("group_id");
CREATE INDEX IF NOT EXISTS "auth_group_permissions_permission_id_84c5c92e" ON "auth_group_permissions" ("permission_id");
CREATE UNIQUE INDEX "auth_permission_content_type_id_codename_01ab375a_uniq" ON "auth_permission" ("content_type_id", "codename");
CREATE INDEX IF NOT EXISTS "auth_permission_content_type_id_2f476e4b" ON "auth_permission" ("content_type_id");
CREATE UNIQUE INDEX "users_user_groups_user_id_group_id_b88eab82_uniq" ON "users_user_groups" ("user_id", "group_id");
CREATE INDEX IF NOT EXISTS "users_user_groups_user_id_5f6f5a90" ON "users_user_groups" ("user_id");
CREATE INDEX IF NOT EXISTS "users_user_groups_group_id_9afc8d0e" ON "users_user_groups" ("group_id");
CREATE UNIQUE INDEX "users_user_user_permissions_user_id_permission_id_43338c45_uniq" ON "users_user_user_permissions" ("user_id", "permission_id");
CREATE INDEX IF NOT EXISTS "users_user_user_permissions_user_id_20aca447" ON "users_user_user_permissions" ("user_id");
CREATE INDEX IF NOT EXISTS "users_user_user_permissions_permission_id_0b93982e" ON "users_user_user_permissions" ("permission_id");
CREATE INDEX IF NOT EXISTS "django_admin_log_content_type_id_c4bce8eb" ON "django_admin_log" ("content_type_id");
CREATE INDEX IF NOT EXISTS "django_admin_log_user_id_c564eba6" ON "django_admin_log" ("user_id");
CREATE INDEX IF NOT EXISTS "django_session_expire_date_a5c62663" ON "django_session" ("expire_date");
CREATE INDEX IF NOT EXISTS "transactions_request_material_category_id_84a65bcb" ON "transactions_request_material" ("category_id");
CREATE INDEX IF NOT EXISTS "transactions_request_material_customer_name_id_595ce75f" ON "transactions_request_material" ("customer_name_id");
CREATE INDEX IF NOT EXISTS "transactions_request_material_size_id_0af0ed04" ON "transactions_request_material" ("size_id");
CREATE INDEX IF NOT EXISTS "transactions_stock_product_id_a5d05ba3" ON "transactions_stock" ("product_id");
CREATE INDEX IF NOT EXISTS "transactions_left_over_stock_product_id_496e6726" ON "transactions_left_over_stock" ("product_id");
CREATE INDEX IF NOT EXISTS "transactions_scratch_stock_product_id_fc013c5d" ON "transactions_scratch_stock" ("product_id");
CREATE INDEX IF NOT EXISTS "store_product_category_id_574bae65" ON "store_product" ("category_id");
CREATE INDEX IF NOT EXISTS "store_product_size_id_838e791c" ON "store_product" ("size_id");
CREATE INDEX IF NOT EXISTS "store_product_grade_id_e91b7efe" ON "store_product" ("grade_id");
CREATE INDEX IF NOT EXISTS "store_product_thickness_id_15f9ec05" ON "store_product" ("thickness_id");
CREATE INDEX IF NOT EXISTS "transactions_project_material_project_id_90779194" ON "transactions_project_material" ("project_id");
CREATE INDEX IF NOT EXISTS "transactions_project_material_product_id_ab5b686d" ON "transactions_project_material" ("product_id");
CREATE INDEX IF NOT EXISTS "store_product_qr_shelf_product_qr_id_856813f2" ON "store_product_qr_shelf" ("product_qr_id");
CREATE INDEX IF NOT EXISTS "store_product_qr_shelf_shelf_id_fae05d95" ON "store_product_qr_shelf" ("shelf_id");
CREATE INDEX IF NOT EXISTS "transactions_project_employee_name_id_7b0a05fb" ON "transactions_project" ("employee_name_id");
CREATE INDEX IF NOT EXISTS "transactions_project_customer_id_486874c1" ON "transactions_project" ("customer_id");
CREATE INDEX IF NOT EXISTS "transactions_material_history_previous_size_id_acf43c9f" ON "transactions_material_history" ("previous_size_id");
CREATE INDEX IF NOT EXISTS "transactions_material_history_used_size_id_5945fcdb" ON "transactions_material_history" ("used_size_id");
CREATE INDEX IF NOT EXISTS "transactions_material_history_left_size_id_c03bef36" ON "transactions_material_history" ("left_size_id");
CREATE INDEX IF NOT EXISTS "transactions_material_history_product_qr_id_84d50666" ON "transactions_material_history" ("product_qr_id");
CREATE INDEX IF NOT EXISTS "transactions_material_history_project_id_e3029f67" ON "transactions_material_history" ("project_id");
CREATE INDEX IF NOT EXISTS "transactions_project_matarial_qr_project_material_id_20ed3eaa" ON "transactions_project_matarial_qr" ("project_material_id");
CREATE INDEX IF NOT EXISTS "transactions_project_matarial_qr_product_qr_id_ab37a9e8" ON "transactions_project_matarial_qr" ("product_qr_id");
CREATE INDEX IF NOT EXISTS "transactions_project_matarial_qr_cutter_id_07e273ff" ON "transactions_project_matarial_qr" ("cutter_id");
CREATE INDEX IF NOT EXISTS "transactions_project_matarial_production_item_code_id_a555bfd9" ON "transactions_project_matarial_production" ("item_code_id");
CREATE INDEX IF NOT EXISTS "transactions_project_matarial_production_project_matarial_qr_id_1abd37c8" ON "transactions_project_matarial_production" ("project_matarial_qr_id");
CREATE INDEX IF NOT EXISTS "transactions_project_matarial_production_project_id_2cad15c4" ON "transactions_project_matarial_production" ("project_id");
CREATE INDEX IF NOT EXISTS "store_product_qr_product_id_19457833" ON "store_product_qr" ("product_id");
CREATE INDEX IF NOT EXISTS "store_product_qr_supplier_id_3be6e7c2" ON "store_product_qr" ("supplier_id");
CREATE TABLE IF NOT EXISTS "store_size" ("id" integer NOT NULL PRIMARY KEY AUTOINCREMENT, "name" real NOT NULL, "mm1" real NOT NULL, "mm2" real NOT NULL);
INSERT INTO "store_size" VALUES(1,4608.0,0.0,0.0);
INSERT INTO "store_size" VALUES(2,900.0,0.0,0.0);
INSERT INTO "store_size" VALUES(3,3708.0,0.0,0.0);
INSERT INTO "store_size" VALUES(4,100.0,0.0,0.0);
INSERT INTO "store_size" VALUES(5,4508.0,0.0,0.0);
INSERT INTO "store_size" VALUES(6,576.0,0.0,0.0);
INSERT INTO "store_size" VALUES(7,4032.0,0.0,0.0);
INSERT INTO "store_size" VALUES(8,3932.0,0.0,0.0);
INSERT INTO "store_size" VALUES(9,200.0,0.0,0.0);
INSERT INTO "store_size" VALUES(10,3732.0,0.0,0.0);
INSERT INTO "store_size" VALUES(11,1.0,0.0,0.0);
INSERT INTO "store_size" VALUES(12,3731.0,0.0,0.0);
INSERT INTO "store_size" VALUES(13,3730.0,0.0,0.0);
INSERT INTO "store_size" VALUES(14,3729.0,0.0,0.0);
INSERT INTO "store_size" VALUES(15,3728.0,0.0,0.0);
INSERT INTO "store_size" VALUES(16,3727.0,0.0,0.0);
INSERT INTO "store_size" VALUES(17,3726.0,0.0,0.0);
INSERT INTO "store_size" VALUES(18,3725.0,0.0,0.0);
INSERT INTO "store_size" VALUES(19,4607.0,0.0,0.0);
INSERT INTO "store_size" VALUES(20,4606.0,0.0,0.0);
INSERT INTO "store_size" VALUES(21,9.0,0.0,0.0);
INSERT INTO "store_size" VALUES(22,4598.0,0.0,0.0);
INSERT INTO "store_size" VALUES(23,4.0,0.0,0.0);
INSERT INTO "store_size" VALUES(24,4604.0,0.0,0.0);
INSERT INTO "store_size" VALUES(25,4594.0,0.0,0.0);
INSERT INTO "store_size" VALUES(26,99.0,0.0,0.0);
INSERT INTO "store_size" VALUES(27,98.0,0.0,0.0);
INSERT INTO "store_size" VALUES(28,97.0,0.0,0.0);
INSERT INTO "store_size" VALUES(29,3724.0,0.0,0.0);
INSERT INTO "store_size" VALUES(30,4605.0,0.0,0.0);
INSERT INTO "store_size" VALUES(31,8.0,0.0,0.0);
INSERT INTO "store_size" VALUES(32,7.0,0.0,0.0);
INSERT INTO "store_size" VALUES(33,6.0,0.0,0.0);
INSERT INTO "store_size" VALUES(34,0.0,0.0,0.0);
INSERT INTO "store_size" VALUES(35,0.19,0.0,0.0);
INSERT INTO "store_size" VALUES(36,5.81,0.0,0.0);
INSERT INTO "store_size" VALUES(37,19.1,111.0,111.0);
INSERT INTO "store_size" VALUES(38,0.22,0.0,0.0);
INSERT INTO "store_size" VALUES(39,4606.78,0.0,0.0);
CREATE UNIQUE INDEX "django_content_type_app_label_model_76bd3d3b_uniq" ON "django_content_type" ("app_label", "model");
CREATE UNIQUE INDEX "auth_group_permissions_group_id_permission_id_0cd325b0_uniq" ON "auth_group_permissions" ("group_id", "permission_id");
CREATE INDEX IF NOT EXISTS "auth_group_permissions_group_id_b120cbf9" ON "auth_group_permissions" ("group_id");
CREATE INDEX IF NOT EXISTS "auth_group_permissions_permission_id_84c5c92e" ON "auth_group_permissions" ("permission_id");
CREATE UNIQUE INDEX "auth_permission_content_type_id_codename_01ab375a_uniq" ON "auth_permission" ("content_type_id", "codename");
CREATE INDEX IF NOT EXISTS "auth_permission_content_type_id_2f476e4b" ON "auth_permission" ("content_type_id");
CREATE UNIQUE INDEX "users_user_groups_user_id_group_id_b88eab82_uniq" ON "users_user_groups" ("user_id", "group_id");
CREATE INDEX IF NOT EXISTS "users_user_groups_user_id_5f6f5a90" ON "users_user_groups" ("user_id");
CREATE INDEX IF NOT EXISTS "users_user_groups_group_id_9afc8d0e" ON "users_user_groups" ("group_id");
CREATE UNIQUE INDEX "users_user_user_permissions_user_id_permission_id_43338c45_uniq" ON "users_user_user_permissions" ("user_id", "permission_id");
CREATE INDEX IF NOT EXISTS "users_user_user_permissions_user_id_20aca447" ON "users_user_user_permissions" ("user_id");
CREATE INDEX IF NOT EXISTS "users_user_user_permissions_permission_id_0b93982e" ON "users_user_user_permissions" ("permission_id");
CREATE INDEX IF NOT EXISTS "django_admin_log_content_type_id_c4bce8eb" ON "django_admin_log" ("content_type_id");
CREATE INDEX IF NOT EXISTS "django_admin_log_user_id_c564eba6" ON "django_admin_log" ("user_id");
CREATE INDEX IF NOT EXISTS "django_session_expire_date_a5c62663" ON "django_session" ("expire_date");
CREATE INDEX IF NOT EXISTS "transactions_request_material_category_id_84a65bcb" ON "transactions_request_material" ("category_id");
CREATE INDEX IF NOT EXISTS "transactions_request_material_customer_name_id_595ce75f" ON "transactions_request_material" ("customer_name_id");
CREATE INDEX IF NOT EXISTS "transactions_request_material_size_id_0af0ed04" ON "transactions_request_material" ("size_id");
CREATE INDEX IF NOT EXISTS "transactions_stock_product_id_a5d05ba3" ON "transactions_stock" ("product_id");
CREATE INDEX IF NOT EXISTS "transactions_left_over_stock_product_id_496e6726" ON "transactions_left_over_stock" ("product_id");
CREATE INDEX IF NOT EXISTS "transactions_scratch_stock_product_id_fc013c5d" ON "transactions_scratch_stock" ("product_id");
CREATE INDEX IF NOT EXISTS "store_product_category_id_574bae65" ON "store_product" ("category_id");
CREATE INDEX IF NOT EXISTS "store_product_size_id_838e791c" ON "store_product" ("size_id");
CREATE INDEX IF NOT EXISTS "store_product_grade_id_e91b7efe" ON "store_product" ("grade_id");
CREATE INDEX IF NOT EXISTS "store_product_thickness_id_15f9ec05" ON "store_product" ("thickness_id");
CREATE INDEX IF NOT EXISTS "transactions_project_material_project_id_90779194" ON "transactions_project_material" ("project_id");
CREATE INDEX IF NOT EXISTS "transactions_project_material_product_id_ab5b686d" ON "transactions_project_material" ("product_id");
CREATE INDEX IF NOT EXISTS "store_product_qr_shelf_product_qr_id_856813f2" ON "store_product_qr_shelf" ("product_qr_id");
CREATE INDEX IF NOT EXISTS "store_product_qr_shelf_shelf_id_fae05d95" ON "store_product_qr_shelf" ("shelf_id");
CREATE INDEX IF NOT EXISTS "transactions_project_employee_name_id_7b0a05fb" ON "transactions_project" ("employee_name_id");
CREATE INDEX IF NOT EXISTS "transactions_project_customer_id_486874c1" ON "transactions_project" ("customer_id");
CREATE INDEX IF NOT EXISTS "transactions_material_history_previous_size_id_acf43c9f" ON "transactions_material_history" ("previous_size_id");
CREATE INDEX IF NOT EXISTS "transactions_material_history_used_size_id_5945fcdb" ON "transactions_material_history" ("used_size_id");
CREATE INDEX IF NOT EXISTS "transactions_material_history_left_size_id_c03bef36" ON "transactions_material_history" ("left_size_id");
CREATE INDEX IF NOT EXISTS "transactions_material_history_product_qr_id_84d50666" ON "transactions_material_history" ("product_qr_id");
CREATE INDEX IF NOT EXISTS "transactions_material_history_project_id_e3029f67" ON "transactions_material_history" ("project_id");
CREATE INDEX IF NOT EXISTS "transactions_project_matarial_qr_project_material_id_20ed3eaa" ON "transactions_project_matarial_qr" ("project_material_id");
CREATE INDEX IF NOT EXISTS "transactions_project_matarial_qr_product_qr_id_ab37a9e8" ON "transactions_project_matarial_qr" ("product_qr_id");
CREATE INDEX IF NOT EXISTS "transactions_project_matarial_qr_cutter_id_07e273ff" ON "transactions_project_matarial_qr" ("cutter_id");
CREATE INDEX IF NOT EXISTS "transactions_project_matarial_production_item_code_id_a555bfd9" ON "transactions_project_matarial_production" ("item_code_id");
CREATE INDEX IF NOT EXISTS "transactions_project_matarial_production_project_matarial_qr_id_1abd37c8" ON "transactions_project_matarial_production" ("project_matarial_qr_id");
CREATE INDEX IF NOT EXISTS "transactions_project_matarial_production_project_id_2cad15c4" ON "transactions_project_matarial_production" ("project_id");
CREATE INDEX IF NOT EXISTS "store_product_qr_product_id_19457833" ON "store_product_qr" ("product_id");
CREATE INDEX IF NOT EXISTS "store_product_qr_supplier_id_3be6e7c2" ON "store_product_qr" ("supplier_id");
CREATE TABLE IF NOT EXISTS "store_thickness" ("id" integer NOT NULL PRIMARY KEY AUTOINCREMENT, "name" varchar(120) NOT NULL);
INSERT INTO "store_thickness" VALUES(1,'1.5mm');
INSERT INTO "store_thickness" VALUES(2,'0.5mm');
INSERT INTO "store_thickness" VALUES(3,'0.8');
INSERT INTO "store_thickness" VALUES(4,'1mm');
INSERT INTO "store_thickness" VALUES(5,'2mm');
CREATE UNIQUE INDEX "django_content_type_app_label_model_76bd3d3b_uniq" ON "django_content_type" ("app_label", "model");
CREATE UNIQUE INDEX "auth_group_permissions_group_id_permission_id_0cd325b0_uniq" ON "auth_group_permissions" ("group_id", "permission_id");
CREATE INDEX IF NOT EXISTS "auth_group_permissions_group_id_b120cbf9" ON "auth_group_permissions" ("group_id");
CREATE INDEX IF NOT EXISTS "auth_group_permissions_permission_id_84c5c92e" ON "auth_group_permissions" ("permission_id");
CREATE UNIQUE INDEX "auth_permission_content_type_id_codename_01ab375a_uniq" ON "auth_permission" ("content_type_id", "codename");
CREATE INDEX IF NOT EXISTS "auth_permission_content_type_id_2f476e4b" ON "auth_permission" ("content_type_id");
CREATE UNIQUE INDEX "users_user_groups_user_id_group_id_b88eab82_uniq" ON "users_user_groups" ("user_id", "group_id");
CREATE INDEX IF NOT EXISTS "users_user_groups_user_id_5f6f5a90" ON "users_user_groups" ("user_id");
CREATE INDEX IF NOT EXISTS "users_user_groups_group_id_9afc8d0e" ON "users_user_groups" ("group_id");
CREATE UNIQUE INDEX "users_user_user_permissions_user_id_permission_id_43338c45_uniq" ON "users_user_user_permissions" ("user_id", "permission_id");
CREATE INDEX IF NOT EXISTS "users_user_user_permissions_user_id_20aca447" ON "users_user_user_permissions" ("user_id");
CREATE INDEX IF NOT EXISTS "users_user_user_permissions_permission_id_0b93982e" ON "users_user_user_permissions" ("permission_id");
CREATE INDEX IF NOT EXISTS "django_admin_log_content_type_id_c4bce8eb" ON "django_admin_log" ("content_type_id");
CREATE INDEX IF NOT EXISTS "django_admin_log_user_id_c564eba6" ON "django_admin_log" ("user_id");
CREATE INDEX IF NOT EXISTS "django_session_expire_date_a5c62663" ON "django_session" ("expire_date");
CREATE INDEX IF NOT EXISTS "transactions_request_material_category_id_84a65bcb" ON "transactions_request_material" ("category_id");
CREATE INDEX IF NOT EXISTS "transactions_request_material_customer_name_id_595ce75f" ON "transactions_request_material" ("customer_name_id");
CREATE INDEX IF NOT EXISTS "transactions_request_material_size_id_0af0ed04" ON "transactions_request_material" ("size_id");
CREATE INDEX IF NOT EXISTS "transactions_stock_product_id_a5d05ba3" ON "transactions_stock" ("product_id");
CREATE INDEX IF NOT EXISTS "transactions_left_over_stock_product_id_496e6726" ON "transactions_left_over_stock" ("product_id");
CREATE INDEX IF NOT EXISTS "transactions_scratch_stock_product_id_fc013c5d" ON "transactions_scratch_stock" ("product_id");
CREATE INDEX IF NOT EXISTS "store_product_category_id_574bae65" ON "store_product" ("category_id");
CREATE INDEX IF NOT EXISTS "store_product_size_id_838e791c" ON "store_product" ("size_id");
CREATE INDEX IF NOT EXISTS "store_product_grade_id_e91b7efe" ON "store_product" ("grade_id");
CREATE INDEX IF NOT EXISTS "store_product_thickness_id_15f9ec05" ON "store_product" ("thickness_id");
CREATE INDEX IF NOT EXISTS "transactions_project_material_project_id_90779194" ON "transactions_project_material" ("project_id");
CREATE INDEX IF NOT EXISTS "transactions_project_material_product_id_ab5b686d" ON "transactions_project_material" ("product_id");
CREATE INDEX IF NOT EXISTS "store_product_qr_shelf_product_qr_id_856813f2" ON "store_product_qr_shelf" ("product_qr_id");
CREATE INDEX IF NOT EXISTS "store_product_qr_shelf_shelf_id_fae05d95" ON "store_product_qr_shelf" ("shelf_id");
CREATE INDEX IF NOT EXISTS "transactions_project_employee_name_id_7b0a05fb" ON "transactions_project" ("employee_name_id");
CREATE INDEX IF NOT EXISTS "transactions_project_customer_id_486874c1" ON "transactions_project" ("customer_id");
CREATE INDEX IF NOT EXISTS "transactions_material_history_previous_size_id_acf43c9f" ON "transactions_material_history" ("previous_size_id");
CREATE INDEX IF NOT EXISTS "transactions_material_history_used_size_id_5945fcdb" ON "transactions_material_history" ("used_size_id");
CREATE INDEX IF NOT EXISTS "transactions_material_history_left_size_id_c03bef36" ON "transactions_material_history" ("left_size_id");
CREATE INDEX IF NOT EXISTS "transactions_material_history_product_qr_id_84d50666" ON "transactions_material_history" ("product_qr_id");
CREATE INDEX IF NOT EXISTS "transactions_material_history_project_id_e3029f67" ON "transactions_material_history" ("project_id");
CREATE INDEX IF NOT EXISTS "transactions_project_matarial_qr_project_material_id_20ed3eaa" ON "transactions_project_matarial_qr" ("project_material_id");
CREATE INDEX IF NOT EXISTS "transactions_project_matarial_qr_product_qr_id_ab37a9e8" ON "transactions_project_matarial_qr" ("product_qr_id");
CREATE INDEX IF NOT EXISTS "transactions_project_matarial_qr_cutter_id_07e273ff" ON "transactions_project_matarial_qr" ("cutter_id");
CREATE INDEX IF NOT EXISTS "transactions_project_matarial_production_item_code_id_a555bfd9" ON "transactions_project_matarial_production" ("item_code_id");
CREATE INDEX IF NOT EXISTS "transactions_project_matarial_production_project_matarial_qr_id_1abd37c8" ON "transactions_project_matarial_production" ("project_matarial_qr_id");
CREATE INDEX IF NOT EXISTS "transactions_project_matarial_production_project_id_2cad15c4" ON "transactions_project_matarial_production" ("project_id");
CREATE INDEX IF NOT EXISTS "store_product_qr_product_id_19457833" ON "store_product_qr" ("product_id");
CREATE INDEX IF NOT EXISTS "store_product_qr_supplier_id_3be6e7c2" ON "store_product_qr" ("supplier_id");
CREATE TABLE IF NOT EXISTS "transactions_alert" ("id" integer NOT NULL PRIMARY KEY AUTOINCREMENT, "message" text NOT NULL, "timestamp" datetime NOT NULL);
INSERT INTO "transactions_alert" VALUES(1,'new project created idaasas','2023-09-11 20:16:25.502104');
INSERT INTO "transactions_alert" VALUES(2,'new project created idxcdxcxc','2023-09-11 21:37:52.756268');
INSERT INTO "transactions_alert" VALUES(3,'new project created idddxc','2023-09-11 21:38:25.434466');
INSERT INTO "transactions_alert" VALUES(4,'new project created id1','2023-09-12 09:10:37.494590');
INSERT INTO "transactions_alert" VALUES(5,'new project created idsdsds','2023-09-12 18:57:16.836299');
INSERT INTO "transactions_alert" VALUES(6,'new project created id22','2023-09-12 18:59:21.460967');
INSERT INTO "transactions_alert" VALUES(7,'new project created idsdsds','2023-09-12 19:03:11.784410');
INSERT INTO "transactions_alert" VALUES(8,'new project created idsdsds','2023-09-12 19:18:48.752507');
INSERT INTO "transactions_alert" VALUES(9,'new project created idsdsds','2023-09-12 19:31:32.819557');
INSERT INTO "transactions_alert" VALUES(10,'new project created idsdsds','2023-09-12 19:35:19.910221');
INSERT INTO "transactions_alert" VALUES(11,'new project created idsdsds','2023-09-12 20:01:18.777580');
INSERT INTO "transactions_alert" VALUES(12,'new project created idsdsds','2023-09-12 20:33:34.020461');
INSERT INTO "transactions_alert" VALUES(13,'new project created idsdsds','2023-09-12 20:37:06.739725');
INSERT INTO "transactions_alert" VALUES(14,'new project created idsdsds','2023-09-12 20:41:04.254025');
INSERT INTO "transactions_alert" VALUES(15,'new project created idsdsds','2023-09-13 06:11:48.796101');
INSERT INTO "transactions_alert" VALUES(16,'new project created idsdsds','2023-09-13 06:16:04.298320');
INSERT INTO "transactions_alert" VALUES(17,'new project created idsdsds','2023-09-13 18:20:00.252079');
INSERT INTO "transactions_alert" VALUES(18,'new project created id1','2023-09-13 18:34:40.157877');
INSERT INTO "transactions_alert" VALUES(19,'new project created idsdsds','2023-09-14 21:32:11.438721');
INSERT INTO "transactions_alert" VALUES(20,'new project created idsdsds','2023-09-14 21:33:39.583269');
INSERT INTO "transactions_alert" VALUES(21,'new project created idsdsds','2023-09-15 11:28:32.414163');
INSERT INTO "transactions_alert" VALUES(22,'new project created idsdsds','2023-09-15 11:30:09.620014');
INSERT INTO "transactions_alert" VALUES(23,'new project created idsdsds','2023-09-15 11:31:10.291594');
INSERT INTO "transactions_alert" VALUES(24,'new project created idsdsds','2023-09-15 11:31:38.572129');
INSERT INTO "transactions_alert" VALUES(25,'new project created idsdsds','2023-09-15 12:08:00.081115');
INSERT INTO "transactions_alert" VALUES(26,'new project created idsdsds','2023-09-15 12:08:24.647875');
INSERT INTO "transactions_alert" VALUES(27,'new project created idsdsds','2023-09-15 12:08:58.789620');
INSERT INTO "transactions_alert" VALUES(28,'new project created idsdsds','2023-09-15 19:58:58.521768');
INSERT INTO "transactions_alert" VALUES(29,'new project created idsdsds','2023-09-15 20:13:00.987824');
INSERT INTO "transactions_alert" VALUES(30,'new project created idsdsds','2023-09-17 07:56:50.938140');
INSERT INTO "transactions_alert" VALUES(31,'new project created idsdsd','2023-09-18 22:55:28.635703');
INSERT INTO "transactions_alert" VALUES(32,'new project created id23232','2023-09-19 20:13:12.414684');
INSERT INTO "transactions_alert" VALUES(33,'new project created idsdsds','2023-09-20 13:54:50.192795');
INSERT INTO "transactions_alert" VALUES(34,'new project created idsdsdsdwsds','2023-09-21 18:22:43.425768');
INSERT INTO "transactions_alert" VALUES(35,'new project created idsdsdssdsd','2023-09-23 10:11:01.313715');
INSERT INTO "transactions_alert" VALUES(36,'new project created idsdsds','2023-09-25 06:50:36.430687');
INSERT INTO "transactions_alert" VALUES(37,'new project created idsdsds3434wwewe','2023-09-25 06:53:39.174340');
INSERT INTO "transactions_alert" VALUES(38,'new project created idsdsds334','2023-09-25 06:57:16.124080');
INSERT INTO "transactions_alert" VALUES(39,'new project created idsxcsc','2023-09-25 06:58:14.446742');
INSERT INTO "transactions_alert" VALUES(40,'new project created iddssds','2023-09-25 06:58:31.105510');
INSERT INTO "transactions_alert" VALUES(41,'new project created idwdwsdwsd','2023-09-25 06:58:47.484790');
CREATE UNIQUE INDEX "django_content_type_app_label_model_76bd3d3b_uniq" ON "django_content_type" ("app_label", "model");
CREATE UNIQUE INDEX "auth_group_permissions_group_id_permission_id_0cd325b0_uniq" ON "auth_group_permissions" ("group_id", "permission_id");
CREATE INDEX IF NOT EXISTS "auth_group_permissions_group_id_b120cbf9" ON "auth_group_permissions" ("group_id");
CREATE INDEX IF NOT EXISTS "auth_group_permissions_permission_id_84c5c92e" ON "auth_group_permissions" ("permission_id");
CREATE UNIQUE INDEX "auth_permission_content_type_id_codename_01ab375a_uniq" ON "auth_permission" ("content_type_id", "codename");
CREATE INDEX IF NOT EXISTS "auth_permission_content_type_id_2f476e4b" ON "auth_permission" ("content_type_id");
CREATE UNIQUE INDEX "users_user_groups_user_id_group_id_b88eab82_uniq" ON "users_user_groups" ("user_id", "group_id");
CREATE INDEX IF NOT EXISTS "users_user_groups_user_id_5f6f5a90" ON "users_user_groups" ("user_id");
CREATE INDEX IF NOT EXISTS "users_user_groups_group_id_9afc8d0e" ON "users_user_groups" ("group_id");
CREATE UNIQUE INDEX "users_user_user_permissions_user_id_permission_id_43338c45_uniq" ON "users_user_user_permissions" ("user_id", "permission_id");
CREATE INDEX IF NOT EXISTS "users_user_user_permissions_user_id_20aca447" ON "users_user_user_permissions" ("user_id");
CREATE INDEX IF NOT EXISTS "users_user_user_permissions_permission_id_0b93982e" ON "users_user_user_permissions" ("permission_id");
CREATE INDEX IF NOT EXISTS "django_admin_log_content_type_id_c4bce8eb" ON "django_admin_log" ("content_type_id");
CREATE INDEX IF NOT EXISTS "django_admin_log_user_id_c564eba6" ON "django_admin_log" ("user_id");
CREATE INDEX IF NOT EXISTS "django_session_expire_date_a5c62663" ON "django_session" ("expire_date");
CREATE INDEX IF NOT EXISTS "transactions_request_material_category_id_84a65bcb" ON "transactions_request_material" ("category_id");
CREATE INDEX IF NOT EXISTS "transactions_request_material_customer_name_id_595ce75f" ON "transactions_request_material" ("customer_name_id");
CREATE INDEX IF NOT EXISTS "transactions_request_material_size_id_0af0ed04" ON "transactions_request_material" ("size_id");
CREATE INDEX IF NOT EXISTS "transactions_stock_product_id_a5d05ba3" ON "transactions_stock" ("product_id");
CREATE INDEX IF NOT EXISTS "transactions_left_over_stock_product_id_496e6726" ON "transactions_left_over_stock" ("product_id");
CREATE INDEX IF NOT EXISTS "transactions_scratch_stock_product_id_fc013c5d" ON "transactions_scratch_stock" ("product_id");
CREATE INDEX IF NOT EXISTS "store_product_category_id_574bae65" ON "store_product" ("category_id");
CREATE INDEX IF NOT EXISTS "store_product_size_id_838e791c" ON "store_product" ("size_id");
CREATE INDEX IF NOT EXISTS "store_product_grade_id_e91b7efe" ON "store_product" ("grade_id");
CREATE INDEX IF NOT EXISTS "store_product_thickness_id_15f9ec05" ON "store_product" ("thickness_id");
CREATE INDEX IF NOT EXISTS "transactions_project_material_project_id_90779194" ON "transactions_project_material" ("project_id");
CREATE INDEX IF NOT EXISTS "transactions_project_material_product_id_ab5b686d" ON "transactions_project_material" ("product_id");
CREATE INDEX IF NOT EXISTS "store_product_qr_shelf_product_qr_id_856813f2" ON "store_product_qr_shelf" ("product_qr_id");
CREATE INDEX IF NOT EXISTS "store_product_qr_shelf_shelf_id_fae05d95" ON "store_product_qr_shelf" ("shelf_id");
CREATE INDEX IF NOT EXISTS "transactions_project_employee_name_id_7b0a05fb" ON "transactions_project" ("employee_name_id");
CREATE INDEX IF NOT EXISTS "transactions_project_customer_id_486874c1" ON "transactions_project" ("customer_id");
CREATE INDEX IF NOT EXISTS "transactions_material_history_previous_size_id_acf43c9f" ON "transactions_material_history" ("previous_size_id");
CREATE INDEX IF NOT EXISTS "transactions_material_history_used_size_id_5945fcdb" ON "transactions_material_history" ("used_size_id");
CREATE INDEX IF NOT EXISTS "transactions_material_history_left_size_id_c03bef36" ON "transactions_material_history" ("left_size_id");
CREATE INDEX IF NOT EXISTS "transactions_material_history_product_qr_id_84d50666" ON "transactions_material_history" ("product_qr_id");
CREATE INDEX IF NOT EXISTS "transactions_material_history_project_id_e3029f67" ON "transactions_material_history" ("project_id");
CREATE INDEX IF NOT EXISTS "transactions_project_matarial_qr_project_material_id_20ed3eaa" ON "transactions_project_matarial_qr" ("project_material_id");
CREATE INDEX IF NOT EXISTS "transactions_project_matarial_qr_product_qr_id_ab37a9e8" ON "transactions_project_matarial_qr" ("product_qr_id");
CREATE INDEX IF NOT EXISTS "transactions_project_matarial_qr_cutter_id_07e273ff" ON "transactions_project_matarial_qr" ("cutter_id");
CREATE INDEX IF NOT EXISTS "transactions_project_matarial_production_item_code_id_a555bfd9" ON "transactions_project_matarial_production" ("item_code_id");
CREATE INDEX IF NOT EXISTS "transactions_project_matarial_production_project_matarial_qr_id_1abd37c8" ON "transactions_project_matarial_production" ("project_matarial_qr_id");
CREATE INDEX IF NOT EXISTS "transactions_project_matarial_production_project_id_2cad15c4" ON "transactions_project_matarial_production" ("project_id");
CREATE INDEX IF NOT EXISTS "store_product_qr_product_id_19457833" ON "store_product_qr" ("product_id");
CREATE INDEX IF NOT EXISTS "store_product_qr_supplier_id_3be6e7c2" ON "store_product_qr" ("supplier_id");
CREATE TABLE IF NOT EXISTS "transactions_left_over_stock" ("id" integer NOT NULL PRIMARY KEY AUTOINCREMENT, "quantity" bigint NULL, "updated_at" datetime NOT NULL, "product_id" integer NOT NULL REFERENCES "store_product" ("id") DEFERRABLE INITIALLY DEFERRED);
INSERT INTO "transactions_left_over_stock" VALUES(30,0,'2023-09-15 20:13:27.475311',68);
INSERT INTO "transactions_left_over_stock" VALUES(31,0,'2023-09-17 08:00:27.475464',69);
INSERT INTO "transactions_left_over_stock" VALUES(32,1,'2023-09-17 08:00:27.496268',70);
INSERT INTO "transactions_left_over_stock" VALUES(33,1,'2023-09-19 20:18:19.310292',72);
INSERT INTO "transactions_left_over_stock" VALUES(34,1,'2023-09-26 07:22:21.037175',88);
CREATE UNIQUE INDEX "django_content_type_app_label_model_76bd3d3b_uniq" ON "django_content_type" ("app_label", "model");
CREATE UNIQUE INDEX "auth_group_permissions_group_id_permission_id_0cd325b0_uniq" ON "auth_group_permissions" ("group_id", "permission_id");
CREATE INDEX IF NOT EXISTS "auth_group_permissions_group_id_b120cbf9" ON "auth_group_permissions" ("group_id");
CREATE INDEX IF NOT EXISTS "auth_group_permissions_permission_id_84c5c92e" ON "auth_group_permissions" ("permission_id");
CREATE UNIQUE INDEX "auth_permission_content_type_id_codename_01ab375a_uniq" ON "auth_permission" ("content_type_id", "codename");
CREATE INDEX IF NOT EXISTS "auth_permission_content_type_id_2f476e4b" ON "auth_permission" ("content_type_id");
CREATE UNIQUE INDEX "users_user_groups_user_id_group_id_b88eab82_uniq" ON "users_user_groups" ("user_id", "group_id");
CREATE INDEX IF NOT EXISTS "users_user_groups_user_id_5f6f5a90" ON "users_user_groups" ("user_id");
CREATE INDEX IF NOT EXISTS "users_user_groups_group_id_9afc8d0e" ON "users_user_groups" ("group_id");
CREATE UNIQUE INDEX "users_user_user_permissions_user_id_permission_id_43338c45_uniq" ON "users_user_user_permissions" ("user_id", "permission_id");
CREATE INDEX IF NOT EXISTS "users_user_user_permissions_user_id_20aca447" ON "users_user_user_permissions" ("user_id");
CREATE INDEX IF NOT EXISTS "users_user_user_permissions_permission_id_0b93982e" ON "users_user_user_permissions" ("permission_id");
CREATE INDEX IF NOT EXISTS "django_admin_log_content_type_id_c4bce8eb" ON "django_admin_log" ("content_type_id");
CREATE INDEX IF NOT EXISTS "django_admin_log_user_id_c564eba6" ON "django_admin_log" ("user_id");
CREATE INDEX IF NOT EXISTS "django_session_expire_date_a5c62663" ON "django_session" ("expire_date");
CREATE INDEX IF NOT EXISTS "transactions_request_material_category_id_84a65bcb" ON "transactions_request_material" ("category_id");
CREATE INDEX IF NOT EXISTS "transactions_request_material_customer_name_id_595ce75f" ON "transactions_request_material" ("customer_name_id");
CREATE INDEX IF NOT EXISTS "transactions_request_material_size_id_0af0ed04" ON "transactions_request_material" ("size_id");
CREATE INDEX IF NOT EXISTS "transactions_stock_product_id_a5d05ba3" ON "transactions_stock" ("product_id");
CREATE INDEX IF NOT EXISTS "transactions_left_over_stock_product_id_496e6726" ON "transactions_left_over_stock" ("product_id");
CREATE INDEX IF NOT EXISTS "transactions_scratch_stock_product_id_fc013c5d" ON "transactions_scratch_stock" ("product_id");
CREATE INDEX IF NOT EXISTS "store_product_category_id_574bae65" ON "store_product" ("category_id");
CREATE INDEX IF NOT EXISTS "store_product_size_id_838e791c" ON "store_product" ("size_id");
CREATE INDEX IF NOT EXISTS "store_product_grade_id_e91b7efe" ON "store_product" ("grade_id");
CREATE INDEX IF NOT EXISTS "store_product_thickness_id_15f9ec05" ON "store_product" ("thickness_id");
CREATE INDEX IF NOT EXISTS "transactions_project_material_project_id_90779194" ON "transactions_project_material" ("project_id");
CREATE INDEX IF NOT EXISTS "transactions_project_material_product_id_ab5b686d" ON "transactions_project_material" ("product_id");
CREATE INDEX IF NOT EXISTS "store_product_qr_shelf_product_qr_id_856813f2" ON "store_product_qr_shelf" ("product_qr_id");
CREATE INDEX IF NOT EXISTS "store_product_qr_shelf_shelf_id_fae05d95" ON "store_product_qr_shelf" ("shelf_id");
CREATE INDEX IF NOT EXISTS "transactions_project_employee_name_id_7b0a05fb" ON "transactions_project" ("employee_name_id");
CREATE INDEX IF NOT EXISTS "transactions_project_customer_id_486874c1" ON "transactions_project" ("customer_id");
CREATE INDEX IF NOT EXISTS "transactions_material_history_previous_size_id_acf43c9f" ON "transactions_material_history" ("previous_size_id");
CREATE INDEX IF NOT EXISTS "transactions_material_history_used_size_id_5945fcdb" ON "transactions_material_history" ("used_size_id");
CREATE INDEX IF NOT EXISTS "transactions_material_history_left_size_id_c03bef36" ON "transactions_material_history" ("left_size_id");
CREATE INDEX IF NOT EXISTS "transactions_material_history_product_qr_id_84d50666" ON "transactions_material_history" ("product_qr_id");
CREATE INDEX IF NOT EXISTS "transactions_material_history_project_id_e3029f67" ON "transactions_material_history" ("project_id");
CREATE INDEX IF NOT EXISTS "transactions_project_matarial_qr_project_material_id_20ed3eaa" ON "transactions_project_matarial_qr" ("project_material_id");
CREATE INDEX IF NOT EXISTS "transactions_project_matarial_qr_product_qr_id_ab37a9e8" ON "transactions_project_matarial_qr" ("product_qr_id");
CREATE INDEX IF NOT EXISTS "transactions_project_matarial_qr_cutter_id_07e273ff" ON "transactions_project_matarial_qr" ("cutter_id");
CREATE INDEX IF NOT EXISTS "transactions_project_matarial_production_item_code_id_a555bfd9" ON "transactions_project_matarial_production" ("item_code_id");
CREATE INDEX IF NOT EXISTS "transactions_project_matarial_production_project_matarial_qr_id_1abd37c8" ON "transactions_project_matarial_production" ("project_matarial_qr_id");
CREATE INDEX IF NOT EXISTS "transactions_project_matarial_production_project_id_2cad15c4" ON "transactions_project_matarial_production" ("project_id");
CREATE INDEX IF NOT EXISTS "store_product_qr_product_id_19457833" ON "store_product_qr" ("product_id");
CREATE INDEX IF NOT EXISTS "store_product_qr_supplier_id_3be6e7c2" ON "store_product_qr" ("supplier_id");
CREATE TABLE IF NOT EXISTS "transactions_material_history" ("id" integer NOT NULL PRIMARY KEY AUTOINCREMENT, "previous_size_id" integer NOT NULL REFERENCES "store_size" ("id") DEFERRABLE INITIALLY DEFERRED, "used_size_id" integer NOT NULL REFERENCES "store_size" ("id") DEFERRABLE INITIALLY DEFERRED, "left_size_id" integer NOT NULL REFERENCES "store_size" ("id") DEFERRABLE INITIALLY DEFERRED, "product_qr_id" integer NOT NULL REFERENCES "store_product_qr" ("id") DEFERRABLE INITIALLY DEFERRED, "updated_at" datetime NOT NULL, "project_id" integer NOT NULL REFERENCES "transactions_project" ("id") DEFERRABLE INITIALLY DEFERRED);
INSERT INTO "transactions_material_history" VALUES(68,19,38,39,65,'2023-09-26 07:19:37.707087',12);
INSERT INTO "transactions_material_history" VALUES(69,19,38,39,65,'2023-09-26 07:19:48.886464',12);
INSERT INTO "transactions_material_history" VALUES(70,19,38,39,65,'2023-09-26 07:20:41.954864',12);
INSERT INTO "transactions_material_history" VALUES(71,19,38,39,65,'2023-09-26 07:21:26.257122',12);
INSERT INTO "transactions_material_history" VALUES(72,19,38,39,65,'2023-09-26 07:22:20.886784',12);
CREATE UNIQUE INDEX "django_content_type_app_label_model_76bd3d3b_uniq" ON "django_content_type" ("app_label", "model");
CREATE UNIQUE INDEX "auth_group_permissions_group_id_permission_id_0cd325b0_uniq" ON "auth_group_permissions" ("group_id", "permission_id");
CREATE INDEX IF NOT EXISTS "auth_group_permissions_group_id_b120cbf9" ON "auth_group_permissions" ("group_id");
CREATE INDEX IF NOT EXISTS "auth_group_permissions_permission_id_84c5c92e" ON "auth_group_permissions" ("permission_id");
CREATE UNIQUE INDEX "auth_permission_content_type_id_codename_01ab375a_uniq" ON "auth_permission" ("content_type_id", "codename");
CREATE INDEX IF NOT EXISTS "auth_permission_content_type_id_2f476e4b" ON "auth_permission" ("content_type_id");
CREATE UNIQUE INDEX "users_user_groups_user_id_group_id_b88eab82_uniq" ON "users_user_groups" ("user_id", "group_id");
CREATE INDEX IF NOT EXISTS "users_user_groups_user_id_5f6f5a90" ON "users_user_groups" ("user_id");
CREATE INDEX IF NOT EXISTS "users_user_groups_group_id_9afc8d0e" ON "users_user_groups" ("group_id");
CREATE UNIQUE INDEX "users_user_user_permissions_user_id_permission_id_43338c45_uniq" ON "users_user_user_permissions" ("user_id", "permission_id");
CREATE INDEX IF NOT EXISTS "users_user_user_permissions_user_id_20aca447" ON "users_user_user_permissions" ("user_id");
CREATE INDEX IF NOT EXISTS "users_user_user_permissions_permission_id_0b93982e" ON "users_user_user_permissions" ("permission_id");
CREATE INDEX IF NOT EXISTS "django_admin_log_content_type_id_c4bce8eb" ON "django_admin_log" ("content_type_id");
CREATE INDEX IF NOT EXISTS "django_admin_log_user_id_c564eba6" ON "django_admin_log" ("user_id");
CREATE INDEX IF NOT EXISTS "django_session_expire_date_a5c62663" ON "django_session" ("expire_date");
CREATE INDEX IF NOT EXISTS "transactions_request_material_category_id_84a65bcb" ON "transactions_request_material" ("category_id");
CREATE INDEX IF NOT EXISTS "transactions_request_material_customer_name_id_595ce75f" ON "transactions_request_material" ("customer_name_id");
CREATE INDEX IF NOT EXISTS "transactions_request_material_size_id_0af0ed04" ON "transactions_request_material" ("size_id");
CREATE INDEX IF NOT EXISTS "transactions_stock_product_id_a5d05ba3" ON "transactions_stock" ("product_id");
CREATE INDEX IF NOT EXISTS "transactions_left_over_stock_product_id_496e6726" ON "transactions_left_over_stock" ("product_id");
CREATE INDEX IF NOT EXISTS "transactions_scratch_stock_product_id_fc013c5d" ON "transactions_scratch_stock" ("product_id");
CREATE INDEX IF NOT EXISTS "store_product_category_id_574bae65" ON "store_product" ("category_id");
CREATE INDEX IF NOT EXISTS "store_product_size_id_838e791c" ON "store_product" ("size_id");
CREATE INDEX IF NOT EXISTS "store_product_grade_id_e91b7efe" ON "store_product" ("grade_id");
CREATE INDEX IF NOT EXISTS "store_product_thickness_id_15f9ec05" ON "store_product" ("thickness_id");
CREATE INDEX IF NOT EXISTS "transactions_project_material_project_id_90779194" ON "transactions_project_material" ("project_id");
CREATE INDEX IF NOT EXISTS "transactions_project_material_product_id_ab5b686d" ON "transactions_project_material" ("product_id");
CREATE INDEX IF NOT EXISTS "store_product_qr_shelf_product_qr_id_856813f2" ON "store_product_qr_shelf" ("product_qr_id");
CREATE INDEX IF NOT EXISTS "store_product_qr_shelf_shelf_id_fae05d95" ON "store_product_qr_shelf" ("shelf_id");
CREATE INDEX IF NOT EXISTS "transactions_project_employee_name_id_7b0a05fb" ON "transactions_project" ("employee_name_id");
CREATE INDEX IF NOT EXISTS "transactions_project_customer_id_486874c1" ON "transactions_project" ("customer_id");
CREATE INDEX IF NOT EXISTS "transactions_material_history_previous_size_id_acf43c9f" ON "transactions_material_history" ("previous_size_id");
CREATE INDEX IF NOT EXISTS "transactions_material_history_used_size_id_5945fcdb" ON "transactions_material_history" ("used_size_id");
CREATE INDEX IF NOT EXISTS "transactions_material_history_left_size_id_c03bef36" ON "transactions_material_history" ("left_size_id");
CREATE INDEX IF NOT EXISTS "transactions_material_history_product_qr_id_84d50666" ON "transactions_material_history" ("product_qr_id");
CREATE INDEX IF NOT EXISTS "transactions_material_history_project_id_e3029f67" ON "transactions_material_history" ("project_id");
CREATE INDEX IF NOT EXISTS "transactions_project_matarial_qr_project_material_id_20ed3eaa" ON "transactions_project_matarial_qr" ("project_material_id");
CREATE INDEX IF NOT EXISTS "transactions_project_matarial_qr_product_qr_id_ab37a9e8" ON "transactions_project_matarial_qr" ("product_qr_id");
CREATE INDEX IF NOT EXISTS "transactions_project_matarial_qr_cutter_id_07e273ff" ON "transactions_project_matarial_qr" ("cutter_id");
CREATE INDEX IF NOT EXISTS "transactions_project_matarial_production_item_code_id_a555bfd9" ON "transactions_project_matarial_production" ("item_code_id");
CREATE INDEX IF NOT EXISTS "transactions_project_matarial_production_project_matarial_qr_id_1abd37c8" ON "transactions_project_matarial_production" ("project_matarial_qr_id");
CREATE INDEX IF NOT EXISTS "transactions_project_matarial_production_project_id_2cad15c4" ON "transactions_project_matarial_production" ("project_id");
CREATE INDEX IF NOT EXISTS "store_product_qr_product_id_19457833" ON "store_product_qr" ("product_id");
CREATE INDEX IF NOT EXISTS "store_product_qr_supplier_id_3be6e7c2" ON "store_product_qr" ("supplier_id");
CREATE TABLE IF NOT EXISTS "transactions_project" ("id" integer NOT NULL PRIMARY KEY AUTOINCREMENT, "DC_date" date NOT NULL, "description" varchar(50) NOT NULL, "completed" bool NOT NULL, "employee_name_id" integer NOT NULL REFERENCES "store_employee" ("id") DEFERRABLE INITIALLY DEFERRED, "customer_id" integer NOT NULL REFERENCES "store_customer" ("id") DEFERRABLE INITIALLY DEFERRED, "order_id" varchar(50) NOT NULL UNIQUE);
INSERT INTO "transactions_project" VALUES(4,'2023-09-21','wdsd',0,1,3,'sdsdsdwsds');
INSERT INTO "transactions_project" VALUES(5,'2023-09-23','sdsd',0,1,2,'sdsdssdsd');
INSERT INTO "transactions_project" VALUES(6,'2023-09-25','sdsd',0,1,1,'sdsds');
INSERT INTO "transactions_project" VALUES(7,'2023-09-25','sdsd',0,1,1,'sdsds3434');
INSERT INTO "transactions_project" VALUES(8,'2023-09-25','sdsd',0,1,1,'sdsds3434wwewe');
INSERT INTO "transactions_project" VALUES(9,'2023-09-25','sxcxc',0,1,1,'sdsds334');
INSERT INTO "transactions_project" VALUES(10,'2023-09-25','sscsdssd',0,1,1,'sxcsc');
INSERT INTO "transactions_project" VALUES(11,'2023-09-25','dsdsdsdsds',0,1,1,'dssds');
INSERT INTO "transactions_project" VALUES(12,'2023-09-25','sdsd',0,1,1,'wdwsdwsd');
CREATE UNIQUE INDEX "django_content_type_app_label_model_76bd3d3b_uniq" ON "django_content_type" ("app_label", "model");
CREATE UNIQUE INDEX "auth_group_permissions_group_id_permission_id_0cd325b0_uniq" ON "auth_group_permissions" ("group_id", "permission_id");
CREATE INDEX IF NOT EXISTS "auth_group_permissions_group_id_b120cbf9" ON "auth_group_permissions" ("group_id");
CREATE INDEX IF NOT EXISTS "auth_group_permissions_permission_id_84c5c92e" ON "auth_group_permissions" ("permission_id");
CREATE UNIQUE INDEX "auth_permission_content_type_id_codename_01ab375a_uniq" ON "auth_permission" ("content_type_id", "codename");
CREATE INDEX IF NOT EXISTS "auth_permission_content_type_id_2f476e4b" ON "auth_permission" ("content_type_id");
CREATE UNIQUE INDEX "users_user_groups_user_id_group_id_b88eab82_uniq" ON "users_user_groups" ("user_id", "group_id");
CREATE INDEX IF NOT EXISTS "users_user_groups_user_id_5f6f5a90" ON "users_user_groups" ("user_id");
CREATE INDEX IF NOT EXISTS "users_user_groups_group_id_9afc8d0e" ON "users_user_groups" ("group_id");
CREATE UNIQUE INDEX "users_user_user_permissions_user_id_permission_id_43338c45_uniq" ON "users_user_user_permissions" ("user_id", "permission_id");
CREATE INDEX IF NOT EXISTS "users_user_user_permissions_user_id_20aca447" ON "users_user_user_permissions" ("user_id");
CREATE INDEX IF NOT EXISTS "users_user_user_permissions_permission_id_0b93982e" ON "users_user_user_permissions" ("permission_id");
CREATE INDEX IF NOT EXISTS "django_admin_log_content_type_id_c4bce8eb" ON "django_admin_log" ("content_type_id");
CREATE INDEX IF NOT EXISTS "django_admin_log_user_id_c564eba6" ON "django_admin_log" ("user_id");
CREATE INDEX IF NOT EXISTS "django_session_expire_date_a5c62663" ON "django_session" ("expire_date");
CREATE INDEX IF NOT EXISTS "transactions_request_material_category_id_84a65bcb" ON "transactions_request_material" ("category_id");
CREATE INDEX IF NOT EXISTS "transactions_request_material_customer_name_id_595ce75f" ON "transactions_request_material" ("customer_name_id");
CREATE INDEX IF NOT EXISTS "transactions_request_material_size_id_0af0ed04" ON "transactions_request_material" ("size_id");
CREATE INDEX IF NOT EXISTS "transactions_stock_product_id_a5d05ba3" ON "transactions_stock" ("product_id");
CREATE INDEX IF NOT EXISTS "transactions_left_over_stock_product_id_496e6726" ON "transactions_left_over_stock" ("product_id");
CREATE INDEX IF NOT EXISTS "transactions_scratch_stock_product_id_fc013c5d" ON "transactions_scratch_stock" ("product_id");
CREATE INDEX IF NOT EXISTS "store_product_category_id_574bae65" ON "store_product" ("category_id");
CREATE INDEX IF NOT EXISTS "store_product_size_id_838e791c" ON "store_product" ("size_id");
CREATE INDEX IF NOT EXISTS "store_product_grade_id_e91b7efe" ON "store_product" ("grade_id");
CREATE INDEX IF NOT EXISTS "store_product_thickness_id_15f9ec05" ON "store_product" ("thickness_id");
CREATE INDEX IF NOT EXISTS "transactions_project_material_project_id_90779194" ON "transactions_project_material" ("project_id");
CREATE INDEX IF NOT EXISTS "transactions_project_material_product_id_ab5b686d" ON "transactions_project_material" ("product_id");
CREATE INDEX IF NOT EXISTS "store_product_qr_shelf_product_qr_id_856813f2" ON "store_product_qr_shelf" ("product_qr_id");
CREATE INDEX IF NOT EXISTS "store_product_qr_shelf_shelf_id_fae05d95" ON "store_product_qr_shelf" ("shelf_id");
CREATE INDEX IF NOT EXISTS "transactions_project_employee_name_id_7b0a05fb" ON "transactions_project" ("employee_name_id");
CREATE INDEX IF NOT EXISTS "transactions_project_customer_id_486874c1" ON "transactions_project" ("customer_id");
CREATE INDEX IF NOT EXISTS "transactions_material_history_previous_size_id_acf43c9f" ON "transactions_material_history" ("previous_size_id");
CREATE INDEX IF NOT EXISTS "transactions_material_history_used_size_id_5945fcdb" ON "transactions_material_history" ("used_size_id");
CREATE INDEX IF NOT EXISTS "transactions_material_history_left_size_id_c03bef36" ON "transactions_material_history" ("left_size_id");
CREATE INDEX IF NOT EXISTS "transactions_material_history_product_qr_id_84d50666" ON "transactions_material_history" ("product_qr_id");
CREATE INDEX IF NOT EXISTS "transactions_material_history_project_id_e3029f67" ON "transactions_material_history" ("project_id");
CREATE INDEX IF NOT EXISTS "transactions_project_matarial_qr_project_material_id_20ed3eaa" ON "transactions_project_matarial_qr" ("project_material_id");
CREATE INDEX IF NOT EXISTS "transactions_project_matarial_qr_product_qr_id_ab37a9e8" ON "transactions_project_matarial_qr" ("product_qr_id");
CREATE INDEX IF NOT EXISTS "transactions_project_matarial_qr_cutter_id_07e273ff" ON "transactions_project_matarial_qr" ("cutter_id");
CREATE INDEX IF NOT EXISTS "transactions_project_matarial_production_item_code_id_a555bfd9" ON "transactions_project_matarial_production" ("item_code_id");
CREATE INDEX IF NOT EXISTS "transactions_project_matarial_production_project_matarial_qr_id_1abd37c8" ON "transactions_project_matarial_production" ("project_matarial_qr_id");
CREATE INDEX IF NOT EXISTS "transactions_project_matarial_production_project_id_2cad15c4" ON "transactions_project_matarial_production" ("project_id");
CREATE INDEX IF NOT EXISTS "store_product_qr_product_id_19457833" ON "store_product_qr" ("product_id");
CREATE INDEX IF NOT EXISTS "store_product_qr_supplier_id_3be6e7c2" ON "store_product_qr" ("supplier_id");
CREATE TABLE IF NOT EXISTS "transactions_project_matarial_production" ("id" integer NOT NULL PRIMARY KEY AUTOINCREMENT, "production_quantity" integer NULL, "item_code_id" integer NULL REFERENCES "store_item_code" ("id") DEFERRABLE INITIALLY DEFERRED, "project_matarial_qr_id" integer NULL REFERENCES "transactions_project_matarial_qr" ("id") DEFERRABLE INITIALLY DEFERRED, "project_id" integer NOT NULL REFERENCES "transactions_project" ("id") DEFERRABLE INITIALLY DEFERRED);
CREATE UNIQUE INDEX "django_content_type_app_label_model_76bd3d3b_uniq" ON "django_content_type" ("app_label", "model");
CREATE UNIQUE INDEX "auth_group_permissions_group_id_permission_id_0cd325b0_uniq" ON "auth_group_permissions" ("group_id", "permission_id");
CREATE INDEX IF NOT EXISTS "auth_group_permissions_group_id_b120cbf9" ON "auth_group_permissions" ("group_id");
CREATE INDEX IF NOT EXISTS "auth_group_permissions_permission_id_84c5c92e" ON "auth_group_permissions" ("permission_id");
CREATE UNIQUE INDEX "auth_permission_content_type_id_codename_01ab375a_uniq" ON "auth_permission" ("content_type_id", "codename");
CREATE INDEX IF NOT EXISTS "auth_permission_content_type_id_2f476e4b" ON "auth_permission" ("content_type_id");
CREATE UNIQUE INDEX "users_user_groups_user_id_group_id_b88eab82_uniq" ON "users_user_groups" ("user_id", "group_id");
CREATE INDEX IF NOT EXISTS "users_user_groups_user_id_5f6f5a90" ON "users_user_groups" ("user_id");
CREATE INDEX IF NOT EXISTS "users_user_groups_group_id_9afc8d0e" ON "users_user_groups" ("group_id");
CREATE UNIQUE INDEX "users_user_user_permissions_user_id_permission_id_43338c45_uniq" ON "users_user_user_permissions" ("user_id", "permission_id");
CREATE INDEX IF NOT EXISTS "users_user_user_permissions_user_id_20aca447" ON "users_user_user_permissions" ("user_id");
CREATE INDEX IF NOT EXISTS "users_user_user_permissions_permission_id_0b93982e" ON "users_user_user_permissions" ("permission_id");
CREATE INDEX IF NOT EXISTS "django_admin_log_content_type_id_c4bce8eb" ON "django_admin_log" ("content_type_id");
CREATE INDEX IF NOT EXISTS "django_admin_log_user_id_c564eba6" ON "django_admin_log" ("user_id");
CREATE INDEX IF NOT EXISTS "django_session_expire_date_a5c62663" ON "django_session" ("expire_date");
CREATE INDEX IF NOT EXISTS "transactions_request_material_category_id_84a65bcb" ON "transactions_request_material" ("category_id");
CREATE INDEX IF NOT EXISTS "transactions_request_material_customer_name_id_595ce75f" ON "transactions_request_material" ("customer_name_id");
CREATE INDEX IF NOT EXISTS "transactions_request_material_size_id_0af0ed04" ON "transactions_request_material" ("size_id");
CREATE INDEX IF NOT EXISTS "transactions_stock_product_id_a5d05ba3" ON "transactions_stock" ("product_id");
CREATE INDEX IF NOT EXISTS "transactions_left_over_stock_product_id_496e6726" ON "transactions_left_over_stock" ("product_id");
CREATE INDEX IF NOT EXISTS "transactions_scratch_stock_product_id_fc013c5d" ON "transactions_scratch_stock" ("product_id");
CREATE INDEX IF NOT EXISTS "store_product_category_id_574bae65" ON "store_product" ("category_id");
CREATE INDEX IF NOT EXISTS "store_product_size_id_838e791c" ON "store_product" ("size_id");
CREATE INDEX IF NOT EXISTS "store_product_grade_id_e91b7efe" ON "store_product" ("grade_id");
CREATE INDEX IF NOT EXISTS "store_product_thickness_id_15f9ec05" ON "store_product" ("thickness_id");
CREATE INDEX IF NOT EXISTS "transactions_project_material_project_id_90779194" ON "transactions_project_material" ("project_id");
CREATE INDEX IF NOT EXISTS "transactions_project_material_product_id_ab5b686d" ON "transactions_project_material" ("product_id");
CREATE INDEX IF NOT EXISTS "store_product_qr_shelf_product_qr_id_856813f2" ON "store_product_qr_shelf" ("product_qr_id");
CREATE INDEX IF NOT EXISTS "store_product_qr_shelf_shelf_id_fae05d95" ON "store_product_qr_shelf" ("shelf_id");
CREATE INDEX IF NOT EXISTS "transactions_project_employee_name_id_7b0a05fb" ON "transactions_project" ("employee_name_id");
CREATE INDEX IF NOT EXISTS "transactions_project_customer_id_486874c1" ON "transactions_project" ("customer_id");
CREATE INDEX IF NOT EXISTS "transactions_material_history_previous_size_id_acf43c9f" ON "transactions_material_history" ("previous_size_id");
CREATE INDEX IF NOT EXISTS "transactions_material_history_used_size_id_5945fcdb" ON "transactions_material_history" ("used_size_id");
CREATE INDEX IF NOT EXISTS "transactions_material_history_left_size_id_c03bef36" ON "transactions_material_history" ("left_size_id");
CREATE INDEX IF NOT EXISTS "transactions_material_history_product_qr_id_84d50666" ON "transactions_material_history" ("product_qr_id");
CREATE INDEX IF NOT EXISTS "transactions_material_history_project_id_e3029f67" ON "transactions_material_history" ("project_id");
CREATE INDEX IF NOT EXISTS "transactions_project_matarial_qr_project_material_id_20ed3eaa" ON "transactions_project_matarial_qr" ("project_material_id");
CREATE INDEX IF NOT EXISTS "transactions_project_matarial_qr_product_qr_id_ab37a9e8" ON "transactions_project_matarial_qr" ("product_qr_id");
CREATE INDEX IF NOT EXISTS "transactions_project_matarial_qr_cutter_id_07e273ff" ON "transactions_project_matarial_qr" ("cutter_id");
CREATE INDEX IF NOT EXISTS "transactions_project_matarial_production_item_code_id_a555bfd9" ON "transactions_project_matarial_production" ("item_code_id");
CREATE INDEX IF NOT EXISTS "transactions_project_matarial_production_project_matarial_qr_id_1abd37c8" ON "transactions_project_matarial_production" ("project_matarial_qr_id");
CREATE INDEX IF NOT EXISTS "transactions_project_matarial_production_project_id_2cad15c4" ON "transactions_project_matarial_production" ("project_id");
CREATE INDEX IF NOT EXISTS "store_product_qr_product_id_19457833" ON "store_product_qr" ("product_id");
CREATE INDEX IF NOT EXISTS "store_product_qr_supplier_id_3be6e7c2" ON "store_product_qr" ("supplier_id");
CREATE TABLE IF NOT EXISTS "transactions_project_matarial_qr" ("id" integer NOT NULL PRIMARY KEY AUTOINCREMENT, "project_material_id" integer NULL REFERENCES "transactions_project_material" ("id") DEFERRABLE INITIALLY DEFERRED, "product_qr_id" integer NULL REFERENCES "store_product_qr" ("id") DEFERRABLE INITIALLY DEFERRED, "cutter_id" integer NULL REFERENCES "store_cutter" ("id") DEFERRABLE INITIALLY DEFERRED);
INSERT INTO "transactions_project_matarial_qr" VALUES(34,34,NULL,NULL);
INSERT INTO "transactions_project_matarial_qr" VALUES(35,35,NULL,NULL);
INSERT INTO "transactions_project_matarial_qr" VALUES(36,36,NULL,NULL);
INSERT INTO "transactions_project_matarial_qr" VALUES(37,37,NULL,NULL);
INSERT INTO "transactions_project_matarial_qr" VALUES(38,38,NULL,NULL);
INSERT INTO "transactions_project_matarial_qr" VALUES(39,39,NULL,NULL);
INSERT INTO "transactions_project_matarial_qr" VALUES(40,40,NULL,NULL);
INSERT INTO "transactions_project_matarial_qr" VALUES(41,41,65,1);
CREATE UNIQUE INDEX "django_content_type_app_label_model_76bd3d3b_uniq" ON "django_content_type" ("app_label", "model");
CREATE UNIQUE INDEX "auth_group_permissions_group_id_permission_id_0cd325b0_uniq" ON "auth_group_permissions" ("group_id", "permission_id");
CREATE INDEX IF NOT EXISTS "auth_group_permissions_group_id_b120cbf9" ON "auth_group_permissions" ("group_id");
CREATE INDEX IF NOT EXISTS "auth_group_permissions_permission_id_84c5c92e" ON "auth_group_permissions" ("permission_id");
CREATE UNIQUE INDEX "auth_permission_content_type_id_codename_01ab375a_uniq" ON "auth_permission" ("content_type_id", "codename");
CREATE INDEX IF NOT EXISTS "auth_permission_content_type_id_2f476e4b" ON "auth_permission" ("content_type_id");
CREATE UNIQUE INDEX "users_user_groups_user_id_group_id_b88eab82_uniq" ON "users_user_groups" ("user_id", "group_id");
CREATE INDEX IF NOT EXISTS "users_user_groups_user_id_5f6f5a90" ON "users_user_groups" ("user_id");
CREATE INDEX IF NOT EXISTS "users_user_groups_group_id_9afc8d0e" ON "users_user_groups" ("group_id");
CREATE UNIQUE INDEX "users_user_user_permissions_user_id_permission_id_43338c45_uniq" ON "users_user_user_permissions" ("user_id", "permission_id");
CREATE INDEX IF NOT EXISTS "users_user_user_permissions_user_id_20aca447" ON "users_user_user_permissions" ("user_id");
CREATE INDEX IF NOT EXISTS "users_user_user_permissions_permission_id_0b93982e" ON "users_user_user_permissions" ("permission_id");
CREATE INDEX IF NOT EXISTS "django_admin_log_content_type_id_c4bce8eb" ON "django_admin_log" ("content_type_id");
CREATE INDEX IF NOT EXISTS "django_admin_log_user_id_c564eba6" ON "django_admin_log" ("user_id");
CREATE INDEX IF NOT EXISTS "django_session_expire_date_a5c62663" ON "django_session" ("expire_date");
CREATE INDEX IF NOT EXISTS "transactions_request_material_category_id_84a65bcb" ON "transactions_request_material" ("category_id");
CREATE INDEX IF NOT EXISTS "transactions_request_material_customer_name_id_595ce75f" ON "transactions_request_material" ("customer_name_id");
CREATE INDEX IF NOT EXISTS "transactions_request_material_size_id_0af0ed04" ON "transactions_request_material" ("size_id");
CREATE INDEX IF NOT EXISTS "transactions_stock_product_id_a5d05ba3" ON "transactions_stock" ("product_id");
CREATE INDEX IF NOT EXISTS "transactions_left_over_stock_product_id_496e6726" ON "transactions_left_over_stock" ("product_id");
CREATE INDEX IF NOT EXISTS "transactions_scratch_stock_product_id_fc013c5d" ON "transactions_scratch_stock" ("product_id");
CREATE INDEX IF NOT EXISTS "store_product_category_id_574bae65" ON "store_product" ("category_id");
CREATE INDEX IF NOT EXISTS "store_product_size_id_838e791c" ON "store_product" ("size_id");
CREATE INDEX IF NOT EXISTS "store_product_grade_id_e91b7efe" ON "store_product" ("grade_id");
CREATE INDEX IF NOT EXISTS "store_product_thickness_id_15f9ec05" ON "store_product" ("thickness_id");
CREATE INDEX IF NOT EXISTS "transactions_project_material_project_id_90779194" ON "transactions_project_material" ("project_id");
CREATE INDEX IF NOT EXISTS "transactions_project_material_product_id_ab5b686d" ON "transactions_project_material" ("product_id");
CREATE INDEX IF NOT EXISTS "store_product_qr_shelf_product_qr_id_856813f2" ON "store_product_qr_shelf" ("product_qr_id");
CREATE INDEX IF NOT EXISTS "store_product_qr_shelf_shelf_id_fae05d95" ON "store_product_qr_shelf" ("shelf_id");
CREATE INDEX IF NOT EXISTS "transactions_project_employee_name_id_7b0a05fb" ON "transactions_project" ("employee_name_id");
CREATE INDEX IF NOT EXISTS "transactions_project_customer_id_486874c1" ON "transactions_project" ("customer_id");
CREATE INDEX IF NOT EXISTS "transactions_material_history_previous_size_id_acf43c9f" ON "transactions_material_history" ("previous_size_id");
CREATE INDEX IF NOT EXISTS "transactions_material_history_used_size_id_5945fcdb" ON "transactions_material_history" ("used_size_id");
CREATE INDEX IF NOT EXISTS "transactions_material_history_left_size_id_c03bef36" ON "transactions_material_history" ("left_size_id");
CREATE INDEX IF NOT EXISTS "transactions_material_history_product_qr_id_84d50666" ON "transactions_material_history" ("product_qr_id");
CREATE INDEX IF NOT EXISTS "transactions_material_history_project_id_e3029f67" ON "transactions_material_history" ("project_id");
CREATE INDEX IF NOT EXISTS "transactions_project_matarial_qr_project_material_id_20ed3eaa" ON "transactions_project_matarial_qr" ("project_material_id");
CREATE INDEX IF NOT EXISTS "transactions_project_matarial_qr_product_qr_id_ab37a9e8" ON "transactions_project_matarial_qr" ("product_qr_id");
CREATE INDEX IF NOT EXISTS "transactions_project_matarial_qr_cutter_id_07e273ff" ON "transactions_project_matarial_qr" ("cutter_id");
CREATE INDEX IF NOT EXISTS "transactions_project_matarial_production_item_code_id_a555bfd9" ON "transactions_project_matarial_production" ("item_code_id");
CREATE INDEX IF NOT EXISTS "transactions_project_matarial_production_project_matarial_qr_id_1abd37c8" ON "transactions_project_matarial_production" ("project_matarial_qr_id");
CREATE INDEX IF NOT EXISTS "transactions_project_matarial_production_project_id_2cad15c4" ON "transactions_project_matarial_production" ("project_id");
CREATE INDEX IF NOT EXISTS "store_product_qr_product_id_19457833" ON "store_product_qr" ("product_id");
CREATE INDEX IF NOT EXISTS "store_product_qr_supplier_id_3be6e7c2" ON "store_product_qr" ("supplier_id");
CREATE TABLE IF NOT EXISTS "transactions_project_material" ("id" integer NOT NULL PRIMARY KEY AUTOINCREMENT, "project_id" integer NOT NULL REFERENCES "transactions_project" ("id") DEFERRABLE INITIALLY DEFERRED, "product_id" integer NOT NULL REFERENCES "store_product" ("id") DEFERRABLE INITIALLY DEFERRED, "quantity" integer NOT NULL, "sheet_no" integer NOT NULL);
INSERT INTO "transactions_project_material" VALUES(33,4,72,1,64);
INSERT INTO "transactions_project_material" VALUES(34,4,72,1,64);
INSERT INTO "transactions_project_material" VALUES(35,5,72,1,64);
INSERT INTO "transactions_project_material" VALUES(36,6,75,1,65);
INSERT INTO "transactions_project_material" VALUES(37,8,75,1,65);
INSERT INTO "transactions_project_material" VALUES(38,9,75,1,65);
INSERT INTO "transactions_project_material" VALUES(39,10,75,1,65);
INSERT INTO "transactions_project_material" VALUES(40,11,75,1,65);
INSERT INTO "transactions_project_material" VALUES(41,12,75,1,65);
CREATE UNIQUE INDEX "django_content_type_app_label_model_76bd3d3b_uniq" ON "django_content_type" ("app_label", "model");
CREATE UNIQUE INDEX "auth_group_permissions_group_id_permission_id_0cd325b0_uniq" ON "auth_group_permissions" ("group_id", "permission_id");
CREATE INDEX IF NOT EXISTS "auth_group_permissions_group_id_b120cbf9" ON "auth_group_permissions" ("group_id");
CREATE INDEX IF NOT EXISTS "auth_group_permissions_permission_id_84c5c92e" ON "auth_group_permissions" ("permission_id");
CREATE UNIQUE INDEX "auth_permission_content_type_id_codename_01ab375a_uniq" ON "auth_permission" ("content_type_id", "codename");
CREATE INDEX IF NOT EXISTS "auth_permission_content_type_id_2f476e4b" ON "auth_permission" ("content_type_id");
CREATE UNIQUE INDEX "users_user_groups_user_id_group_id_b88eab82_uniq" ON "users_user_groups" ("user_id", "group_id");
CREATE INDEX IF NOT EXISTS "users_user_groups_user_id_5f6f5a90" ON "users_user_groups" ("user_id");
CREATE INDEX IF NOT EXISTS "users_user_groups_group_id_9afc8d0e" ON "users_user_groups" ("group_id");
CREATE UNIQUE INDEX "users_user_user_permissions_user_id_permission_id_43338c45_uniq" ON "users_user_user_permissions" ("user_id", "permission_id");
CREATE INDEX IF NOT EXISTS "users_user_user_permissions_user_id_20aca447" ON "users_user_user_permissions" ("user_id");
CREATE INDEX IF NOT EXISTS "users_user_user_permissions_permission_id_0b93982e" ON "users_user_user_permissions" ("permission_id");
CREATE INDEX IF NOT EXISTS "django_admin_log_content_type_id_c4bce8eb" ON "django_admin_log" ("content_type_id");
CREATE INDEX IF NOT EXISTS "django_admin_log_user_id_c564eba6" ON "django_admin_log" ("user_id");
CREATE INDEX IF NOT EXISTS "django_session_expire_date_a5c62663" ON "django_session" ("expire_date");
CREATE INDEX IF NOT EXISTS "transactions_request_material_category_id_84a65bcb" ON "transactions_request_material" ("category_id");
CREATE INDEX IF NOT EXISTS "transactions_request_material_customer_name_id_595ce75f" ON "transactions_request_material" ("customer_name_id");
CREATE INDEX IF NOT EXISTS "transactions_request_material_size_id_0af0ed04" ON "transactions_request_material" ("size_id");
CREATE INDEX IF NOT EXISTS "transactions_stock_product_id_a5d05ba3" ON "transactions_stock" ("product_id");
CREATE INDEX IF NOT EXISTS "transactions_left_over_stock_product_id_496e6726" ON "transactions_left_over_stock" ("product_id");
CREATE INDEX IF NOT EXISTS "transactions_scratch_stock_product_id_fc013c5d" ON "transactions_scratch_stock" ("product_id");
CREATE INDEX IF NOT EXISTS "store_product_category_id_574bae65" ON "store_product" ("category_id");
CREATE INDEX IF NOT EXISTS "store_product_size_id_838e791c" ON "store_product" ("size_id");
CREATE INDEX IF NOT EXISTS "store_product_grade_id_e91b7efe" ON "store_product" ("grade_id");
CREATE INDEX IF NOT EXISTS "store_product_thickness_id_15f9ec05" ON "store_product" ("thickness_id");
CREATE INDEX IF NOT EXISTS "transactions_project_material_project_id_90779194" ON "transactions_project_material" ("project_id");
CREATE INDEX IF NOT EXISTS "transactions_project_material_product_id_ab5b686d" ON "transactions_project_material" ("product_id");
CREATE INDEX IF NOT EXISTS "store_product_qr_shelf_product_qr_id_856813f2" ON "store_product_qr_shelf" ("product_qr_id");
CREATE INDEX IF NOT EXISTS "store_product_qr_shelf_shelf_id_fae05d95" ON "store_product_qr_shelf" ("shelf_id");
CREATE INDEX IF NOT EXISTS "transactions_project_employee_name_id_7b0a05fb" ON "transactions_project" ("employee_name_id");
CREATE INDEX IF NOT EXISTS "transactions_project_customer_id_486874c1" ON "transactions_project" ("customer_id");
CREATE INDEX IF NOT EXISTS "transactions_material_history_previous_size_id_acf43c9f" ON "transactions_material_history" ("previous_size_id");
CREATE INDEX IF NOT EXISTS "transactions_material_history_used_size_id_5945fcdb" ON "transactions_material_history" ("used_size_id");
CREATE INDEX IF NOT EXISTS "transactions_material_history_left_size_id_c03bef36" ON "transactions_material_history" ("left_size_id");
CREATE INDEX IF NOT EXISTS "transactions_material_history_product_qr_id_84d50666" ON "transactions_material_history" ("product_qr_id");
CREATE INDEX IF NOT EXISTS "transactions_material_history_project_id_e3029f67" ON "transactions_material_history" ("project_id");
CREATE INDEX IF NOT EXISTS "transactions_project_matarial_qr_project_material_id_20ed3eaa" ON "transactions_project_matarial_qr" ("project_material_id");
CREATE INDEX IF NOT EXISTS "transactions_project_matarial_qr_product_qr_id_ab37a9e8" ON "transactions_project_matarial_qr" ("product_qr_id");
CREATE INDEX IF NOT EXISTS "transactions_project_matarial_qr_cutter_id_07e273ff" ON "transactions_project_matarial_qr" ("cutter_id");
CREATE INDEX IF NOT EXISTS "transactions_project_matarial_production_item_code_id_a555bfd9" ON "transactions_project_matarial_production" ("item_code_id");
CREATE INDEX IF NOT EXISTS "transactions_project_matarial_production_project_matarial_qr_id_1abd37c8" ON "transactions_project_matarial_production" ("project_matarial_qr_id");
CREATE INDEX IF NOT EXISTS "transactions_project_matarial_production_project_id_2cad15c4" ON "transactions_project_matarial_production" ("project_id");
CREATE INDEX IF NOT EXISTS "store_product_qr_product_id_19457833" ON "store_product_qr" ("product_id");
CREATE INDEX IF NOT EXISTS "store_product_qr_supplier_id_3be6e7c2" ON "store_product_qr" ("supplier_id");
CREATE TABLE IF NOT EXISTS "transactions_request_material" ("id" integer NOT NULL PRIMARY KEY AUTOINCREMENT, "employee_name" varchar(50) NULL, "bags" bigint NOT NULL, "DC_number" varchar(50) NOT NULL, "DC_date" date NOT NULL, "category_id" integer NOT NULL REFERENCES "store_category" ("id") DEFERRABLE INITIALLY DEFERRED, "customer_name_id" integer NOT NULL REFERENCES "store_customer" ("id") DEFERRABLE INITIALLY DEFERRED, "size_id" integer NOT NULL REFERENCES "store_size" ("id") DEFERRABLE INITIALLY DEFERRED);
CREATE UNIQUE INDEX "django_content_type_app_label_model_76bd3d3b_uniq" ON "django_content_type" ("app_label", "model");
CREATE UNIQUE INDEX "auth_group_permissions_group_id_permission_id_0cd325b0_uniq" ON "auth_group_permissions" ("group_id", "permission_id");
CREATE INDEX IF NOT EXISTS "auth_group_permissions_group_id_b120cbf9" ON "auth_group_permissions" ("group_id");
CREATE INDEX IF NOT EXISTS "auth_group_permissions_permission_id_84c5c92e" ON "auth_group_permissions" ("permission_id");
CREATE UNIQUE INDEX "auth_permission_content_type_id_codename_01ab375a_uniq" ON "auth_permission" ("content_type_id", "codename");
CREATE INDEX IF NOT EXISTS "auth_permission_content_type_id_2f476e4b" ON "auth_permission" ("content_type_id");
CREATE UNIQUE INDEX "users_user_groups_user_id_group_id_b88eab82_uniq" ON "users_user_groups" ("user_id", "group_id");
CREATE INDEX IF NOT EXISTS "users_user_groups_user_id_5f6f5a90" ON "users_user_groups" ("user_id");
CREATE INDEX IF NOT EXISTS "users_user_groups_group_id_9afc8d0e" ON "users_user_groups" ("group_id");
CREATE UNIQUE INDEX "users_user_user_permissions_user_id_permission_id_43338c45_uniq" ON "users_user_user_permissions" ("user_id", "permission_id");
CREATE INDEX IF NOT EXISTS "users_user_user_permissions_user_id_20aca447" ON "users_user_user_permissions" ("user_id");
CREATE INDEX IF NOT EXISTS "users_user_user_permissions_permission_id_0b93982e" ON "users_user_user_permissions" ("permission_id");
CREATE INDEX IF NOT EXISTS "django_admin_log_content_type_id_c4bce8eb" ON "django_admin_log" ("content_type_id");
CREATE INDEX IF NOT EXISTS "django_admin_log_user_id_c564eba6" ON "django_admin_log" ("user_id");
CREATE INDEX IF NOT EXISTS "django_session_expire_date_a5c62663" ON "django_session" ("expire_date");
CREATE INDEX IF NOT EXISTS "transactions_request_material_category_id_84a65bcb" ON "transactions_request_material" ("category_id");
CREATE INDEX IF NOT EXISTS "transactions_request_material_customer_name_id_595ce75f" ON "transactions_request_material" ("customer_name_id");
CREATE INDEX IF NOT EXISTS "transactions_request_material_size_id_0af0ed04" ON "transactions_request_material" ("size_id");
CREATE INDEX IF NOT EXISTS "transactions_stock_product_id_a5d05ba3" ON "transactions_stock" ("product_id");
CREATE INDEX IF NOT EXISTS "transactions_left_over_stock_product_id_496e6726" ON "transactions_left_over_stock" ("product_id");
CREATE INDEX IF NOT EXISTS "transactions_scratch_stock_product_id_fc013c5d" ON "transactions_scratch_stock" ("product_id");
CREATE INDEX IF NOT EXISTS "store_product_category_id_574bae65" ON "store_product" ("category_id");
CREATE INDEX IF NOT EXISTS "store_product_size_id_838e791c" ON "store_product" ("size_id");
CREATE INDEX IF NOT EXISTS "store_product_grade_id_e91b7efe" ON "store_product" ("grade_id");
CREATE INDEX IF NOT EXISTS "store_product_thickness_id_15f9ec05" ON "store_product" ("thickness_id");
CREATE INDEX IF NOT EXISTS "transactions_project_material_project_id_90779194" ON "transactions_project_material" ("project_id");
CREATE INDEX IF NOT EXISTS "transactions_project_material_product_id_ab5b686d" ON "transactions_project_material" ("product_id");
CREATE INDEX IF NOT EXISTS "store_product_qr_shelf_product_qr_id_856813f2" ON "store_product_qr_shelf" ("product_qr_id");
CREATE INDEX IF NOT EXISTS "store_product_qr_shelf_shelf_id_fae05d95" ON "store_product_qr_shelf" ("shelf_id");
CREATE INDEX IF NOT EXISTS "transactions_project_employee_name_id_7b0a05fb" ON "transactions_project" ("employee_name_id");
CREATE INDEX IF NOT EXISTS "transactions_project_customer_id_486874c1" ON "transactions_project" ("customer_id");
CREATE INDEX IF NOT EXISTS "transactions_material_history_previous_size_id_acf43c9f" ON "transactions_material_history" ("previous_size_id");
CREATE INDEX IF NOT EXISTS "transactions_material_history_used_size_id_5945fcdb" ON "transactions_material_history" ("used_size_id");
CREATE INDEX IF NOT EXISTS "transactions_material_history_left_size_id_c03bef36" ON "transactions_material_history" ("left_size_id");
CREATE INDEX IF NOT EXISTS "transactions_material_history_product_qr_id_84d50666" ON "transactions_material_history" ("product_qr_id");
CREATE INDEX IF NOT EXISTS "transactions_material_history_project_id_e3029f67" ON "transactions_material_history" ("project_id");
CREATE INDEX IF NOT EXISTS "transactions_project_matarial_qr_project_material_id_20ed3eaa" ON "transactions_project_matarial_qr" ("project_material_id");
CREATE INDEX IF NOT EXISTS "transactions_project_matarial_qr_product_qr_id_ab37a9e8" ON "transactions_project_matarial_qr" ("product_qr_id");
CREATE INDEX IF NOT EXISTS "transactions_project_matarial_qr_cutter_id_07e273ff" ON "transactions_project_matarial_qr" ("cutter_id");
CREATE INDEX IF NOT EXISTS "transactions_project_matarial_production_item_code_id_a555bfd9" ON "transactions_project_matarial_production" ("item_code_id");
CREATE INDEX IF NOT EXISTS "transactions_project_matarial_production_project_matarial_qr_id_1abd37c8" ON "transactions_project_matarial_production" ("project_matarial_qr_id");
CREATE INDEX IF NOT EXISTS "transactions_project_matarial_production_project_id_2cad15c4" ON "transactions_project_matarial_production" ("project_id");
CREATE INDEX IF NOT EXISTS "store_product_qr_product_id_19457833" ON "store_product_qr" ("product_id");
CREATE INDEX IF NOT EXISTS "store_product_qr_supplier_id_3be6e7c2" ON "store_product_qr" ("supplier_id");
CREATE TABLE IF NOT EXISTS "transactions_scratch_stock" ("id" integer NOT NULL PRIMARY KEY AUTOINCREMENT, "quantity" bigint NULL, "updated_at" datetime NOT NULL, "product_id" integer NOT NULL REFERENCES "store_product" ("id") DEFERRABLE INITIALLY DEFERRED);
CREATE UNIQUE INDEX "django_content_type_app_label_model_76bd3d3b_uniq" ON "django_content_type" ("app_label", "model");
CREATE UNIQUE INDEX "auth_group_permissions_group_id_permission_id_0cd325b0_uniq" ON "auth_group_permissions" ("group_id", "permission_id");
CREATE INDEX IF NOT EXISTS "auth_group_permissions_group_id_b120cbf9" ON "auth_group_permissions" ("group_id");
CREATE INDEX IF NOT EXISTS "auth_group_permissions_permission_id_84c5c92e" ON "auth_group_permissions" ("permission_id");
CREATE UNIQUE INDEX "auth_permission_content_type_id_codename_01ab375a_uniq" ON "auth_permission" ("content_type_id", "codename");
CREATE INDEX IF NOT EXISTS "auth_permission_content_type_id_2f476e4b" ON "auth_permission" ("content_type_id");
CREATE UNIQUE INDEX "users_user_groups_user_id_group_id_b88eab82_uniq" ON "users_user_groups" ("user_id", "group_id");
CREATE INDEX IF NOT EXISTS "users_user_groups_user_id_5f6f5a90" ON "users_user_groups" ("user_id");
CREATE INDEX IF NOT EXISTS "users_user_groups_group_id_9afc8d0e" ON "users_user_groups" ("group_id");
CREATE UNIQUE INDEX "users_user_user_permissions_user_id_permission_id_43338c45_uniq" ON "users_user_user_permissions" ("user_id", "permission_id");
CREATE INDEX IF NOT EXISTS "users_user_user_permissions_user_id_20aca447" ON "users_user_user_permissions" ("user_id");
CREATE INDEX IF NOT EXISTS "users_user_user_permissions_permission_id_0b93982e" ON "users_user_user_permissions" ("permission_id");
CREATE INDEX IF NOT EXISTS "django_admin_log_content_type_id_c4bce8eb" ON "django_admin_log" ("content_type_id");
CREATE INDEX IF NOT EXISTS "django_admin_log_user_id_c564eba6" ON "django_admin_log" ("user_id");
CREATE INDEX IF NOT EXISTS "django_session_expire_date_a5c62663" ON "django_session" ("expire_date");
CREATE INDEX IF NOT EXISTS "transactions_request_material_category_id_84a65bcb" ON "transactions_request_material" ("category_id");
CREATE INDEX IF NOT EXISTS "transactions_request_material_customer_name_id_595ce75f" ON "transactions_request_material" ("customer_name_id");
CREATE INDEX IF NOT EXISTS "transactions_request_material_size_id_0af0ed04" ON "transactions_request_material" ("size_id");
CREATE INDEX IF NOT EXISTS "transactions_stock_product_id_a5d05ba3" ON "transactions_stock" ("product_id");
CREATE INDEX IF NOT EXISTS "transactions_left_over_stock_product_id_496e6726" ON "transactions_left_over_stock" ("product_id");
CREATE INDEX IF NOT EXISTS "transactions_scratch_stock_product_id_fc013c5d" ON "transactions_scratch_stock" ("product_id");
CREATE INDEX IF NOT EXISTS "store_product_category_id_574bae65" ON "store_product" ("category_id");
CREATE INDEX IF NOT EXISTS "store_product_size_id_838e791c" ON "store_product" ("size_id");
CREATE INDEX IF NOT EXISTS "store_product_grade_id_e91b7efe" ON "store_product" ("grade_id");
CREATE INDEX IF NOT EXISTS "store_product_thickness_id_15f9ec05" ON "store_product" ("thickness_id");
CREATE INDEX IF NOT EXISTS "transactions_project_material_project_id_90779194" ON "transactions_project_material" ("project_id");
CREATE INDEX IF NOT EXISTS "transactions_project_material_product_id_ab5b686d" ON "transactions_project_material" ("product_id");
CREATE INDEX IF NOT EXISTS "store_product_qr_shelf_product_qr_id_856813f2" ON "store_product_qr_shelf" ("product_qr_id");
CREATE INDEX IF NOT EXISTS "store_product_qr_shelf_shelf_id_fae05d95" ON "store_product_qr_shelf" ("shelf_id");
CREATE INDEX IF NOT EXISTS "transactions_project_employee_name_id_7b0a05fb" ON "transactions_project" ("employee_name_id");
CREATE INDEX IF NOT EXISTS "transactions_project_customer_id_486874c1" ON "transactions_project" ("customer_id");
CREATE INDEX IF NOT EXISTS "transactions_material_history_previous_size_id_acf43c9f" ON "transactions_material_history" ("previous_size_id");
CREATE INDEX IF NOT EXISTS "transactions_material_history_used_size_id_5945fcdb" ON "transactions_material_history" ("used_size_id");
CREATE INDEX IF NOT EXISTS "transactions_material_history_left_size_id_c03bef36" ON "transactions_material_history" ("left_size_id");
CREATE INDEX IF NOT EXISTS "transactions_material_history_product_qr_id_84d50666" ON "transactions_material_history" ("product_qr_id");
CREATE INDEX IF NOT EXISTS "transactions_material_history_project_id_e3029f67" ON "transactions_material_history" ("project_id");
CREATE INDEX IF NOT EXISTS "transactions_project_matarial_qr_project_material_id_20ed3eaa" ON "transactions_project_matarial_qr" ("project_material_id");
CREATE INDEX IF NOT EXISTS "transactions_project_matarial_qr_product_qr_id_ab37a9e8" ON "transactions_project_matarial_qr" ("product_qr_id");
CREATE INDEX IF NOT EXISTS "transactions_project_matarial_qr_cutter_id_07e273ff" ON "transactions_project_matarial_qr" ("cutter_id");
CREATE INDEX IF NOT EXISTS "transactions_project_matarial_production_item_code_id_a555bfd9" ON "transactions_project_matarial_production" ("item_code_id");
CREATE INDEX IF NOT EXISTS "transactions_project_matarial_production_project_matarial_qr_id_1abd37c8" ON "transactions_project_matarial_production" ("project_matarial_qr_id");
CREATE INDEX IF NOT EXISTS "transactions_project_matarial_production_project_id_2cad15c4" ON "transactions_project_matarial_production" ("project_id");
CREATE INDEX IF NOT EXISTS "store_product_qr_product_id_19457833" ON "store_product_qr" ("product_id");
CREATE INDEX IF NOT EXISTS "store_product_qr_supplier_id_3be6e7c2" ON "store_product_qr" ("supplier_id");
CREATE TABLE IF NOT EXISTS "transactions_stock" ("id" integer NOT NULL PRIMARY KEY AUTOINCREMENT, "updated_at" datetime NOT NULL, "product_id" integer NOT NULL REFERENCES "store_product" ("id") DEFERRABLE INITIALLY DEFERRED, "quantity" bigint NULL);
INSERT INTO "transactions_stock" VALUES(35,'2023-09-24 19:58:49.486773',66,3);
INSERT INTO "transactions_stock" VALUES(36,'2023-09-24 19:37:07.217604',78,1);
INSERT INTO "transactions_stock" VALUES(37,'2023-09-24 20:10:34.778537',71,2);
INSERT INTO "transactions_stock" VALUES(38,'2023-09-24 19:38:12.257835',79,1);
INSERT INTO "transactions_stock" VALUES(39,'2023-09-24 19:48:31.854780',80,1);
INSERT INTO "transactions_stock" VALUES(40,'2023-09-24 19:49:47.309578',81,1);
INSERT INTO "transactions_stock" VALUES(41,'2023-09-24 19:56:29.365749',82,0);
INSERT INTO "transactions_stock" VALUES(42,'2023-09-24 19:57:07.205942',83,1);
INSERT INTO "transactions_stock" VALUES(43,'2023-09-24 19:57:25.478603',84,0);
INSERT INTO "transactions_stock" VALUES(44,'2023-09-24 19:59:00.956499',85,1);
INSERT INTO "transactions_stock" VALUES(45,'2023-09-24 20:00:42.654346',86,1);
INSERT INTO "transactions_stock" VALUES(46,'2023-09-24 20:02:23.058016',87,1);
INSERT INTO "transactions_stock" VALUES(47,'2023-09-26 07:22:20.998552',75,0);
INSERT INTO "transactions_stock" VALUES(48,'2023-09-25 17:08:53.777103',76,2);
CREATE UNIQUE INDEX "django_content_type_app_label_model_76bd3d3b_uniq" ON "django_content_type" ("app_label", "model");
CREATE UNIQUE INDEX "auth_group_permissions_group_id_permission_id_0cd325b0_uniq" ON "auth_group_permissions" ("group_id", "permission_id");
CREATE INDEX IF NOT EXISTS "auth_group_permissions_group_id_b120cbf9" ON "auth_group_permissions" ("group_id");
CREATE INDEX IF NOT EXISTS "auth_group_permissions_permission_id_84c5c92e" ON "auth_group_permissions" ("permission_id");
CREATE UNIQUE INDEX "auth_permission_content_type_id_codename_01ab375a_uniq" ON "auth_permission" ("content_type_id", "codename");
CREATE INDEX IF NOT EXISTS "auth_permission_content_type_id_2f476e4b" ON "auth_permission" ("content_type_id");
CREATE UNIQUE INDEX "users_user_groups_user_id_group_id_b88eab82_uniq" ON "users_user_groups" ("user_id", "group_id");
CREATE INDEX IF NOT EXISTS "users_user_groups_user_id_5f6f5a90" ON "users_user_groups" ("user_id");
CREATE INDEX IF NOT EXISTS "users_user_groups_group_id_9afc8d0e" ON "users_user_groups" ("group_id");
CREATE UNIQUE INDEX "users_user_user_permissions_user_id_permission_id_43338c45_uniq" ON "users_user_user_permissions" ("user_id", "permission_id");
CREATE INDEX IF NOT EXISTS "users_user_user_permissions_user_id_20aca447" ON "users_user_user_permissions" ("user_id");
CREATE INDEX IF NOT EXISTS "users_user_user_permissions_permission_id_0b93982e" ON "users_user_user_permissions" ("permission_id");
CREATE INDEX IF NOT EXISTS "django_admin_log_content_type_id_c4bce8eb" ON "django_admin_log" ("content_type_id");
CREATE INDEX IF NOT EXISTS "django_admin_log_user_id_c564eba6" ON "django_admin_log" ("user_id");
CREATE INDEX IF NOT EXISTS "django_session_expire_date_a5c62663" ON "django_session" ("expire_date");
CREATE INDEX IF NOT EXISTS "transactions_request_material_category_id_84a65bcb" ON "transactions_request_material" ("category_id");
CREATE INDEX IF NOT EXISTS "transactions_request_material_customer_name_id_595ce75f" ON "transactions_request_material" ("customer_name_id");
CREATE INDEX IF NOT EXISTS "transactions_request_material_size_id_0af0ed04" ON "transactions_request_material" ("size_id");
CREATE INDEX IF NOT EXISTS "transactions_stock_product_id_a5d05ba3" ON "transactions_stock" ("product_id");
CREATE INDEX IF NOT EXISTS "transactions_left_over_stock_product_id_496e6726" ON "transactions_left_over_stock" ("product_id");
CREATE INDEX IF NOT EXISTS "transactions_scratch_stock_product_id_fc013c5d" ON "transactions_scratch_stock" ("product_id");
CREATE INDEX IF NOT EXISTS "store_product_category_id_574bae65" ON "store_product" ("category_id");
CREATE INDEX IF NOT EXISTS "store_product_size_id_838e791c" ON "store_product" ("size_id");
CREATE INDEX IF NOT EXISTS "store_product_grade_id_e91b7efe" ON "store_product" ("grade_id");
CREATE INDEX IF NOT EXISTS "store_product_thickness_id_15f9ec05" ON "store_product" ("thickness_id");
CREATE INDEX IF NOT EXISTS "transactions_project_material_project_id_90779194" ON "transactions_project_material" ("project_id");
CREATE INDEX IF NOT EXISTS "transactions_project_material_product_id_ab5b686d" ON "transactions_project_material" ("product_id");
CREATE INDEX IF NOT EXISTS "store_product_qr_shelf_product_qr_id_856813f2" ON "store_product_qr_shelf" ("product_qr_id");
CREATE INDEX IF NOT EXISTS "store_product_qr_shelf_shelf_id_fae05d95" ON "store_product_qr_shelf" ("shelf_id");
CREATE INDEX IF NOT EXISTS "transactions_project_employee_name_id_7b0a05fb" ON "transactions_project" ("employee_name_id");
CREATE INDEX IF NOT EXISTS "transactions_project_customer_id_486874c1" ON "transactions_project" ("customer_id");
CREATE INDEX IF NOT EXISTS "transactions_material_history_previous_size_id_acf43c9f" ON "transactions_material_history" ("previous_size_id");
CREATE INDEX IF NOT EXISTS "transactions_material_history_used_size_id_5945fcdb" ON "transactions_material_history" ("used_size_id");
CREATE INDEX IF NOT EXISTS "transactions_material_history_left_size_id_c03bef36" ON "transactions_material_history" ("left_size_id");
CREATE INDEX IF NOT EXISTS "transactions_material_history_product_qr_id_84d50666" ON "transactions_material_history" ("product_qr_id");
CREATE INDEX IF NOT EXISTS "transactions_material_history_project_id_e3029f67" ON "transactions_material_history" ("project_id");
CREATE INDEX IF NOT EXISTS "transactions_project_matarial_qr_project_material_id_20ed3eaa" ON "transactions_project_matarial_qr" ("project_material_id");
CREATE INDEX IF NOT EXISTS "transactions_project_matarial_qr_product_qr_id_ab37a9e8" ON "transactions_project_matarial_qr" ("product_qr_id");
CREATE INDEX IF NOT EXISTS "transactions_project_matarial_qr_cutter_id_07e273ff" ON "transactions_project_matarial_qr" ("cutter_id");
CREATE INDEX IF NOT EXISTS "transactions_project_matarial_production_item_code_id_a555bfd9" ON "transactions_project_matarial_production" ("item_code_id");
CREATE INDEX IF NOT EXISTS "transactions_project_matarial_production_project_matarial_qr_id_1abd37c8" ON "transactions_project_matarial_production" ("project_matarial_qr_id");
CREATE INDEX IF NOT EXISTS "transactions_project_matarial_production_project_id_2cad15c4" ON "transactions_project_matarial_production" ("project_id");
CREATE INDEX IF NOT EXISTS "store_product_qr_product_id_19457833" ON "store_product_qr" ("product_id");
CREATE INDEX IF NOT EXISTS "store_product_qr_supplier_id_3be6e7c2" ON "store_product_qr" ("supplier_id");
CREATE TABLE IF NOT EXISTS "users_user" ("id" integer NOT NULL PRIMARY KEY AUTOINCREMENT, "password" varchar(128) NOT NULL, "last_login" datetime NULL, "is_superuser" bool NOT NULL, "username" varchar(150) NOT NULL UNIQUE, "first_name" varchar(150) NOT NULL, "last_name" varchar(150) NOT NULL, "email" varchar(254) NOT NULL, "is_staff" bool NOT NULL, "is_active" bool NOT NULL, "date_joined" datetime NOT NULL, "is_admin" bool NOT NULL, "is_reception" bool NOT NULL, "is_accounts" bool NOT NULL, "is_designer" bool NOT NULL, "is_cutter" bool NOT NULL);
INSERT INTO "users_user" VALUES(1,'pbkdf2_sha256$390000$xC3PowaaFH4Kv8M8GLxiDv$AcJhNdSyelXAj8E6MrySY0ct3+O2nYawMjx9GIscoQ8=','2023-09-25 09:04:05.134100',1,'admin','','','admin@gmail.com',1,1,'2023-09-09 08:57:34',0,0,0,0,0);
INSERT INTO "users_user" VALUES(2,'pbkdf2_sha256$260000$chZTQisinkrK4LYem2vG7Z$78vZcdqA3ilWzTWqFazB/6o/+BVq+vlW/L9KDf/KpOQ=','2023-09-11 21:35:00.757496',0,'designer','','','',0,1,'2023-09-11 20:15:38.010274',0,0,0,1,0);
INSERT INTO "users_user" VALUES(3,'pbkdf2_sha256$390000$UGtgWUSdeQo7VugqKc9wel$dN0XCdTvM9HggNGeC7g5Jhn3s5mCQu3yCVldoHliDc0=','2023-09-15 19:51:07.310820',0,'is_cutter','','','',0,1,'2023-09-15 19:50:58.845899',0,0,0,0,1);
INSERT INTO "users_user" VALUES(4,'pbkdf2_sha256$390000$cgxhHTZMT0fl2vJJIfVRsL$p9Vur07Zk6fplHMZTRI8Dk9/0RTKkiJZioJW9CamFjE=','2023-09-25 06:52:50.916206',0,'desigener','','','',0,1,'2023-09-17 10:43:43.063410',0,0,0,1,0);
INSERT INTO "users_user" VALUES(5,'pbkdf2_sha256$390000$yAU6spyRmmw8JRK8X25qq8$ShlzqhMVsqtdd3tuPWwJx+zmypI/PIY3VtsNKME+Xnk=','2023-09-17 12:04:27.231396',0,'cutter','','','',0,1,'2023-09-17 12:04:14.558306',0,0,0,0,1);
CREATE UNIQUE INDEX "django_content_type_app_label_model_76bd3d3b_uniq" ON "django_content_type" ("app_label", "model");
CREATE UNIQUE INDEX "auth_group_permissions_group_id_permission_id_0cd325b0_uniq" ON "auth_group_permissions" ("group_id", "permission_id");
CREATE INDEX IF NOT EXISTS "auth_group_permissions_group_id_b120cbf9" ON "auth_group_permissions" ("group_id");
CREATE INDEX IF NOT EXISTS "auth_group_permissions_permission_id_84c5c92e" ON "auth_group_permissions" ("permission_id");
CREATE UNIQUE INDEX "auth_permission_content_type_id_codename_01ab375a_uniq" ON "auth_permission" ("content_type_id", "codename");
CREATE INDEX IF NOT EXISTS "auth_permission_content_type_id_2f476e4b" ON "auth_permission" ("content_type_id");
CREATE UNIQUE INDEX "users_user_groups_user_id_group_id_b88eab82_uniq" ON "users_user_groups" ("user_id", "group_id");
CREATE INDEX IF NOT EXISTS "users_user_groups_user_id_5f6f5a90" ON "users_user_groups" ("user_id");
CREATE INDEX IF NOT EXISTS "users_user_groups_group_id_9afc8d0e" ON "users_user_groups" ("group_id");
CREATE UNIQUE INDEX "users_user_user_permissions_user_id_permission_id_43338c45_uniq" ON "users_user_user_permissions" ("user_id", "permission_id");
CREATE INDEX IF NOT EXISTS "users_user_user_permissions_user_id_20aca447" ON "users_user_user_permissions" ("user_id");
CREATE INDEX IF NOT EXISTS "users_user_user_permissions_permission_id_0b93982e" ON "users_user_user_permissions" ("permission_id");
CREATE INDEX IF NOT EXISTS "django_admin_log_content_type_id_c4bce8eb" ON "django_admin_log" ("content_type_id");
CREATE INDEX IF NOT EXISTS "django_admin_log_user_id_c564eba6" ON "django_admin_log" ("user_id");
CREATE INDEX IF NOT EXISTS "django_session_expire_date_a5c62663" ON "django_session" ("expire_date");
CREATE INDEX IF NOT EXISTS "transactions_request_material_category_id_84a65bcb" ON "transactions_request_material" ("category_id");
CREATE INDEX IF NOT EXISTS "transactions_request_material_customer_name_id_595ce75f" ON "transactions_request_material" ("customer_name_id");
CREATE INDEX IF NOT EXISTS "transactions_request_material_size_id_0af0ed04" ON "transactions_request_material" ("size_id");
CREATE INDEX IF NOT EXISTS "transactions_stock_product_id_a5d05ba3" ON "transactions_stock" ("product_id");
CREATE INDEX IF NOT EXISTS "transactions_left_over_stock_product_id_496e6726" ON "transactions_left_over_stock" ("product_id");
CREATE INDEX IF NOT EXISTS "transactions_scratch_stock_product_id_fc013c5d" ON "transactions_scratch_stock" ("product_id");
CREATE INDEX IF NOT EXISTS "store_product_category_id_574bae65" ON "store_product" ("category_id");
CREATE INDEX IF NOT EXISTS "store_product_size_id_838e791c" ON "store_product" ("size_id");
CREATE INDEX IF NOT EXISTS "store_product_grade_id_e91b7efe" ON "store_product" ("grade_id");
CREATE INDEX IF NOT EXISTS "store_product_thickness_id_15f9ec05" ON "store_product" ("thickness_id");
CREATE INDEX IF NOT EXISTS "transactions_project_material_project_id_90779194" ON "transactions_project_material" ("project_id");
CREATE INDEX IF NOT EXISTS "transactions_project_material_product_id_ab5b686d" ON "transactions_project_material" ("product_id");
CREATE INDEX IF NOT EXISTS "store_product_qr_shelf_product_qr_id_856813f2" ON "store_product_qr_shelf" ("product_qr_id");
CREATE INDEX IF NOT EXISTS "store_product_qr_shelf_shelf_id_fae05d95" ON "store_product_qr_shelf" ("shelf_id");
CREATE INDEX IF NOT EXISTS "transactions_project_employee_name_id_7b0a05fb" ON "transactions_project" ("employee_name_id");
CREATE INDEX IF NOT EXISTS "transactions_project_customer_id_486874c1" ON "transactions_project" ("customer_id");
CREATE INDEX IF NOT EXISTS "transactions_material_history_previous_size_id_acf43c9f" ON "transactions_material_history" ("previous_size_id");
CREATE INDEX IF NOT EXISTS "transactions_material_history_used_size_id_5945fcdb" ON "transactions_material_history" ("used_size_id");
CREATE INDEX IF NOT EXISTS "transactions_material_history_left_size_id_c03bef36" ON "transactions_material_history" ("left_size_id");
CREATE INDEX IF NOT EXISTS "transactions_material_history_product_qr_id_84d50666" ON "transactions_material_history" ("product_qr_id");
CREATE INDEX IF NOT EXISTS "transactions_material_history_project_id_e3029f67" ON "transactions_material_history" ("project_id");
CREATE INDEX IF NOT EXISTS "transactions_project_matarial_qr_project_material_id_20ed3eaa" ON "transactions_project_matarial_qr" ("project_material_id");
CREATE INDEX IF NOT EXISTS "transactions_project_matarial_qr_product_qr_id_ab37a9e8" ON "transactions_project_matarial_qr" ("product_qr_id");
CREATE INDEX IF NOT EXISTS "transactions_project_matarial_qr_cutter_id_07e273ff" ON "transactions_project_matarial_qr" ("cutter_id");
CREATE INDEX IF NOT EXISTS "transactions_project_matarial_production_item_code_id_a555bfd9" ON "transactions_project_matarial_production" ("item_code_id");
CREATE INDEX IF NOT EXISTS "transactions_project_matarial_production_project_matarial_qr_id_1abd37c8" ON "transactions_project_matarial_production" ("project_matarial_qr_id");
CREATE INDEX IF NOT EXISTS "transactions_project_matarial_production_project_id_2cad15c4" ON "transactions_project_matarial_production" ("project_id");
CREATE INDEX IF NOT EXISTS "store_product_qr_product_id_19457833" ON "store_product_qr" ("product_id");
CREATE INDEX IF NOT EXISTS "store_product_qr_supplier_id_3be6e7c2" ON "store_product_qr" ("supplier_id");
CREATE TABLE IF NOT EXISTS "users_user_groups" ("id" integer NOT NULL PRIMARY KEY AUTOINCREMENT, "user_id" integer NOT NULL REFERENCES "users_user" ("id") DEFERRABLE INITIALLY DEFERRED, "group_id" integer NOT NULL REFERENCES "auth_group" ("id") DEFERRABLE INITIALLY DEFERRED);
CREATE UNIQUE INDEX "django_content_type_app_label_model_76bd3d3b_uniq" ON "django_content_type" ("app_label", "model");
CREATE UNIQUE INDEX "auth_group_permissions_group_id_permission_id_0cd325b0_uniq" ON "auth_group_permissions" ("group_id", "permission_id");
CREATE INDEX IF NOT EXISTS "auth_group_permissions_group_id_b120cbf9" ON "auth_group_permissions" ("group_id");
CREATE INDEX IF NOT EXISTS "auth_group_permissions_permission_id_84c5c92e" ON "auth_group_permissions" ("permission_id");
CREATE UNIQUE INDEX "auth_permission_content_type_id_codename_01ab375a_uniq" ON "auth_permission" ("content_type_id", "codename");
CREATE INDEX IF NOT EXISTS "auth_permission_content_type_id_2f476e4b" ON "auth_permission" ("content_type_id");
CREATE UNIQUE INDEX "users_user_groups_user_id_group_id_b88eab82_uniq" ON "users_user_groups" ("user_id", "group_id");
CREATE INDEX IF NOT EXISTS "users_user_groups_user_id_5f6f5a90" ON "users_user_groups" ("user_id");
CREATE INDEX IF NOT EXISTS "users_user_groups_group_id_9afc8d0e" ON "users_user_groups" ("group_id");
CREATE UNIQUE INDEX "users_user_user_permissions_user_id_permission_id_43338c45_uniq" ON "users_user_user_permissions" ("user_id", "permission_id");
CREATE INDEX IF NOT EXISTS "users_user_user_permissions_user_id_20aca447" ON "users_user_user_permissions" ("user_id");
CREATE INDEX IF NOT EXISTS "users_user_user_permissions_permission_id_0b93982e" ON "users_user_user_permissions" ("permission_id");
CREATE INDEX IF NOT EXISTS "django_admin_log_content_type_id_c4bce8eb" ON "django_admin_log" ("content_type_id");
CREATE INDEX IF NOT EXISTS "django_admin_log_user_id_c564eba6" ON "django_admin_log" ("user_id");
CREATE INDEX IF NOT EXISTS "django_session_expire_date_a5c62663" ON "django_session" ("expire_date");
CREATE INDEX IF NOT EXISTS "transactions_request_material_category_id_84a65bcb" ON "transactions_request_material" ("category_id");
CREATE INDEX IF NOT EXISTS "transactions_request_material_customer_name_id_595ce75f" ON "transactions_request_material" ("customer_name_id");
CREATE INDEX IF NOT EXISTS "transactions_request_material_size_id_0af0ed04" ON "transactions_request_material" ("size_id");
CREATE INDEX IF NOT EXISTS "transactions_stock_product_id_a5d05ba3" ON "transactions_stock" ("product_id");
CREATE INDEX IF NOT EXISTS "transactions_left_over_stock_product_id_496e6726" ON "transactions_left_over_stock" ("product_id");
CREATE INDEX IF NOT EXISTS "transactions_scratch_stock_product_id_fc013c5d" ON "transactions_scratch_stock" ("product_id");
CREATE INDEX IF NOT EXISTS "store_product_category_id_574bae65" ON "store_product" ("category_id");
CREATE INDEX IF NOT EXISTS "store_product_size_id_838e791c" ON "store_product" ("size_id");
CREATE INDEX IF NOT EXISTS "store_product_grade_id_e91b7efe" ON "store_product" ("grade_id");
CREATE INDEX IF NOT EXISTS "store_product_thickness_id_15f9ec05" ON "store_product" ("thickness_id");
CREATE INDEX IF NOT EXISTS "transactions_project_material_project_id_90779194" ON "transactions_project_material" ("project_id");
CREATE INDEX IF NOT EXISTS "transactions_project_material_product_id_ab5b686d" ON "transactions_project_material" ("product_id");
CREATE INDEX IF NOT EXISTS "store_product_qr_shelf_product_qr_id_856813f2" ON "store_product_qr_shelf" ("product_qr_id");
CREATE INDEX IF NOT EXISTS "store_product_qr_shelf_shelf_id_fae05d95" ON "store_product_qr_shelf" ("shelf_id");
CREATE INDEX IF NOT EXISTS "transactions_project_employee_name_id_7b0a05fb" ON "transactions_project" ("employee_name_id");
CREATE INDEX IF NOT EXISTS "transactions_project_customer_id_486874c1" ON "transactions_project" ("customer_id");
CREATE INDEX IF NOT EXISTS "transactions_material_history_previous_size_id_acf43c9f" ON "transactions_material_history" ("previous_size_id");
CREATE INDEX IF NOT EXISTS "transactions_material_history_used_size_id_5945fcdb" ON "transactions_material_history" ("used_size_id");
CREATE INDEX IF NOT EXISTS "transactions_material_history_left_size_id_c03bef36" ON "transactions_material_history" ("left_size_id");
CREATE INDEX IF NOT EXISTS "transactions_material_history_product_qr_id_84d50666" ON "transactions_material_history" ("product_qr_id");
CREATE INDEX IF NOT EXISTS "transactions_material_history_project_id_e3029f67" ON "transactions_material_history" ("project_id");
CREATE INDEX IF NOT EXISTS "transactions_project_matarial_qr_project_material_id_20ed3eaa" ON "transactions_project_matarial_qr" ("project_material_id");
CREATE INDEX IF NOT EXISTS "transactions_project_matarial_qr_product_qr_id_ab37a9e8" ON "transactions_project_matarial_qr" ("product_qr_id");
CREATE INDEX IF NOT EXISTS "transactions_project_matarial_qr_cutter_id_07e273ff" ON "transactions_project_matarial_qr" ("cutter_id");
CREATE INDEX IF NOT EXISTS "transactions_project_matarial_production_item_code_id_a555bfd9" ON "transactions_project_matarial_production" ("item_code_id");
CREATE INDEX IF NOT EXISTS "transactions_project_matarial_production_project_matarial_qr_id_1abd37c8" ON "transactions_project_matarial_production" ("project_matarial_qr_id");
CREATE INDEX IF NOT EXISTS "transactions_project_matarial_production_project_id_2cad15c4" ON "transactions_project_matarial_production" ("project_id");
CREATE INDEX IF NOT EXISTS "store_product_qr_product_id_19457833" ON "store_product_qr" ("product_id");
CREATE INDEX IF NOT EXISTS "store_product_qr_supplier_id_3be6e7c2" ON "store_product_qr" ("supplier_id");
CREATE TABLE IF NOT EXISTS "users_user_user_permissions" ("id" integer NOT NULL PRIMARY KEY AUTOINCREMENT, "user_id" integer NOT NULL REFERENCES "users_user" ("id") DEFERRABLE INITIALLY DEFERRED, "permission_id" integer NOT NULL REFERENCES "auth_permission" ("id") DEFERRABLE INITIALLY DEFERRED);
CREATE UNIQUE INDEX "django_content_type_app_label_model_76bd3d3b_uniq" ON "django_content_type" ("app_label", "model");
CREATE UNIQUE INDEX "auth_group_permissions_group_id_permission_id_0cd325b0_uniq" ON "auth_group_permissions" ("group_id", "permission_id");
CREATE INDEX IF NOT EXISTS "auth_group_permissions_group_id_b120cbf9" ON "auth_group_permissions" ("group_id");
CREATE INDEX IF NOT EXISTS "auth_group_permissions_permission_id_84c5c92e" ON "auth_group_permissions" ("permission_id");
CREATE UNIQUE INDEX "auth_permission_content_type_id_codename_01ab375a_uniq" ON "auth_permission" ("content_type_id", "codename");
CREATE INDEX IF NOT EXISTS "auth_permission_content_type_id_2f476e4b" ON "auth_permission" ("content_type_id");
CREATE UNIQUE INDEX "users_user_groups_user_id_group_id_b88eab82_uniq" ON "users_user_groups" ("user_id", "group_id");
CREATE INDEX IF NOT EXISTS "users_user_groups_user_id_5f6f5a90" ON "users_user_groups" ("user_id");
CREATE INDEX IF NOT EXISTS "users_user_groups_group_id_9afc8d0e" ON "users_user_groups" ("group_id");
CREATE UNIQUE INDEX "users_user_user_permissions_user_id_permission_id_43338c45_uniq" ON "users_user_user_permissions" ("user_id", "permission_id");
CREATE INDEX IF NOT EXISTS "users_user_user_permissions_user_id_20aca447" ON "users_user_user_permissions" ("user_id");
CREATE INDEX IF NOT EXISTS "users_user_user_permissions_permission_id_0b93982e" ON "users_user_user_permissions" ("permission_id");
CREATE INDEX IF NOT EXISTS "django_admin_log_content_type_id_c4bce8eb" ON "django_admin_log" ("content_type_id");
CREATE INDEX IF NOT EXISTS "django_admin_log_user_id_c564eba6" ON "django_admin_log" ("user_id");
CREATE INDEX IF NOT EXISTS "django_session_expire_date_a5c62663" ON "django_session" ("expire_date");
CREATE INDEX IF NOT EXISTS "transactions_request_material_category_id_84a65bcb" ON "transactions_request_material" ("category_id");
CREATE INDEX IF NOT EXISTS "transactions_request_material_customer_name_id_595ce75f" ON "transactions_request_material" ("customer_name_id");
CREATE INDEX IF NOT EXISTS "transactions_request_material_size_id_0af0ed04" ON "transactions_request_material" ("size_id");
CREATE INDEX IF NOT EXISTS "transactions_stock_product_id_a5d05ba3" ON "transactions_stock" ("product_id");
CREATE INDEX IF NOT EXISTS "transactions_left_over_stock_product_id_496e6726" ON "transactions_left_over_stock" ("product_id");
CREATE INDEX IF NOT EXISTS "transactions_scratch_stock_product_id_fc013c5d" ON "transactions_scratch_stock" ("product_id");
CREATE INDEX IF NOT EXISTS "store_product_category_id_574bae65" ON "store_product" ("category_id");
CREATE INDEX IF NOT EXISTS "store_product_size_id_838e791c" ON "store_product" ("size_id");
CREATE INDEX IF NOT EXISTS "store_product_grade_id_e91b7efe" ON "store_product" ("grade_id");
CREATE INDEX IF NOT EXISTS "store_product_thickness_id_15f9ec05" ON "store_product" ("thickness_id");
CREATE INDEX IF NOT EXISTS "transactions_project_material_project_id_90779194" ON "transactions_project_material" ("project_id");
CREATE INDEX IF NOT EXISTS "transactions_project_material_product_id_ab5b686d" ON "transactions_project_material" ("product_id");
CREATE INDEX IF NOT EXISTS "store_product_qr_shelf_product_qr_id_856813f2" ON "store_product_qr_shelf" ("product_qr_id");
CREATE INDEX IF NOT EXISTS "store_product_qr_shelf_shelf_id_fae05d95" ON "store_product_qr_shelf" ("shelf_id");
CREATE INDEX IF NOT EXISTS "transactions_project_employee_name_id_7b0a05fb" ON "transactions_project" ("employee_name_id");
CREATE INDEX IF NOT EXISTS "transactions_project_customer_id_486874c1" ON "transactions_project" ("customer_id");
CREATE INDEX IF NOT EXISTS "transactions_material_history_previous_size_id_acf43c9f" ON "transactions_material_history" ("previous_size_id");
CREATE INDEX IF NOT EXISTS "transactions_material_history_used_size_id_5945fcdb" ON "transactions_material_history" ("used_size_id");
CREATE INDEX IF NOT EXISTS "transactions_material_history_left_size_id_c03bef36" ON "transactions_material_history" ("left_size_id");
CREATE INDEX IF NOT EXISTS "transactions_material_history_product_qr_id_84d50666" ON "transactions_material_history" ("product_qr_id");
CREATE INDEX IF NOT EXISTS "transactions_material_history_project_id_e3029f67" ON "transactions_material_history" ("project_id");
CREATE INDEX IF NOT EXISTS "transactions_project_matarial_qr_project_material_id_20ed3eaa" ON "transactions_project_matarial_qr" ("project_material_id");
CREATE INDEX IF NOT EXISTS "transactions_project_matarial_qr_product_qr_id_ab37a9e8" ON "transactions_project_matarial_qr" ("product_qr_id");
CREATE INDEX IF NOT EXISTS "transactions_project_matarial_qr_cutter_id_07e273ff" ON "transactions_project_matarial_qr" ("cutter_id");
CREATE INDEX IF NOT EXISTS "transactions_project_matarial_production_item_code_id_a555bfd9" ON "transactions_project_matarial_production" ("item_code_id");
CREATE INDEX IF NOT EXISTS "transactions_project_matarial_production_project_matarial_qr_id_1abd37c8" ON "transactions_project_matarial_production" ("project_matarial_qr_id");
CREATE INDEX IF NOT EXISTS "transactions_project_matarial_production_project_id_2cad15c4" ON "transactions_project_matarial_production" ("project_id");
CREATE INDEX IF NOT EXISTS "store_product_qr_product_id_19457833" ON "store_product_qr" ("product_id");
CREATE INDEX IF NOT EXISTS "store_product_qr_supplier_id_3be6e7c2" ON "store_product_qr" ("supplier_id");
